model,dim,n_ref,cos_mean,cos_std,svd_mean,svd_std,full_mean,full_std,logreg_mean,logreg_std
all-MiniLM-L6-v2,384,2,0.7018783055555555,0.07012385019426205,0.7031332777777777,0.07111169072323145,,,0.6981806388888888,0.08399139093294221
all-MiniLM-L6-v2,384,3,0.718447625,0.052909024768956765,0.7263583055555556,0.04860393917671741,,,0.7221617222222223,0.07210521733312586
all-MiniLM-L6-v2,384,4,0.7277352500000001,0.04533948293200207,0.7394400833333333,0.043062862918972815,,,0.7412381388888889,0.061231386459989115
all-MiniLM-L6-v2,384,5,0.7320456805555555,0.04515428354027726,0.7524019444444444,0.033353101447528066,,,0.7586299444444444,0.05092301994246298
all-MiniLM-L6-v2,384,7,0.7435098888888889,0.03840758097311663,0.7671880277777778,0.029797221120224645,,,0.7807889444444445,0.04473191512738933
all-MiniLM-L6-v2,384,10,0.7540186388888889,0.027038204730085766,0.7811475833333332,0.02072658831524782,0.7878591388888888,0.031411113214731355,0.8052463888888889,0.029463368981937646
all-MiniLM-L6-v2,384,15,0.75917,0.02040680636687697,0.7871250277777777,0.017553300723827662,0.7954092500000001,0.028965055072991613,0.8206801944444444,0.025180324018548795
all-MiniLM-L6-v2,384,20,0.7608012638888888,0.018228061924298156,0.7902957500000001,0.015675300996525757,0.7966253055555554,0.02588697173155008,0.8306714722222222,0.018597692776803523
all-MiniLM-L6-v2,384,30,0.7628949722222222,0.01726492253292227,0.7934194999999999,0.015272738695454511,0.7970715833333334,0.02262035503711384,0.8423525555555555,0.014213591515839662
all-MiniLM-L6-v2,384,50,0.7673241527777778,0.013347992047144503,0.800063611111111,0.014769491856508247,0.7937751388888888,0.022315101367577004,0.8522686666666667,0.010408771419296307
all-MiniLM-L6-v2,384,75,0.7679112222222223,0.011356200057113576,0.8060583611111112,0.012227940836404539,0.7986435277777778,0.01745309667046711,0.8588201111111111,0.009107924266952927
all-MiniLM-L6-v2,384,100,0.7688085277777778,0.00989802546165144,0.8119482361111112,0.010961311241724052,0.8076874166666667,0.016016695301425136,0.8626317222222223,0.008695694647513436
all-MiniLM-L6-v2,384,150,0.7689114722222221,0.008822201321147718,0.8184563055555556,0.010906687528442881,0.8238067222222222,0.011906997306535244,0.8675663888888888,0.00821648414774947
all-MiniLM-L6-v2,384,200,0.7690529722222221,0.00826271546389897,0.82245475,0.01001074739523067,0.8361138888888888,0.010441960137029133,0.870826611111111,0.007563304547386564
BAAI/bge-base-en-v1.5,768,2,0.7332402222222223,0.04979851903586385,0.7534182361111111,0.057222542566312304,,,0.7127549583333334,0.09334603908978006
BAAI/bge-base-en-v1.5,768,3,0.745296111111111,0.039232802505931794,0.7774539027777777,0.041505795206589514,,,0.7442856805555556,0.07137878014022084
BAAI/bge-base-en-v1.5,768,4,0.750577125,0.034477277701142776,0.7871043194444445,0.03452015002187411,,,0.7624993472222222,0.059734984199922334
BAAI/bge-base-en-v1.5,768,5,0.7523071805555556,0.03462408151826647,0.7986070694444445,0.02641817742394083,,,0.7805644861111111,0.045356613364432946
BAAI/bge-base-en-v1.5,768,7,0.7600175555555556,0.027296413700384603,0.8114028472222222,0.0243739154397656,,,0.8002484861111111,0.042602215107181436
BAAI/bge-base-en-v1.5,768,10,0.7649949305555556,0.021498479031098996,0.8225784861111112,0.01700642797485107,0.811232125,0.02554760796660131,0.8212689027777778,0.02268607020613952
BAAI/bge-base-en-v1.5,768,15,0.76687175,0.018474035302762624,0.824856125,0.0157428116904834,0.8147282916666667,0.026148731624643907,0.833093486111111,0.01764597923973738
BAAI/bge-base-en-v1.5,768,20,0.7660452638888888,0.016944819768127777,0.8210440416666667,0.016565345469636103,0.814340375,0.022817380884301287,0.8399209027777778,0.016381668420962416
BAAI/bge-base-en-v1.5,768,30,0.7675502083333333,0.014945757356900374,0.817961986111111,0.014376138851441641,0.814699375,0.020439599089403678,0.8498250416666667,0.012056946899195287
BAAI/bge-base-en-v1.5,768,50,0.7695024722222221,0.012096310723738606,0.8150372361111111,0.01463346608224905,0.8200693194444445,0.01630371125222859,0.8581382083333334,0.008572550670815653
BAAI/bge-base-en-v1.5,768,75,0.7697023194444444,0.010491206889948031,0.8183031527777778,0.013147297508961639,0.8276709861111111,0.01471399365433613,0.863114625,0.007895944724378032
BAAI/bge-base-en-v1.5,768,100,0.7702201805555555,0.009958624025562074,0.8212992361111111,0.012394510476646147,0.8362790694444445,0.014246708857180924,0.8664561805555556,0.007475556518015555
BAAI/bge-base-en-v1.5,768,150,0.7705451527777778,0.009226348752620765,0.8263695694444445,0.01190875575257951,0.849450763888889,0.011599537802818633,0.8710950694444445,0.007757142686354559
BAAI/bge-base-en-v1.5,768,200,0.7706624583333334,0.00907465314035439,0.8302961249999999,0.009705556521808286,0.8588190416666667,0.009519644752786351,0.8743144583333333,0.007467622969912302
all-mpnet-base-v2,768,2,0.7353688611111111,0.0683602658275624,0.7417980694444445,0.06524407216176752,,,0.7287159027777776,0.09929298998369457
all-mpnet-base-v2,768,3,0.7484911527777779,0.0539973023173366,0.7638334583333334,0.04720106523232875,,,0.7521381805555555,0.07721122182060199
all-mpnet-base-v2,768,4,0.7584410416666667,0.03936028468190147,0.7754135694444444,0.03677153461312062,,,0.7736924027777777,0.0674602508528723
all-mpnet-base-v2,768,5,0.7624462222222221,0.04015514422705153,0.787570125,0.027371899550940427,,,0.790890125,0.05210477567180301
all-mpnet-base-v2,768,7,0.7715828888888889,0.0300725309467672,0.7982057361111111,0.021728506635166768,,,0.8108637916666668,0.04277366338158935
all-mpnet-base-v2,768,10,0.7785415972222222,0.020751807405969217,0.8073830694444445,0.015316315743192073,0.8087234583333333,0.026657487568701132,0.8308477361111111,0.024417932846122804
all-mpnet-base-v2,768,15,0.7813832361111112,0.01680174839802507,0.8096051249999999,0.015165433651587871,0.8102882083333333,0.025772978185962466,0.8419489583333334,0.017790516502115526
all-mpnet-base-v2,768,20,0.7818928333333334,0.015935159133831305,0.8094222916666667,0.014376594025565634,0.8110260416666667,0.02328564719662425,0.8478102916666667,0.014413561846422954
all-mpnet-base-v2,768,30,0.7838315277777778,0.014732475592850406,0.8115445972222223,0.013111365283361561,0.8111709583333334,0.02049370569255636,0.8565623194444444,0.011238206949211517
all-mpnet-base-v2,768,50,0.7864383611111111,0.012225245635352808,0.8174863194444444,0.012631411817761114,0.8115510416666666,0.017235074888039572,0.8631485972222223,0.00871822280448174
all-mpnet-base-v2,768,75,0.7869363194444445,0.010335843115551892,0.8205136666666667,0.010435111348213165,0.8184607361111111,0.013836517952573929,0.867709736111111,0.008265901233579467
all-mpnet-base-v2,768,100,0.7872644583333333,0.009231808732905165,0.8238739861111111,0.008843225698453906,0.826082263888889,0.013203540486343384,0.8705690694444445,0.00793908731943839
all-mpnet-base-v2,768,150,0.7873429027777777,0.008586362677039659,0.8298925138888888,0.009313641786875305,0.839555625,0.011267169029454337,0.8743751527777778,0.007703319275747063
all-mpnet-base-v2,768,200,0.7873581527777778,0.008157869959920664,0.8323387638888888,0.008859297709134475,0.8493982083333332,0.008904190444236147,0.8773208472222223,0.007569505795463314
BAAI/bge-large-en-v1.5,1024,2,0.7328581944444444,0.049620819752588224,0.7574062916666666,0.05607588814096264,,,0.7191784166666666,0.09370052329575841
BAAI/bge-large-en-v1.5,1024,3,0.7439897638888888,0.04078928137571328,0.7807165833333333,0.041773727301839585,,,0.7492555277777778,0.07321300442984711
BAAI/bge-large-en-v1.5,1024,4,0.7490258888888889,0.0350620635066644,0.7898125277777779,0.03406578814309043,,,0.7678754166666667,0.06088274424875128
BAAI/bge-large-en-v1.5,1024,5,0.7511689444444444,0.03396574226698921,0.8015769166666666,0.02837721838256494,,,0.7858699166666666,0.048106356137408164
BAAI/bge-large-en-v1.5,1024,7,0.7591657222222223,0.026781461261206594,0.8161196666666666,0.024937946121002162,,,0.8082916944444445,0.04085183274168982
BAAI/bge-large-en-v1.5,1024,10,0.7629952638888889,0.02151913889162269,0.8265377222222221,0.019280803568612045,0.8176042222222222,0.02793746958035364,0.8269838333333334,0.025142840046344872
BAAI/bge-large-en-v1.5,1024,15,0.7649744722222223,0.01881291743758129,0.83050225,0.01584870947278377,0.821957,0.02606821355914096,0.8411318055555556,0.019494481677810493
BAAI/bge-large-en-v1.5,1024,20,0.7646437222222222,0.017459849187441753,0.8275281944444444,0.017570432547306808,0.8229710833333332,0.0240384550392723,0.8486550833333334,0.01683905102931114
BAAI/bge-large-en-v1.5,1024,30,0.7658715833333334,0.014977982637565961,0.8266533888888888,0.01474733539903877,0.8255890555555555,0.01881360588721926,0.8589906388888889,0.011735618991369023
BAAI/bge-large-en-v1.5,1024,50,0.7677620694444444,0.01156326735167018,0.8239587638888889,0.013078923268761165,0.8283408333333334,0.015226001068537122,0.8669595555555556,0.009234564137343424
BAAI/bge-large-en-v1.5,1024,75,0.7680689305555556,0.010435060131135565,0.8247711805555555,0.012313356503320947,0.8334728888888888,0.013277065487893848,0.8719324722222223,0.0074063995652229484
BAAI/bge-large-en-v1.5,1024,100,0.7683582916666667,0.009856804701101729,0.8244135,0.01204819567294985,0.8404734722222222,0.011279539117039454,0.8749143055555555,0.007047088591211936
BAAI/bge-large-en-v1.5,1024,150,0.7685711527777778,0.009331309036760568,0.8274352500000001,0.011198582543396394,0.8532496111111111,0.0102578292203081,0.8787115277777778,0.00745010303556416
BAAI/bge-large-en-v1.5,1024,200,0.7685196388888889,0.00912585865013403,0.8294560833333334,0.010739678897174218,0.8626368888888889,0.008155890950054185,0.8814813055555555,0.007334909394022869
Qwen/Qwen3-Embedding-8B,4096,2,0.7877145138888889,0.030950638034930054,0.8023420416666667,0.03781203462839682,,,0.7464012083333332,0.10347184109286894
Qwen/Qwen3-Embedding-8B,4096,3,0.7916394861111111,0.027379439455232454,0.8147478194444444,0.03157248815853724,,,0.7690646527777778,0.08882690650434534
Qwen/Qwen3-Embedding-8B,4096,4,0.7925487361111111,0.023717269572076982,0.8199239305555556,0.027022608786158357,,,0.7898905694444445,0.0768438356449391
Qwen/Qwen3-Embedding-8B,4096,5,0.7914909027777778,0.022595961399474764,0.8248510416666668,0.025533225865626275,,,0.804373486111111,0.057328848004378444
Qwen/Qwen3-Embedding-8B,4096,7,0.795580861111111,0.018715482487214632,0.8355695416666667,0.01826160327952393,,,0.8257277083333334,0.03585866977309962
Qwen/Qwen3-Embedding-8B,4096,10,0.7965409999999999,0.015552377251263128,0.8439529305555555,0.016086870528148417,0.838151625,0.02545664631250934,0.8439881527777777,0.021786992920604473
Qwen/Qwen3-Embedding-8B,4096,15,0.7955098194444444,0.014732396334995136,0.8481900972222222,0.013515790234894635,0.8386519305555555,0.02664836474667564,0.8537142916666667,0.01635951778698892
Qwen/Qwen3-Embedding-8B,4096,20,0.7953748888888889,0.013474077421352065,0.8491808472222222,0.012899652895901045,0.8392782638888889,0.02371755569171781,0.8590815694444445,0.012801787430985248
Qwen/Qwen3-Embedding-8B,4096,30,0.7958102916666667,0.012079509600975058,0.8492772361111111,0.01044569328381785,0.8419290972222222,0.021068584944347823,0.8660295416666667,0.010916253359991565
Qwen/Qwen3-Embedding-8B,4096,50,0.7971256805555555,0.011039912254113469,0.8460199305555556,0.010681647304553798,0.8437027916666666,0.016348615075173576,0.8723418194444444,0.009883622636385255
Qwen/Qwen3-Embedding-8B,4096,75,0.7969536805555556,0.01044337441158436,0.8430294305555556,0.009933990985695348,0.8469752083333333,0.013130802894144235,0.8761742083333333,0.008587246263338951
Qwen/Qwen3-Embedding-8B,4096,100,0.7971464305555556,0.00980577669399403,0.8410176527777777,0.009828756647617365,0.8533257638888889,0.010686580639595517,0.8788734583333333,0.007903074455836405
Qwen/Qwen3-Embedding-8B,4096,150,0.7973273333333333,0.009451569205702316,0.8392836527777777,0.009332680203800287,0.8609260416666666,0.009742920182270855,0.8819380972222223,0.007862649840816395
Qwen/Qwen3-Embedding-8B,4096,200,0.7971159861111111,0.009209198686799409,0.8384772638888889,0.008551143535699579,0.8674830694444444,0.008532677287949993,0.884633875,0.007358880418988583
