source,dataset,model,pair,n_seeds,auc_diff_mean,auc_diff_std,wins_m1,ties,losses,p_mean,p_max,frac_p_below_0_05,n_valid_p
E2d,ToxicChat,all-mpnet-base-v2,A3_vs_A1,5,-0.03805266108608656,0.013067012347741278,0,0,5,0.024659454520954676,0.1004687259801486,0.8,
E2d,ToxicChat,all-mpnet-base-v2,B1_vs_A1,5,0.03509409979314474,0.0025407801401865692,5,0,0,2.473356719434605e-09,1.0758067325866705e-08,1.0,
E2d,ToxicChat,all-mpnet-base-v2,B1_vs_C1,5,-0.019271366984360182,0.00242648016382517,0,0,5,3.1020652579982774e-08,6.906997196409749e-08,1.0,
E2d,ToxicChat,all-mpnet-base-v2,B1b_vs_A1b,5,0.00035788853016796,0.0015092383470316916,3,0,2,0.31018830310027484,0.8332246145561311,0.2,
E2d,ToxicChat,all-mpnet-base-v2,B1b_vs_B1,5,0.010766137607052358,0.005564140758479791,5,0,0,0.20334050514888444,0.5143318222902349,0.6,
E2d,ToxicChat,all-mpnet-base-v2,B1b_vs_C1b,5,0.00356970247646292,0.0008394594275423364,5,0,0,0.005548304212063751,0.0169694232841928,1.0,
E2d,ToxicChat,bge-base-en-v1.5,A3_vs_A1,5,-0.03316522319098344,0.029836794210825662,0,0,5,0.2980161322522795,0.6478196746278064,0.4,
E2d,ToxicChat,bge-base-en-v1.5,B1_vs_A1,5,0.06749714849111668,0.006520757568387177,5,0,0,1.1579808822936855e-07,5.722522589124424e-07,1.0,
E2d,ToxicChat,bge-base-en-v1.5,B1_vs_C1,5,-0.01947532236549568,0.00354329758904925,0,0,5,1.4198581115287824e-07,6.926641946680689e-07,1.0,
E2d,ToxicChat,bge-base-en-v1.5,B1b_vs_A1b,5,0.0009612968082432802,0.001496569265730126,4,0,1,0.3587509304363842,0.8112044917460706,0.4,
E2d,ToxicChat,bge-base-en-v1.5,B1b_vs_B1,5,0.0051588145455951995,0.010148659201372088,3,0,2,0.2509438994322626,0.6178145313909378,0.0,
E2d,ToxicChat,bge-base-en-v1.5,B1b_vs_C1b,5,0.00348826531598578,0.001151111800006823,5,0,0,0.013689713715266135,0.0672005814747114,0.8,
E2d,ToxicChat,bge-large-en-v1.5,A3_vs_A1,5,-0.02601518549306936,0.019424429537483124,0,0,5,0.3035229343917086,0.7805627989492059,0.4,
E2d,ToxicChat,bge-large-en-v1.5,B1_vs_A1,5,0.07257271347652085,0.004668208833632453,5,0,0,1.2321592635089473e-09,5.541824998900324e-09,1.0,
E2d,ToxicChat,bge-large-en-v1.5,B1_vs_C1,5,-0.01940838440272968,0.0033278548764959556,0,0,5,1.2118261949467524e-08,5.3576400427246547e-08,1.0,
E2d,ToxicChat,bge-large-en-v1.5,B1b_vs_A1b,5,0.0012742378255069203,0.0012019125929868593,5,0,0,0.37755934012611003,0.7964312200989812,0.4,
E2d,ToxicChat,bge-large-en-v1.5,B1b_vs_B1,5,0.004034401763102401,0.003736738182270177,4,0,1,0.5446888125153356,0.8260085747698551,0.0,
E2d,ToxicChat,bge-large-en-v1.5,B1b_vs_C1b,5,0.00224520076555758,0.0007348750807365477,5,0,0,0.019749814302655398,0.0826825678282439,0.8,
E2d,Wild,all-mpnet-base-v2,A3_vs_A1,5,0.022932187499999902,0.012684882402968837,5,0,0,0.12957686141237512,0.2618773768461104,0.4,
E2d,Wild,all-mpnet-base-v2,B1_vs_A1,5,0.08221000000000003,0.0044514347943686375,5,0,0,0.0,0.0,1.0,
E2d,Wild,all-mpnet-base-v2,B1_vs_C1,5,-0.00978156249999988,0.003273776533755608,0,0,5,0.005700639497772396,0.0267018621381827,1.0,
E2d,Wild,all-mpnet-base-v2,B1b_vs_A1b,5,-0.00210046874999996,0.002528793693915523,1,0,4,0.09789117432824836,0.3000899662214351,0.6,
E2d,Wild,all-mpnet-base-v2,B1b_vs_B1,5,-0.0370828125,0.010856375752073788,0,0,5,0.00021577939156185757,0.0004427100153083,1.0,
E2d,Wild,all-mpnet-base-v2,B1b_vs_C1b,5,0.0088974999999999,0.0021305493515876603,5,0,0,2.029467216502212e-09,9.78490843905888e-09,1.0,
E2d,Wild,bge-base-en-v1.5,A3_vs_A1,5,0.02303265624999992,0.008072547023207416,5,0,0,0.10071571572242802,0.2904550104763981,0.4,
E2d,Wild,bge-base-en-v1.5,B1_vs_A1,5,0.09103031249999989,0.007393482893361821,5,0,0,0.0,0.0,1.0,
E2d,Wild,bge-base-en-v1.5,B1_vs_C1,5,-0.01096281249999994,0.0016229725182275933,0,0,5,5.656012882537809e-06,2.8010320494820107e-05,1.0,
E2d,Wild,bge-base-en-v1.5,B1b_vs_A1b,5,-0.00310109374999988,0.0016523683693497383,0,0,5,0.1743099033431238,0.664287509371513,0.6,
E2d,Wild,bge-base-en-v1.5,B1b_vs_B1,5,-0.030530312499999962,0.011444627131249793,0,0,5,0.015096270359395786,0.0709768851176244,0.8,
E2d,Wild,bge-base-en-v1.5,B1b_vs_C1b,5,0.00846812499999992,0.0013446919845091108,5,0,0,6.991558665347952e-09,3.478234500420285e-08,1.0,
E2d,Wild,bge-large-en-v1.5,A3_vs_A1,5,0.023976718749999938,0.007417644855356412,5,0,0,0.08033421907916824,0.2197940304553798,0.4,
E2d,Wild,bge-large-en-v1.5,B1_vs_A1,5,0.10454499999999997,0.009888920135943943,5,0,0,0.0,0.0,1.0,
E2d,Wild,bge-large-en-v1.5,B1_vs_C1,5,-0.008443124999999939,0.002282976818607003,0,0,5,0.002975491270051567,0.0148672880074594,1.0,
E2d,Wild,bge-large-en-v1.5,B1b_vs_A1b,5,-0.003401249999999959,0.0038725844837132098,1,0,4,0.14539025943112824,0.447395445590022,0.6,
E2d,Wild,bge-large-en-v1.5,B1b_vs_B1,5,-0.03959390624999994,0.013670610861200116,0,0,5,0.002348528134113291,0.0117028714317901,1.0,
E2d,Wild,bge-large-en-v1.5,B1b_vs_C1b,5,0.00781296874999992,0.0024326019748746055,5,0,0,1.1065505935103915e-06,4.357902740892428e-06,1.0,
E2d,XSTest,all-mpnet-base-v2,A3_vs_A1,5,0.02662436321387076,0.003825404701110181,5,0,0,0.3710631590215875,0.4648121702725225,0.0,
E2d,XSTest,all-mpnet-base-v2,B1_vs_A1,5,0.02332648136562688,0.0038824785068409928,5,0,0,0.06457082742268497,0.1145839786848688,0.2,
E2d,XSTest,all-mpnet-base-v2,B1_vs_C1,5,-0.06907677182947532,0.010962625150882206,0,0,5,2.6773165018312284e-08,1.1433220814538458e-07,1.0,
E2d,XSTest,all-mpnet-base-v2,B1b_vs_A1b,5,-0.00028599517383146,0.001317918129194566,2,0,3,0.2818970503692895,0.5398486288221382,0.0,
E2d,XSTest,all-mpnet-base-v2,B1b_vs_B1,5,0.11185986236482257,0.02743866997001184,5,0,0,8.330484420143485e-05,0.0003343374537627,1.0,
E2d,XSTest,all-mpnet-base-v2,B1b_vs_C1b,5,0.00226114934310472,0.0011664011118504025,5,0,0,0.11472235600072118,0.3031968112518128,0.6,
E2d,XSTest,bge-base-en-v1.5,A3_vs_A1,5,-0.06908570917865751,0.013329877287465647,0,0,5,0.03009935950706798,0.0852291421389188,0.8,
E2d,XSTest,bge-base-en-v1.5,B1_vs_A1,5,-0.004388238448476181,0.006902648686390347,2,0,3,0.6194758785814413,0.9712514724718893,0.0,
E2d,XSTest,bge-base-en-v1.5,B1_vs_C1,5,-0.058772008222361206,0.008338623419889972,0,0,5,1.1846012966110209e-07,4.95173920977976e-07,1.0,
E2d,XSTest,bge-base-en-v1.5,B1b_vs_A1b,5,-0.0011886674412368778,0.0013844239483163366,1,0,4,0.5194402748336644,0.999999999999906,0.4,
E2d,XSTest,bge-base-en-v1.5,B1b_vs_B1,5,0.09049959781928678,0.030451441922228997,5,0,0,0.0076117833352138285,0.0373870323516225,1.0,
E2d,XSTest,bge-base-en-v1.5,B1b_vs_C1b,5,0.00323532040396814,0.0009576944115828634,5,0,0,0.014694411741287921,0.0403959543063625,1.0,
E2d,XSTest,bge-large-en-v1.5,A3_vs_A1,5,-0.047913128965948626,0.013668498826162882,0,0,5,0.13136811363280199,0.2908562694371035,0.2,
E2d,XSTest,bge-large-en-v1.5,B1_vs_A1,5,0.00889266243632142,0.009916430942117402,4,0,1,0.43878235844397917,0.8804369089647046,0.2,
E2d,XSTest,bge-large-en-v1.5,B1_vs_C1,5,-0.05481276253463206,0.0077270994784220635,0,0,5,2.885866060786668e-07,7.844707643478444e-07,1.0,
E2d,XSTest,bge-large-en-v1.5,B1b_vs_A1b,5,-0.0005898650460273,0.0007011690773584249,1,0,4,0.47996988727971424,0.8040981008335433,0.0,
E2d,XSTest,bge-large-en-v1.5,B1b_vs_B1,5,0.10637232996693165,0.035527250179177024,5,0,0,0.0003262837403988538,0.0013698954051557,1.0,
E2d,XSTest,bge-large-en-v1.5,B1b_vs_C1b,5,0.0011350433461435,0.00028368165605684647,5,0,0,0.20270519381069602,0.3420440269928486,0.0,
E2q,ToxicChat,Qwen3-Embedding-8B,A3_vs_A1,5,0.0342590668316353,0.026722460895999497,5,0,0,0.20107982398739285,0.5812703928954654,0.4,
E2q,ToxicChat,Qwen3-Embedding-8B,B1_vs_A1,5,0.15459407079474935,0.005539737547118374,5,0,0,0.0,0.0,1.0,
E2q,ToxicChat,Qwen3-Embedding-8B,B1_vs_C1,5,-0.01521424981151038,0.0037956770081999745,0,0,5,0.0037298523547660547,0.0185392899005434,1.0,
E2q,ToxicChat,Qwen3-Embedding-8B,B1b_vs_A1b,5,0.00021893788543699997,0.0009760641037430445,3,0,2,0.34351677044315115,0.7613366488689481,0.0,
E2q,ToxicChat,Qwen3-Embedding-8B,B1b_vs_B1,5,0.0051510816401492,0.002585560310099806,5,0,0,0.37409128428824334,0.9060992987718868,0.0,
E2q,ToxicChat,Qwen3-Embedding-8B,B1b_vs_C1b,5,0.00045285827517538003,0.0005734414109895517,4,0,1,0.22151636039820835,0.4005735491696653,0.4,
E2q,Wild,Qwen3-Embedding-8B,A3_vs_A1,5,0.005146562499999901,0.011102615276546393,3,0,2,0.42260637972544596,0.777190520337504,0.0,
E2q,Wild,Qwen3-Embedding-8B,B1_vs_A1,5,0.0764887499999999,0.004042679020415649,5,0,0,0.0,0.0,1.0,
E2q,Wild,Qwen3-Embedding-8B,B1_vs_C1,5,-0.010002187499999917,0.002904623326684815,0,0,5,3.585383422104788e-05,0.0001761284296037,1.0,
E2q,Wild,Qwen3-Embedding-8B,B1b_vs_A1b,5,-0.00195296874999994,0.002695053452225289,1,0,4,0.04222051448286772,0.0871482762325666,0.6,
E2q,Wild,Qwen3-Embedding-8B,B1b_vs_B1,5,-0.052217187499999915,0.012892444793423111,0,0,5,8.072815899407005e-06,3.999468586890487e-05,1.0,
E2q,Wild,Qwen3-Embedding-8B,B1b_vs_C1b,5,0.00249390625000002,0.0015391723866228038,5,0,0,0.02578393111212205,0.0730683404495406,0.8,
E2q,XSTest,Qwen3-Embedding-8B,A3_vs_A1,5,-0.006005898650460259,0.017662082300449723,2,0,3,0.6859960626468388,0.9753210303490898,0.0,
E2q,XSTest,Qwen3-Embedding-8B,B1_vs_A1,5,0.04452587362588256,0.016533510218057546,5,0,0,0.03752358487596314,0.0771666435023756,0.4,
E2q,XSTest,Qwen3-Embedding-8B,B1_vs_C1,5,-0.10245777102511382,0.03292367689528638,0,0,5,0.00011070369259121734,0.0005109996763965,1.0,
E2q,XSTest,Qwen3-Embedding-8B,B1b_vs_A1b,5,3.574939672893644e-05,0.0003622108165011369,4,0,1,0.5165297713153196,0.907752757390348,0.0,
E2q,XSTest,Qwen3-Embedding-8B,B1b_vs_B1,5,0.11116274912860831,0.03657842314534497,5,0,0,2.9655315932641813e-05,8.510663621885683e-05,1.0,
E2q,XSTest,Qwen3-Embedding-8B,B1b_vs_C1b,5,0.00042005541156485995,8.117750524885604e-05,5,0,0,0.2266735280948189,0.4221902193459512,0.0,
E8,ToxicChat,all-mpnet-base-v2,B1b_vs_B1,5,0.010766137607052358,0.005564140758479791,5,0,0,0.20334050514888444,0.5143318222902349,0.6,
E8,ToxicChat,all-mpnet-base-v2,B1w_vs_B1,5,0.01714385137355734,0.002927171785633936,5,0,0,0.00366332464457848,0.0098114612386766,1.0,
E8,ToxicChat,all-mpnet-base-v2,B1w_vs_B1b,5,0.00637771376650494,0.004036210193131801,5,0,0,0.033875628100996764,0.1449173389758753,0.8,
E8,ToxicChat,bge-base-en-v1.5,B1b_vs_B1,5,0.0051588145455951995,0.010148659201372088,3,0,2,0.2509438994322626,0.6178145313909378,0.0,
E8,ToxicChat,bge-base-en-v1.5,B1w_vs_B1,5,0.014342848029075723,0.008631229332762266,5,0,0,0.1862455331539255,0.5147245591507799,0.6,
E8,ToxicChat,bge-base-en-v1.5,B1w_vs_B1b,5,0.00918403348348054,0.002456660104269116,5,0,0,4.1435492952945904e-05,7.817882851668401e-05,1.0,
E8,ToxicChat,bge-large-en-v1.5,B1b_vs_B1,5,0.004034401763102401,0.003736738182270177,4,0,1,0.5446888125153356,0.8260085747698551,0.0,
E8,ToxicChat,bge-large-en-v1.5,B1w_vs_B1,5,0.01218440079648916,0.005168714261082435,5,0,0,0.1380435755418768,0.5368068692700807,0.6,
E8,ToxicChat,bge-large-en-v1.5,B1w_vs_B1b,5,0.008149999033386781,0.0019379011184189599,5,0,0,4.278834249296517e-05,0.0001556608279202,1.0,
E8,Wild,all-mpnet-base-v2,B1b_vs_B1,5,-0.0370828125,0.010856375752073788,0,0,5,0.00021577939156185757,0.0004427100153083,1.0,
E8,Wild,all-mpnet-base-v2,B1w_vs_B1,5,-0.019280312500000042,0.009465404688933908,0,0,5,0.05973692749932449,0.2041199982345243,0.6,
E8,Wild,all-mpnet-base-v2,B1w_vs_B1b,5,0.0178024999999999,0.0037584807828975712,5,0,0,3.237121681820554e-11,1.6185452977879322e-10,1.0,
E8,Wild,bge-base-en-v1.5,B1b_vs_B1,5,-0.030530312499999962,0.011444627131249793,0,0,5,0.015096270359395786,0.0709768851176244,0.8,
E8,Wild,bge-base-en-v1.5,B1w_vs_B1,5,-0.013286874999999958,0.010283288786146165,1,0,4,0.2531215201974031,0.9016198114106462,0.4,
E8,Wild,bge-base-en-v1.5,B1w_vs_B1b,5,0.0172434375,0.0015783346666103548,5,0,0,4.884981308350689e-16,2.220446049250313e-15,1.0,
E8,Wild,bge-large-en-v1.5,B1b_vs_B1,5,-0.03959390624999994,0.013670610861200116,0,0,5,0.002348528134113291,0.0117028714317901,1.0,
E8,Wild,bge-large-en-v1.5,B1w_vs_B1,5,-0.02404499999999998,0.011542714868718228,0,0,5,0.08214635237310242,0.4038485665925333,0.8,
E8,Wild,bge-large-en-v1.5,B1w_vs_B1b,5,0.015548906249999921,0.0024765903857855162,5,0,0,2.6321167467813213e-13,1.049382802875698e-12,1.0,
E8,XSTest,all-mpnet-base-v2,B1b_vs_B1,5,0.11185986236482257,0.02743866997001184,5,0,0,8.330484420143485e-05,0.0003343374537627,1.0,
E8,XSTest,all-mpnet-base-v2,B1w_vs_B1,5,0.1147376888015014,0.026035420112875015,5,0,0,2.3441352577879827e-05,8.503846566965123e-05,1.0,
E8,XSTest,all-mpnet-base-v2,B1w_vs_B1b,5,0.0028778264366788,0.002105642122741717,5,0,0,0.3617116842390201,0.8262541470422957,0.2,
E8,XSTest,bge-base-en-v1.5,B1b_vs_B1,5,0.09049959781928678,0.030451441922228997,5,0,0,0.0076117833352138285,0.0373870323516225,1.0,
E8,XSTest,bge-base-en-v1.5,B1w_vs_B1,5,0.09571900974171058,0.03202535747632422,5,0,0,0.003173680643073254,0.0155805076501593,1.0,
E8,XSTest,bge-base-en-v1.5,B1w_vs_B1b,5,0.005219411922423761,0.0032408521405179794,5,0,0,0.15350388123701517,0.5833279557253956,0.6,
E8,XSTest,bge-large-en-v1.5,B1b_vs_B1,5,0.10637232996693165,0.035527250179177024,5,0,0,0.0003262837403988538,0.0013698954051557,1.0,
E8,XSTest,bge-large-en-v1.5,B1w_vs_B1,5,0.10683707212440777,0.03514037102375104,5,0,0,0.0002643001293592544,0.0010349574984915,1.0,
E8,XSTest,bge-large-en-v1.5,B1w_vs_B1b,5,0.00046474215747612,0.001391975996166225,2,0,3,0.5996351629839347,0.8068347453903322,0.0,
E8q,ToxicChat,Qwen3-Embedding-8B,B1b_vs_B1,5,0.0051510816401492,0.002585560310099806,5,0,0,0.37409128428824334,0.9060992987718868,0.0,
E8q,ToxicChat,Qwen3-Embedding-8B,B1w_vs_B1,5,0.008829044792854679,0.0016259508227880776,5,0,0,0.09641786749335671,0.25034323397308,0.4,
E8q,ToxicChat,Qwen3-Embedding-8B,B1w_vs_B1b,5,0.00367796315270546,0.0011178355516122183,5,0,0,0.005312347306961971,0.0134395036967251,1.0,
E8q,Wild,Qwen3-Embedding-8B,B1b_vs_B1,5,-0.052217187499999915,0.012892444793423111,0,0,5,8.072815899407005e-06,3.999468586890487e-05,1.0,
E8q,Wild,Qwen3-Embedding-8B,B1w_vs_B1,5,-0.03558953124999998,0.009727727600274188,0,0,5,0.000625442154044671,0.0029900614206275,1.0,
E8q,Wild,Qwen3-Embedding-8B,B1w_vs_B1b,5,0.01662765624999992,0.004128228443359967,5,0,0,4.71724881379032e-12,2.304911816963795e-11,1.0,
E8q,XSTest,Qwen3-Embedding-8B,B1b_vs_B1,5,0.11116274912860831,0.03657842314534497,5,0,0,2.9655315932641813e-05,8.510663621885683e-05,1.0,
E8q,XSTest,Qwen3-Embedding-8B,B1w_vs_B1,5,0.11004558048082924,0.03649869954811383,5,0,0,3.810739568863555e-05,0.0001109264380581,1.0,
E8q,XSTest,Qwen3-Embedding-8B,B1w_vs_B1b,5,-0.00111716864777902,0.00030959885737222054,0,0,5,0.29463731881065336,0.5378481961382802,0.0,
E12,AdvBench,Qwen3-Embedding-8B,A3_vs_A1,5,-0.020724999999999917,0.009736604379543722,0,0,5,0.0009663618555226766,0.0029614437580454,1.0,
E12,AdvBench,Qwen3-Embedding-8B,B1_vs_A1,5,0.0033343749999999797,0.0003243081578530255,5,0,0,0.04509488170266832,0.0704703824539669,0.4,
E12,AdvBench,Qwen3-Embedding-8B,B1_vs_C1,5,-1.2499999999993072e-05,5.344572305153711e-05,3,0,2,0.4076640155686098,0.4795001221879809,0.0,
E12,AdvBench,Qwen3-Embedding-8B,B1b_vs_A1b,5,-9.375000000000355e-06,2.3696485762649792e-05,1,2,2,,,0.0,
E12,AdvBench,Qwen3-Embedding-8B,B1b_vs_B1,10,-2.1875000000007284e-05,6.038073644245776e-05,2,4,4,0.6474365651479113,1.0,0.0,
E12,AdvBench,Qwen3-Embedding-8B,B1b_vs_C1b,5,0.0,0.0,0,5,0,,,0.0,
E12,AdvBench,Qwen3-Embedding-8B,B1w_vs_B1,5,-1.5625000000006926e-05,7.245014449605664e-05,2,2,1,,,0.0,
E12,AdvBench,Qwen3-Embedding-8B,B1w_vs_B1b,5,6.250000000007638e-06,1.7815241017171462e-05,2,2,1,,,0.0,
E12,AdvBench,all-mpnet-base-v2,A3_vs_A1,5,-0.01778749999999992,0.010718240922677666,0,0,5,0.0030116426603682177,0.0068420852204691,1.0,
E12,AdvBench,all-mpnet-base-v2,B1_vs_A1,5,0.00366874999999992,0.0007408623037548475,5,0,0,0.0081223041577192,0.022186757917475,1.0,
E12,AdvBench,all-mpnet-base-v2,B1_vs_C1,5,-0.0008062500000000399,0.0003051078830717285,0,0,5,0.11184676162976222,0.3800175356055,0.6,
E12,AdvBench,all-mpnet-base-v2,B1b_vs_A1b,5,3.7499999999987284e-05,0.00011191252862163835,2,1,2,0.6815562661191492,1.0,0.0,
E12,AdvBench,all-mpnet-base-v2,B1b_vs_B1,10,0.0006687500000000277,0.0006917796092526334,8,0,2,0.4103808175815402,0.9623428689947792,0.0,
E12,AdvBench,all-mpnet-base-v2,B1b_vs_C1b,5,9.374999999994507e-05,0.0001620034480728637,3,0,2,0.4622805826432275,0.9100062951154247,0.0,
E12,AdvBench,all-mpnet-base-v2,B1w_vs_B1,5,0.00096874999999998,0.0004955859852235462,5,0,0,0.2078851719701995,0.4637827578215721,0.0,
E12,AdvBench,all-mpnet-base-v2,B1w_vs_B1b,5,0.0002999999999999324,0.00026201592270319823,4,0,1,0.34813971723846837,0.8516933831744791,0.0,
E12,AdvBench,bge-base-en-v1.5,A3_vs_A1,5,-0.02600312499999994,0.010613627875504541,0,0,5,0.000270853756839975,0.0008020652713507,1.0,
E12,AdvBench,bge-base-en-v1.5,B1_vs_A1,5,0.00652187500000002,0.0016207350883356922,5,0,0,0.0051836545550471595,0.0126490311663924,1.0,
E12,AdvBench,bge-base-en-v1.5,B1_vs_C1,5,-0.00163749999999998,0.0006212190321758721,0,0,5,0.02001067663561888,0.029627217184929,1.0,
E12,AdvBench,bge-base-en-v1.5,B1b_vs_A1b,5,0.0002281249999999531,0.0001807374217614398,5,0,0,0.19021485470619154,0.3705523877851044,0.2,
E12,AdvBench,bge-base-en-v1.5,B1b_vs_B1,10,0.0021343749999999,0.0006943003322690116,10,0,0,0.04627747133726282,0.0965767043768246,0.6,
E12,AdvBench,bge-base-en-v1.5,B1b_vs_C1b,5,-3.125000000000728e-05,0.00010481568644530856,2,0,3,0.3023697845305222,0.4225329179050987,0.0,
E12,AdvBench,bge-base-en-v1.5,B1w_vs_B1,5,0.00227812499999992,0.0008030854805452163,5,0,0,0.03221548254218928,0.0539018021969199,0.8,
E12,AdvBench,bge-base-en-v1.5,B1w_vs_B1b,5,0.00014374999999996257,0.00011288994917610765,5,0,0,0.41595120281867254,0.7896338038843933,0.0,
E12,AdvBench,bge-large-en-v1.5,A3_vs_A1,5,-0.035506250000000024,0.012649354796107685,0,0,5,1.9431446128814756e-05,8.083376639334006e-05,1.0,
E12,AdvBench,bge-large-en-v1.5,B1_vs_A1,5,0.0026781249999999596,0.0007429354783559843,5,0,0,0.02920279142051444,0.065681667368425,0.8,
E12,AdvBench,bge-large-en-v1.5,B1_vs_C1,5,-0.00062187499999992,0.00020503905877904585,0,0,5,0.0722457715559294,0.096639720525423,0.2,
E12,AdvBench,bge-large-en-v1.5,B1b_vs_A1b,5,8.7499999999948e-05,9.795267511653909e-05,3,1,1,0.5233907100948388,1.0,0.0,
E12,AdvBench,bge-large-en-v1.5,B1b_vs_B1,10,0.00033437499999989996,0.00029103353901802136,8,0,2,0.40207923749271757,0.8023302126937093,0.0,
E12,AdvBench,bge-large-en-v1.5,B1b_vs_C1b,5,5.312499999995015e-05,0.0001373756540020657,2,1,2,0.6571254526715481,1.0,0.0,
E12,AdvBench,bge-large-en-v1.5,B1w_vs_B1,5,0.0005968749999998799,0.00023212461295067557,5,0,0,0.18727393702719597,0.4042991215313143,0.2,
E12,AdvBench,bge-large-en-v1.5,B1w_vs_B1b,5,0.00026249999999994,0.00010089927681854703,5,0,0,0.21985819809616788,0.3341912536789677,0.0,
E12,HarmBench,Qwen3-Embedding-8B,A3_vs_A1,5,0.05444499999999995,0.022052532450945395,5,0,0,0.04719764600263349,0.2065715316349132,0.8,
E12,HarmBench,Qwen3-Embedding-8B,B1_vs_A1,5,0.15719999999999992,0.01031114385022339,5,0,0,7.549516567451064e-16,1.7763568394002505e-15,1.0,
E12,HarmBench,Qwen3-Embedding-8B,B1_vs_C1,5,-0.00012000000000000834,0.00013851895177194204,0,1,4,0.4971872303767172,1.0,0.0,
E12,HarmBench,Qwen3-Embedding-8B,B1b_vs_A1b,5,3.499999999998504e-05,4.873397172402807e-05,2,3,0,,,0.0,
E12,HarmBench,Qwen3-Embedding-8B,B1b_vs_B1,10,-4.499999999998221e-05,0.00021819970465399661,6,2,2,0.6098042324402125,1.0,0.0,
E12,HarmBench,Qwen3-Embedding-8B,B1b_vs_C1b,5,-1.500000000000945e-05,3.7914377220293836e-05,1,2,2,,,0.0,
E12,HarmBench,Qwen3-Embedding-8B,B1w_vs_B1,5,4.999999999994495e-06,0.00020031225624009836,4,0,1,0.4599657234765681,0.737609163657442,0.0,
E12,HarmBench,Qwen3-Embedding-8B,B1w_vs_B1b,5,4.999999999997229e-05,3.952847075204773e-05,4,1,0,,,0.0,
E12,HarmBench,all-mpnet-base-v2,A3_vs_A1,5,0.00240000000000002,0.009261462492500766,3,0,2,0.5936899220454599,0.9505050343519112,0.0,
E12,HarmBench,all-mpnet-base-v2,B1_vs_A1,5,0.04568999999999995,0.0031803399975473792,5,0,0,8.597143357658154e-07,2.055726391780865e-06,1.0,
E12,HarmBench,all-mpnet-base-v2,B1_vs_C1,5,-0.006604999999999979,0.0014566013524639362,0,0,5,0.005361639773707119,0.0087651661336338,1.0,
E12,HarmBench,all-mpnet-base-v2,B1b_vs_A1b,5,7.999999999998614e-05,0.0002189463404580953,3,0,2,0.47559574802122884,0.7574738946183519,0.0,
E12,HarmBench,all-mpnet-base-v2,B1b_vs_B1,10,0.00674499999999988,0.002079489787851185,10,0,0,0.03318702953050928,0.0619108977127296,0.8,
E12,HarmBench,all-mpnet-base-v2,B1b_vs_C1b,5,0.0001649999999999178,5.18411033832914e-05,5,0,0,0.42595609822390557,0.6229102949432246,0.0,
E12,HarmBench,all-mpnet-base-v2,B1w_vs_B1,5,0.007289999999999938,0.002136264262679046,5,0,0,0.016626778107554783,0.0266235841153987,1.0,
E12,HarmBench,all-mpnet-base-v2,B1w_vs_B1b,5,0.000545,0.0002034084560681383,5,0,0,0.15242533899259136,0.3341912536790334,0.0,
E12,HarmBench,bge-base-en-v1.5,A3_vs_A1,5,0.030554999999999936,0.013894360366709988,5,0,0,0.1661716892791413,0.3913245108420284,0.6,
E12,HarmBench,bge-base-en-v1.5,B1_vs_A1,5,0.09811499999999994,0.006652222373011932,5,0,0,6.227591775598284e-11,1.2851608666153425e-10,1.0,
E12,HarmBench,bge-base-en-v1.5,B1_vs_C1,5,-0.00627499999999994,0.00041907636535596634,0,0,5,0.00166585089536554,0.0034347158805803,1.0,
E12,HarmBench,bge-base-en-v1.5,B1b_vs_A1b,5,-0.00012999999999996833,0.00021894634045804365,1,0,4,0.42063219408060004,0.8315489568861596,0.0,
E12,HarmBench,bge-base-en-v1.5,B1b_vs_B1,10,0.007424999999999959,0.001727072024490554,10,0,0,0.03922857807710527,0.0858094474706752,0.6,
E12,HarmBench,bge-base-en-v1.5,B1b_vs_C1b,5,0.0005849999999999822,0.0005212964607590517,5,0,0,0.2891581293262651,0.9999999999996274,0.6,
E12,HarmBench,bge-base-en-v1.5,B1w_vs_B1,5,0.00825499999999994,0.0016353898617760278,5,0,0,0.018680378205258776,0.0473659239307491,1.0,
E12,HarmBench,bge-base-en-v1.5,B1w_vs_B1b,5,0.0008299999999999599,0.0003497320402822895,5,0,0,0.13182055688418556,0.4319729269383867,0.6,
E12,HarmBench,bge-large-en-v1.5,A3_vs_A1,5,0.0009575000000000002,0.006627261406493569,2,0,3,0.7563059035803997,0.9736987310296544,0.0,
E12,HarmBench,bge-large-en-v1.5,B1_vs_A1,5,0.06488749999999997,0.006928755750493766,5,0,0,5.5079460414830807e-08,1.0679495154874985e-07,1.0,
E12,HarmBench,bge-large-en-v1.5,B1_vs_C1,5,-0.0062499999999999,0.0013973188612481774,0,0,5,0.0032450861635620796,0.006219977270927,1.0,
E12,HarmBench,bge-large-en-v1.5,B1b_vs_A1b,5,0.00014500000000001388,0.0002387467277261987,4,0,1,0.5996994318449858,0.8600097460765466,0.0,
E12,HarmBench,bge-large-en-v1.5,B1b_vs_B1,10,0.00741499999999998,0.002075692655476691,10,0,0,0.021905333967361263,0.040773023468313,1.0,
E12,HarmBench,bge-large-en-v1.5,B1b_vs_C1b,5,4.5000000000024404e-05,0.00011096170510584118,2,0,3,0.5371159848220486,0.8030110245289721,0.0,
E12,HarmBench,bge-large-en-v1.5,B1w_vs_B1,5,0.00780999999999996,0.0021475713026579365,5,0,0,0.013857467614292901,0.0269942219359766,1.0,
E12,HarmBench,bge-large-en-v1.5,B1w_vs_B1b,5,0.00039499999999995994,0.00013157697366939628,5,0,0,0.18982588524787009,0.3605046643830984,0.0,
E12sigmaW,AdvBench,Qwen3-Embedding-8B,B1b_vs_B1,10,-2.1875000000007284e-05,6.038073644245776e-05,2,4,4,0.6474365651479113,1.0,0.0,
E12sigmaW,AdvBench,Qwen3-Embedding-8B,B1w_vs_B1,5,-1.5625000000006926e-05,7.245014449605664e-05,2,2,1,,,0.0,
E12sigmaW,AdvBench,Qwen3-Embedding-8B,B1w_vs_B1b,5,6.250000000007638e-06,1.7815241017171462e-05,2,2,1,,,0.0,
E12sigmaW,AdvBench,all-mpnet-base-v2,B1b_vs_B1,10,0.0006687500000000277,0.0006917796092526334,8,0,2,0.4103808175815402,0.9623428689947792,0.0,
E12sigmaW,AdvBench,all-mpnet-base-v2,B1w_vs_B1,5,0.00096874999999998,0.0004955859852235462,5,0,0,0.2078851719701995,0.4637827578215721,0.0,
E12sigmaW,AdvBench,all-mpnet-base-v2,B1w_vs_B1b,5,0.0002999999999999324,0.00026201592270319823,4,0,1,0.34813971723846837,0.8516933831744791,0.0,
E12sigmaW,AdvBench,bge-base-en-v1.5,B1b_vs_B1,10,0.0021343749999999,0.0006943003322690116,10,0,0,0.04627747133726282,0.0965767043768246,0.6,
E12sigmaW,AdvBench,bge-base-en-v1.5,B1w_vs_B1,5,0.00227812499999992,0.0008030854805452163,5,0,0,0.03221548254218928,0.0539018021969199,0.8,
E12sigmaW,AdvBench,bge-base-en-v1.5,B1w_vs_B1b,5,0.00014374999999996257,0.00011288994917610765,5,0,0,0.41595120281867254,0.7896338038843933,0.0,
E12sigmaW,AdvBench,bge-large-en-v1.5,B1b_vs_B1,10,0.00033437499999989996,0.00029103353901802136,8,0,2,0.40207923749271757,0.8023302126937093,0.0,
E12sigmaW,AdvBench,bge-large-en-v1.5,B1w_vs_B1,5,0.0005968749999998799,0.00023212461295067557,5,0,0,0.18727393702719597,0.4042991215313143,0.2,
E12sigmaW,AdvBench,bge-large-en-v1.5,B1w_vs_B1b,5,0.00026249999999994,0.00010089927681854703,5,0,0,0.21985819809616788,0.3341912536789677,0.0,
E12sigmaW,HarmBench,Qwen3-Embedding-8B,B1b_vs_B1,10,-4.499999999998221e-05,0.00021819970465399661,6,2,2,0.6098042324402125,1.0,0.0,
E12sigmaW,HarmBench,Qwen3-Embedding-8B,B1w_vs_B1,5,4.999999999994495e-06,0.00020031225624009836,4,0,1,0.4599657234765681,0.737609163657442,0.0,
E12sigmaW,HarmBench,Qwen3-Embedding-8B,B1w_vs_B1b,5,4.999999999997229e-05,3.952847075204773e-05,4,1,0,,,0.0,
E12sigmaW,HarmBench,all-mpnet-base-v2,B1b_vs_B1,10,0.00674499999999988,0.002079489787851185,10,0,0,0.03318702953050928,0.0619108977127296,0.8,
E12sigmaW,HarmBench,all-mpnet-base-v2,B1w_vs_B1,5,0.007289999999999938,0.002136264262679046,5,0,0,0.016626778107554783,0.0266235841153987,1.0,
E12sigmaW,HarmBench,all-mpnet-base-v2,B1w_vs_B1b,5,0.000545,0.0002034084560681383,5,0,0,0.15242533899259136,0.3341912536790334,0.0,
E12sigmaW,HarmBench,bge-base-en-v1.5,B1b_vs_B1,10,0.007424999999999959,0.001727072024490554,10,0,0,0.03922857807710527,0.0858094474706752,0.6,
E12sigmaW,HarmBench,bge-base-en-v1.5,B1w_vs_B1,5,0.00825499999999994,0.0016353898617760278,5,0,0,0.018680378205258776,0.0473659239307491,1.0,
E12sigmaW,HarmBench,bge-base-en-v1.5,B1w_vs_B1b,5,0.0008299999999999599,0.0003497320402822895,5,0,0,0.13182055688418556,0.4319729269383867,0.6,
E12sigmaW,HarmBench,bge-large-en-v1.5,B1b_vs_B1,10,0.00741499999999998,0.002075692655476691,10,0,0,0.021905333967361263,0.040773023468313,1.0,
E12sigmaW,HarmBench,bge-large-en-v1.5,B1w_vs_B1,5,0.00780999999999996,0.0021475713026579365,5,0,0,0.013857467614292901,0.0269942219359766,1.0,
E12sigmaW,HarmBench,bge-large-en-v1.5,B1w_vs_B1b,5,0.00039499999999995994,0.00013157697366939628,5,0,0,0.18982588524787009,0.3605046643830984,0.0,
E16,AdvBench_BB_Mixed,Qwen3-Embedding-8B,A3_vs_A1,5,-0.01036874999999994,0.004689522350202265,0,0,5,0.015604822213044756,0.0424920654416915,1.0,
E16,AdvBench_BB_Mixed,Qwen3-Embedding-8B,B1_vs_A1,5,0.0022515624999999997,0.0008683902132682448,5,0,0,0.1886545058817881,0.2376972457406672,0.0,
E16,AdvBench_BB_Mixed,Qwen3-Embedding-8B,B1_vs_C1,5,-0.00010312499999999851,0.00010443649947162579,0,0,5,0.3227038381944564,0.4139721430372354,0.0,
E16,AdvBench_BB_Mixed,Qwen3-Embedding-8B,B1b_vs_A1b,5,1.5624999999852562e-06,3.4938562148104533e-06,1,4,0,,,0.0,
E16,AdvBench_BB_Mixed,Qwen3-Embedding-8B,B1b_vs_B1,10,0.00010468749999997852,0.00010120798167911131,10,0,0,0.32288678916328195,0.4139721430372354,0.0,
E16,AdvBench_BB_Mixed,Qwen3-Embedding-8B,B1b_vs_C1b,5,0.0,0.0,0,5,0,,,0.0,
E16,AdvBench_BB_Mixed,Qwen3-Embedding-8B,B1w_vs_B1,5,0.00010468749999997852,0.0001073472752332552,5,0,0,0.32288678916328195,0.4139721430372354,0.0,
E16,AdvBench_BB_Mixed,Qwen3-Embedding-8B,B1w_vs_B1b,5,0.0,0.0,0,5,0,,,0.0,
E16,AdvBench_BB_Mixed,all-mpnet-base-v2,A3_vs_A1,5,-0.031254687499999975,0.011406438087062258,0,0,5,7.579975778160276e-07,2.43958240475628e-06,1.0,
E16,AdvBench_BB_Mixed,all-mpnet-base-v2,B1_vs_A1,5,0.0002156250000000315,0.0002769087698084837,4,0,1,0.5954771714606888,0.8987663785564506,0.0,
E16,AdvBench_BB_Mixed,all-mpnet-base-v2,B1_vs_C1,5,-0.00095,0.0002278117498272954,0,0,5,0.024056769309845037,0.0500306325655119,0.8,
E16,AdvBench_BB_Mixed,all-mpnet-base-v2,B1b_vs_A1b,5,0.00017656249999998833,0.0001066341859319532,5,0,0,0.20248142945199743,0.3490997788527388,0.0,
E16,AdvBench_BB_Mixed,all-mpnet-base-v2,B1b_vs_B1,10,0.0009124999999999585,0.0004551380094420921,10,0,0,0.21521264255049188,0.8621760126781226,0.4,
E16,AdvBench_BB_Mixed,all-mpnet-base-v2,B1b_vs_C1b,5,-1.406250000000782e-05,8.403432380946693e-05,1,0,4,0.5477349363121207,0.8384518932154787,0.0,
E16,AdvBench_BB_Mixed,all-mpnet-base-v2,B1w_vs_B1,5,0.00101874999999994,0.00039746357684936653,5,0,0,0.06832394451185557,0.2130624969199983,0.8,
E16,AdvBench_BB_Mixed,all-mpnet-base-v2,B1w_vs_B1b,5,0.00010624999999999289,0.00013605867444093386,4,0,1,0.3993140212811157,0.5137664278165588,0.0,
E16,AdvBench_BB_Mixed,bge-base-en-v1.5,A3_vs_A1,5,-0.030553124999999903,0.006284777266774795,0,0,5,2.0195888783547393e-08,6.559460330457513e-08,1.0,
E16,AdvBench_BB_Mixed,bge-base-en-v1.5,B1_vs_A1,5,-0.00012187500000002257,0.0006446993152091836,2,0,3,0.5450075994661301,0.9454039447216304,0.0,
E16,AdvBench_BB_Mixed,bge-base-en-v1.5,B1_vs_C1,5,-0.0023531249999999403,0.0004107844890989953,0,0,5,0.00563946642398042,0.0101719560252204,1.0,
E16,AdvBench_BB_Mixed,bge-base-en-v1.5,B1b_vs_A1b,5,9.218749999996632e-05,7.274440216866734e-05,4,0,1,0.21059970509389467,0.5272187192283935,0.0,
E16,AdvBench_BB_Mixed,bge-base-en-v1.5,B1b_vs_B1,10,0.0026390625,0.00048095792904770065,10,0,0,0.009232228299359022,0.0168762577053505,1.0,
E16,AdvBench_BB_Mixed,bge-base-en-v1.5,B1b_vs_C1b,5,-1.5625000000074607e-06,3.639317093389597e-05,3,0,2,0.3602392161826654,0.6172954798948036,0.0,
E16,AdvBench_BB_Mixed,bge-base-en-v1.5,B1w_vs_B1,5,0.0026984375000000003,0.0005268545184334134,5,0,0,0.00866924816465902,0.0154545684345392,1.0,
E16,AdvBench_BB_Mixed,bge-base-en-v1.5,B1w_vs_B1b,5,5.9375000000015274e-05,5.429546985590902e-05,4,1,0,0.460480446091978,1.0,0.0,
E16,AdvBench_BB_Mixed,bge-large-en-v1.5,A3_vs_A1,5,-0.031868749999999925,0.010852453110951107,0,0,5,1.445759387763701e-07,7.055429964708537e-07,1.0,
E16,AdvBench_BB_Mixed,bge-large-en-v1.5,B1_vs_A1,5,-0.0002656249999999605,0.0004605400829121222,1,0,4,0.49925098202061535,0.9136009860844316,0.0,
E16,AdvBench_BB_Mixed,bge-large-en-v1.5,B1_vs_C1,5,-0.0014640624999999797,0.0004254980422802942,0,0,5,0.018119922286721702,0.0263643351444196,1.0,
E16,AdvBench_BB_Mixed,bge-large-en-v1.5,B1b_vs_A1b,5,4.6874999999993604e-05,6.1017575592983096e-05,4,0,1,0.3223290436220738,0.4150114834201379,0.0,
E16,AdvBench_BB_Mixed,bge-large-en-v1.5,B1b_vs_B1,10,0.0015828124999999796,0.0005606789581367028,10,0,0,0.03853383377534782,0.0597504597314018,0.8,
E16,AdvBench_BB_Mixed,bge-large-en-v1.5,B1b_vs_C1b,5,7.8125000000151e-06,2.8704957923249012e-05,3,0,2,0.4392514415663952,0.6172954798998074,0.0,
E16,AdvBench_BB_Mixed,bge-large-en-v1.5,B1w_vs_B1,5,0.00166562499999996,0.0005839915603654966,5,0,0,0.0301363321028346,0.0445714015354981,1.0,
E16,AdvBench_BB_Mixed,bge-large-en-v1.5,B1w_vs_B1b,5,8.281249999995377e-05,4.5754845201035255e-05,5,0,0,0.2814248902183051,0.342236537997739,0.0,
E16,AdvBench_BB_Safe,Qwen3-Embedding-8B,A3_vs_A1,5,-0.0010699999999999698,0.002183919614549135,2,0,3,0.5801699924075361,0.9729443200407996,0.0,
E16,AdvBench_BB_Safe,Qwen3-Embedding-8B,B1_vs_A1,5,0.0030474999999999604,0.00041357223333716216,5,0,0,0.10482581674509836,0.137080016970694,0.0,
E16,AdvBench_BB_Safe,Qwen3-Embedding-8B,B1_vs_C1,5,0.0,0.0,0,5,0,,,0.0,
E16,AdvBench_BB_Safe,Qwen3-Embedding-8B,B1b_vs_A1b,5,0.0,0.0,0,5,0,,,0.0,
E16,AdvBench_BB_Safe,Qwen3-Embedding-8B,B1b_vs_B1,10,0.0,0.0,0,10,0,,,0.0,
E16,AdvBench_BB_Safe,Qwen3-Embedding-8B,B1b_vs_C1b,5,0.0,0.0,0,5,0,,,0.0,
E16,AdvBench_BB_Safe,Qwen3-Embedding-8B,B1w_vs_B1,5,0.0,0.0,0,5,0,,,0.0,
E16,AdvBench_BB_Safe,Qwen3-Embedding-8B,B1w_vs_B1b,5,0.0,0.0,0,5,0,,,0.0,
E16,AdvBench_BB_Safe,all-mpnet-base-v2,A3_vs_A1,5,-0.008869374999999919,0.007328292708635323,0,0,5,0.0008596465034508263,0.0027572854401738,1.0,
E16,AdvBench_BB_Safe,all-mpnet-base-v2,B1_vs_A1,5,0.00029937499999993923,0.00020787005781859507,5,0,0,0.2126143220399927,0.3101258072042154,0.0,
E16,AdvBench_BB_Safe,all-mpnet-base-v2,B1_vs_C1,5,0.0,0.0,0,5,0,,,0.0,
E16,AdvBench_BB_Safe,all-mpnet-base-v2,B1b_vs_A1b,5,0.0,0.0,0,5,0,,,0.0,
E16,AdvBench_BB_Safe,all-mpnet-base-v2,B1b_vs_B1,10,0.0,0.0,0,10,0,,,0.0,
E16,AdvBench_BB_Safe,all-mpnet-base-v2,B1b_vs_C1b,5,0.0,0.0,0,5,0,,,0.0,
E16,AdvBench_BB_Safe,all-mpnet-base-v2,B1w_vs_B1,5,0.0,0.0,0,5,0,,,0.0,
E16,AdvBench_BB_Safe,all-mpnet-base-v2,B1w_vs_B1b,5,0.0,0.0,0,5,0,,,0.0,
E16,AdvBench_BB_Safe,bge-base-en-v1.5,A3_vs_A1,5,-0.006447499999999979,0.004004734380821921,0,0,5,0.007673020412204528,0.0331491169828861,1.0,
E16,AdvBench_BB_Safe,bge-base-en-v1.5,B1_vs_A1,5,0.0005012499999999389,0.0003629886254243474,5,0,0,0.22398829501317605,0.2798325231765224,0.0,
E16,AdvBench_BB_Safe,bge-base-en-v1.5,B1_vs_C1,5,0.0,0.0,0,5,0,,,0.0,
E16,AdvBench_BB_Safe,bge-base-en-v1.5,B1b_vs_A1b,5,0.0,0.0,0,5,0,,,0.0,
E16,AdvBench_BB_Safe,bge-base-en-v1.5,B1b_vs_B1,10,0.0,0.0,0,10,0,,,0.0,
E16,AdvBench_BB_Safe,bge-base-en-v1.5,B1b_vs_C1b,5,0.0,0.0,0,5,0,,,0.0,
E16,AdvBench_BB_Safe,bge-base-en-v1.5,B1w_vs_B1,5,0.0,0.0,0,5,0,,,0.0,
E16,AdvBench_BB_Safe,bge-base-en-v1.5,B1w_vs_B1b,5,0.0,0.0,0,5,0,,,0.0,
E16,AdvBench_BB_Safe,bge-large-en-v1.5,A3_vs_A1,5,-0.00577750000000004,0.0033695423175392615,0,0,5,0.007981862359690867,0.0249405206919364,1.0,
E16,AdvBench_BB_Safe,bge-large-en-v1.5,B1_vs_A1,5,0.00047312499999992006,0.00014105143676152915,5,0,0,0.11085086151615883,0.1912330841515581,0.0,
E16,AdvBench_BB_Safe,bge-large-en-v1.5,B1_vs_C1,5,0.0,0.0,0,5,0,,,0.0,
E16,AdvBench_BB_Safe,bge-large-en-v1.5,B1b_vs_A1b,5,0.0,0.0,0,5,0,,,0.0,
E16,AdvBench_BB_Safe,bge-large-en-v1.5,B1b_vs_B1,10,0.0,0.0,0,10,0,,,0.0,
E16,AdvBench_BB_Safe,bge-large-en-v1.5,B1b_vs_C1b,5,0.0,0.0,0,5,0,,,0.0,
E16,AdvBench_BB_Safe,bge-large-en-v1.5,B1w_vs_B1,5,0.0,0.0,0,5,0,,,0.0,
E16,AdvBench_BB_Safe,bge-large-en-v1.5,B1w_vs_B1b,5,0.0,0.0,0,5,0,,,0.0,
E16,HarmBench_BB_Mixed,Qwen3-Embedding-8B,A3_vs_A1,5,0.16862249999999995,0.022312416666511053,5,0,0,3.41632411249293e-10,1.482393541252236e-09,1.0,
E16,HarmBench_BB_Mixed,Qwen3-Embedding-8B,B1_vs_A1,5,0.23312499999999997,0.01960205465952483,5,0,0,0.0,0.0,1.0,
E16,HarmBench_BB_Mixed,Qwen3-Embedding-8B,B1_vs_C1,5,-0.0015049999999999799,0.0005081061650875001,0,0,5,0.03953164425555368,0.0726564416056363,0.8,
E16,HarmBench_BB_Mixed,Qwen3-Embedding-8B,B1b_vs_A1b,5,4.999999999988346e-06,1.1180339887472889e-05,1,4,0,,,0.0,
E16,HarmBench_BB_Mixed,Qwen3-Embedding-8B,B1b_vs_B1,10,0.00150999999999996,0.00048163494705239537,10,0,0,0.03985018923828486,0.0726564416056363,0.8,
E16,HarmBench_BB_Mixed,Qwen3-Embedding-8B,B1b_vs_C1b,5,0.0,0.0,0,5,0,,,0.0,
E16,HarmBench_BB_Mixed,Qwen3-Embedding-8B,B1w_vs_B1,5,0.00150999999999996,0.0005108510056757588,5,0,0,0.03985018923828486,0.0726564416056363,0.8,
E16,HarmBench_BB_Mixed,Qwen3-Embedding-8B,B1w_vs_B1b,5,0.0,0.0,0,5,0,,,0.0,
E16,HarmBench_BB_Mixed,all-mpnet-base-v2,A3_vs_A1,5,-0.04122749999999996,0.01588908922027943,0,0,5,0.00017366611945127965,0.0005499616056614,1.0,
E16,HarmBench_BB_Mixed,all-mpnet-base-v2,B1_vs_A1,5,0.00358249999999996,0.0014422909293897571,5,0,0,0.23686796865897292,0.6171474666789183,0.0,
E16,HarmBench_BB_Mixed,all-mpnet-base-v2,B1_vs_C1,5,-0.01114249999999994,0.0016438949555856325,0,0,5,0.00012241855125453261,0.0003800156160349,1.0,
E16,HarmBench_BB_Mixed,all-mpnet-base-v2,B1b_vs_A1b,5,8.500000000001197e-05,0.00015647483823285613,4,0,1,0.3921434407460832,0.533177989213141,0.0,
E16,HarmBench_BB_Mixed,all-mpnet-base-v2,B1b_vs_B1,10,0.01170249999999992,0.0023773292671492225,10,0,0,0.0007803496961364205,0.0033238562506188,1.0,
E16,HarmBench_BB_Mixed,all-mpnet-base-v2,B1b_vs_C1b,5,7.249999999998584e-05,6.274950198998877e-05,5,0,0,0.5906793961212916,0.8938836497916984,0.0,
E16,HarmBench_BB_Mixed,all-mpnet-base-v2,B1w_vs_B1,5,0.01189999999999998,0.0023531893251500574,5,0,0,0.00044531094757556606,0.0017329123884031,1.0,
E16,HarmBench_BB_Mixed,all-mpnet-base-v2,B1w_vs_B1b,5,0.00019749999999998225,0.00017862320677885414,5,0,0,0.35344069081693424,0.999999999998492,0.0,
E16,HarmBench_BB_Mixed,bge-base-en-v1.5,A3_vs_A1,5,-0.03098749999999994,0.015746946628632505,0,0,5,0.052370850649339086,0.1190172101519131,0.6,
E16,HarmBench_BB_Mixed,bge-base-en-v1.5,B1_vs_A1,5,0.02305249999999996,0.0021793491000755513,5,0,0,0.0070184398512949,0.015306399740055,1.0,
E16,HarmBench_BB_Mixed,bge-base-en-v1.5,B1_vs_C1,5,-0.01669749999999996,0.0038567756935035447,0,0,5,1.9756333614218135e-05,5.605055804647208e-05,1.0,
E16,HarmBench_BB_Mixed,bge-base-en-v1.5,B1b_vs_A1b,5,0.0001824999999999589,0.00011374313166079739,5,0,0,0.28191598900275894,0.605817546032293,0.0,
E16,HarmBench_BB_Mixed,bge-base-en-v1.5,B1b_vs_B1,10,0.018084999999999917,0.004153691463960484,10,0,0,5.458817218218256e-05,0.0001374166700227,1.0,
E16,HarmBench_BB_Mixed,bge-base-en-v1.5,B1b_vs_C1b,5,1.2499999999970868e-05,3.644344934276483e-05,3,0,2,0.7576201021097921,0.927391581990806,0.0,
E16,HarmBench_BB_Mixed,bge-base-en-v1.5,B1w_vs_B1,5,0.018479999999999962,0.004532586871754362,5,0,0,4.218361614038961e-05,0.0001027679090968,1.0,
E16,HarmBench_BB_Mixed,bge-base-en-v1.5,B1w_vs_B1b,5,0.00039499999999998,0.0002043663989015373,5,0,0,0.08746418708728576,0.161780313081377,0.2,
E16,HarmBench_BB_Mixed,bge-large-en-v1.5,A3_vs_A1,5,-0.05248749999999992,0.014363555226683955,0,0,5,1.1793263064507898e-05,5.294248176457295e-05,1.0,
E16,HarmBench_BB_Mixed,bge-large-en-v1.5,B1_vs_A1,5,0.012362499999999981,0.0016897438785212515,5,0,0,0.0040844450292375,0.0121225789050016,1.0,
E16,HarmBench_BB_Mixed,bge-large-en-v1.5,B1_vs_C1,5,-0.00874499999999996,0.001957669213631314,0,0,5,0.00016697566951516752,0.0004061318078674,1.0,
E16,HarmBench_BB_Mixed,bge-large-en-v1.5,B1b_vs_A1b,5,8.749999999995922e-05,4.145780987940481e-05,5,0,0,0.39630081122007166,0.7319999011100535,0.0,
E16,HarmBench_BB_Mixed,bge-large-en-v1.5,B1b_vs_B1,10,0.010644999999999983,0.0026601822201579106,10,0,0,0.00048026121424654,0.0011375224337906,1.0,
E16,HarmBench_BB_Mixed,bge-large-en-v1.5,B1b_vs_C1b,5,1.7500000000003627e-05,4.8088460154183174e-05,2,2,1,0.6630276115320155,1.0,0.0,
E16,HarmBench_BB_Mixed,bge-large-en-v1.5,B1w_vs_B1,5,0.010764999999999941,0.0028269821585924014,5,0,0,0.00042771375355834,0.0010349201351063,1.0,
E16,HarmBench_BB_Mixed,bge-large-en-v1.5,B1w_vs_B1b,5,0.00011999999999997638,0.00012393294557938575,4,0,1,0.21917377347072842,0.3812861845387485,0.0,
E16,HarmBench_BB_Safe,Qwen3-Embedding-8B,A3_vs_A1,5,0.20059249999999995,0.015549235109805187,5,0,0,0.0,0.0,1.0,
E16,HarmBench_BB_Safe,Qwen3-Embedding-8B,B1_vs_A1,5,0.25929299999999994,0.013390753619568985,5,0,0,0.0,0.0,1.0,
E16,HarmBench_BB_Safe,Qwen3-Embedding-8B,B1_vs_C1,5,0.0,0.0,0,5,0,,,0.0,
E16,HarmBench_BB_Safe,Qwen3-Embedding-8B,B1b_vs_A1b,5,0.0,0.0,0,5,0,,,0.0,
E16,HarmBench_BB_Safe,Qwen3-Embedding-8B,B1b_vs_B1,10,0.0,0.0,0,10,0,,,0.0,
E16,HarmBench_BB_Safe,Qwen3-Embedding-8B,B1b_vs_C1b,5,0.0,0.0,0,5,0,,,0.0,
E16,HarmBench_BB_Safe,Qwen3-Embedding-8B,B1w_vs_B1,5,0.0,0.0,0,5,0,,,0.0,
E16,HarmBench_BB_Safe,Qwen3-Embedding-8B,B1w_vs_B1b,5,0.0,0.0,0,5,0,,,0.0,
E16,HarmBench_BB_Safe,all-mpnet-base-v2,A3_vs_A1,5,-0.04046799999999996,0.010753932768991935,0,0,5,8.0781030797894e-06,4.0197224257410014e-05,1.0,
E16,HarmBench_BB_Safe,all-mpnet-base-v2,B1_vs_A1,5,0.006737999999999959,0.0022418061914447475,5,0,0,0.0038932774358060806,0.0116992846472254,1.0,
E16,HarmBench_BB_Safe,all-mpnet-base-v2,B1_vs_C1,5,0.0,0.0,0,5,0,,,0.0,
E16,HarmBench_BB_Safe,all-mpnet-base-v2,B1b_vs_A1b,5,0.0,0.0,0,5,0,,,0.0,
E16,HarmBench_BB_Safe,all-mpnet-base-v2,B1b_vs_B1,10,0.0,0.0,0,10,0,,,0.0,
E16,HarmBench_BB_Safe,all-mpnet-base-v2,B1b_vs_C1b,5,0.0,0.0,0,5,0,,,0.0,
E16,HarmBench_BB_Safe,all-mpnet-base-v2,B1w_vs_B1,5,0.0,0.0,0,5,0,,,0.0,
E16,HarmBench_BB_Safe,all-mpnet-base-v2,B1w_vs_B1b,5,0.0,0.0,0,5,0,,,0.0,
E16,HarmBench_BB_Safe,bge-base-en-v1.5,A3_vs_A1,5,-0.037441999999999996,0.016181584672089466,0,0,5,0.04944499170145428,0.2468114463155597,0.8,
E16,HarmBench_BB_Safe,bge-base-en-v1.5,B1_vs_A1,5,0.020264999999999922,0.005433894781830091,5,0,0,0.00862777232792966,0.0288576637215547,1.0,
E16,HarmBench_BB_Safe,bge-base-en-v1.5,B1_vs_C1,5,0.0,0.0,0,5,0,,,0.0,
E16,HarmBench_BB_Safe,bge-base-en-v1.5,B1b_vs_A1b,5,0.0,0.0,0,5,0,,,0.0,
E16,HarmBench_BB_Safe,bge-base-en-v1.5,B1b_vs_B1,10,0.0,0.0,0,10,0,,,0.0,
E16,HarmBench_BB_Safe,bge-base-en-v1.5,B1b_vs_C1b,5,0.0,0.0,0,5,0,,,0.0,
E16,HarmBench_BB_Safe,bge-base-en-v1.5,B1w_vs_B1,5,0.0,0.0,0,5,0,,,0.0,
E16,HarmBench_BB_Safe,bge-base-en-v1.5,B1w_vs_B1b,5,0.0,0.0,0,5,0,,,0.0,
E16,HarmBench_BB_Safe,bge-large-en-v1.5,A3_vs_A1,5,-0.015369000000000039,0.010804638702890496,1,0,4,0.21225976507556482,0.9097092975917118,0.6,
E16,HarmBench_BB_Safe,bge-large-en-v1.5,B1_vs_A1,5,0.018025999999999938,0.0034815431205142467,5,0,0,8.448541787817693e-05,0.0001494126667804,1.0,
E16,HarmBench_BB_Safe,bge-large-en-v1.5,B1_vs_C1,5,0.0,0.0,0,5,0,,,0.0,
E16,HarmBench_BB_Safe,bge-large-en-v1.5,B1b_vs_A1b,5,0.0,0.0,0,5,0,,,0.0,
E16,HarmBench_BB_Safe,bge-large-en-v1.5,B1b_vs_B1,10,0.0,0.0,0,10,0,,,0.0,
E16,HarmBench_BB_Safe,bge-large-en-v1.5,B1b_vs_C1b,5,0.0,0.0,0,5,0,,,0.0,
E16,HarmBench_BB_Safe,bge-large-en-v1.5,B1w_vs_B1,5,0.0,0.0,0,5,0,,,0.0,
E16,HarmBench_BB_Safe,bge-large-en-v1.5,B1w_vs_B1b,5,0.0,0.0,0,5,0,,,0.0,
E13,AdvBench->AdvBench,Qwen3-Embedding-8B,B1w_vs_A1,5,0.003075000000000028,0.0019685813419820725,5,0,0,0.09755963293886293,0.1531278809607625,0.0,5.0
E13,AdvBench->AdvBench,all-mpnet-base-v2,B1w_vs_A1,5,0.0047149999999999805,0.0009553467956715706,5,0,0,0.01667665353676852,0.0306264545394485,1.0,5.0
E13,AdvBench->AdvBench,bge-base-en-v1.5,B1w_vs_A1,5,0.008929999999999971,0.0013881642554107356,5,0,0,0.005082766627806679,0.0112204206597619,1.0,5.0
E13,AdvBench->AdvBench,bge-large-en-v1.5,B1w_vs_A1,5,0.003444999999999987,0.0008651950647108423,5,0,0,0.028104108494981,0.0448899259428263,1.0,5.0
E13,AdvBench->HarmBench,Qwen3-Embedding-8B,B1w_vs_A1,5,0.16643000000000008,0.007601303342190783,5,0,0,3.9470648971473563e-13,1.728617249341369e-12,1.0,5.0
E13,AdvBench->HarmBench,all-mpnet-base-v2,B1w_vs_A1,5,0.09039500000000004,0.0196237531451045,5,0,0,8.598411766147507e-07,2.553166415397712e-06,1.0,5.0
E13,AdvBench->HarmBench,bge-base-en-v1.5,B1w_vs_A1,5,0.10044499999999998,0.018769418278145964,5,0,0,3.301488125728724e-06,1.6472677910828182e-05,1.0,5.0
E13,AdvBench->HarmBench,bge-large-en-v1.5,B1w_vs_A1,5,0.05175000000000003,0.032873864048815434,5,0,0,0.07685031000356171,0.1942121721573151,0.6,5.0
E13,AdvBench->ToxicChat,Qwen3-Embedding-8B,B1w_vs_A1,5,0.19138999999999998,0.029878930703758442,5,0,0,4.597355118818314e-09,2.2467911531265372e-08,1.0,5.0
E13,AdvBench->ToxicChat,all-mpnet-base-v2,B1w_vs_A1,5,-0.08406500000000001,0.05693383660003944,0,0,5,0.16390382678993168,0.7496991374618385,0.6,5.0
E13,AdvBench->ToxicChat,bge-base-en-v1.5,B1w_vs_A1,5,0.027814999999999968,0.035967818080890036,4,0,1,0.5320525672229992,0.9508908614712384,0.2,5.0
E13,AdvBench->ToxicChat,bge-large-en-v1.5,B1w_vs_A1,5,0.06074999999999997,0.04046403109552981,5,0,0,0.10791220442091046,0.2140103018648624,0.4,5.0
E13,AdvBench->Wild,Qwen3-Embedding-8B,B1w_vs_A1,5,0.019545000000000014,0.026144781087723782,4,0,1,0.44645687838016485,0.743310168233889,0.2,5.0
E13,AdvBench->Wild,all-mpnet-base-v2,B1w_vs_A1,5,0.13336,0.030857366421974564,5,0,0,0.0013856833020772733,0.0069000200365629,1.0,5.0
E13,AdvBench->Wild,bge-base-en-v1.5,B1w_vs_A1,5,0.09339249999999999,0.02652091097134486,5,0,0,0.03161593838899962,0.0794720287423838,0.6,5.0
E13,AdvBench->Wild,bge-large-en-v1.5,B1w_vs_A1,5,0.08854499999999998,0.03785605714413477,5,0,0,0.06381523111144805,0.2745076578765628,0.8,5.0
E13,AdvBench->XSTest,Qwen3-Embedding-8B,B1w_vs_A1,5,0.04756499999999997,0.010668507979094381,5,0,0,0.026403376486264462,0.0711543990279754,0.8,5.0
E13,AdvBench->XSTest,all-mpnet-base-v2,B1w_vs_A1,5,0.0046549999999999205,0.015487771385838523,2,0,3,0.40884048012667995,0.6871764813365753,0.0,5.0
E13,AdvBench->XSTest,bge-base-en-v1.5,B1w_vs_A1,5,-0.042825,0.009812826427691504,0,0,5,0.05225862530963719,0.1470476136148053,0.6,5.0
E13,AdvBench->XSTest,bge-large-en-v1.5,B1w_vs_A1,5,-0.039590000000000035,0.012289433978015523,0,0,5,0.07490376835071236,0.1699465270905606,0.4,5.0
E13,HarmBench->AdvBench,Qwen3-Embedding-8B,B1w_vs_A1,5,0.027250000000000017,0.006681948630452101,5,0,0,0.00021872679961279805,0.0005297058953035,1.0,5.0
E13,HarmBench->AdvBench,all-mpnet-base-v2,B1w_vs_A1,5,0.024665000000000003,0.005455919949926001,5,0,0,0.001792585527046827,0.0045266672817938,1.0,5.0
E13,HarmBench->AdvBench,bge-base-en-v1.5,B1w_vs_A1,5,0.06965999999999999,0.014873052393506874,5,0,0,5.556383280591603e-07,2.5913380046205248e-06,1.0,5.0
E13,HarmBench->AdvBench,bge-large-en-v1.5,B1w_vs_A1,5,0.04579499999999994,0.012390803040965478,5,0,0,5.435885859942928e-05,0.000154808026429,1.0,5.0
E13,HarmBench->HarmBench,Qwen3-Embedding-8B,B1w_vs_A1,5,0.15720499999999998,0.010115248390425203,5,0,0,7.105427357601002e-16,1.5543122344752196e-15,1.0,5.0
E13,HarmBench->HarmBench,all-mpnet-base-v2,B1w_vs_A1,5,0.05298000000000003,0.0020972005149722684,5,0,0,3.432330357266977e-07,7.53671818953805e-07,1.0,5.0
E13,HarmBench->HarmBench,bge-base-en-v1.5,B1w_vs_A1,5,0.10636999999999996,0.007457198703266563,5,0,0,2.8705304799814257e-11,6.590528123240347e-11,1.0,5.0
E13,HarmBench->HarmBench,bge-large-en-v1.5,B1w_vs_A1,5,0.0726975,0.008182128008654014,5,0,0,2.0254591825974445e-08,4.3557071505162526e-08,1.0,5.0
E13,HarmBench->ToxicChat,Qwen3-Embedding-8B,B1w_vs_A1,5,0.20237,0.03194145719124281,5,0,0,9.304466259685286e-08,3.379956745597213e-07,1.0,5.0
E13,HarmBench->ToxicChat,all-mpnet-base-v2,B1w_vs_A1,5,-0.03748500000000003,0.0246726037336961,0,0,5,0.27661320465511424,0.6136815719421509,0.4,5.0
E13,HarmBench->ToxicChat,bge-base-en-v1.5,B1w_vs_A1,5,0.022130000000000004,0.02312611078413313,4,0,1,0.45313572951889025,0.7398713607712502,0.0,5.0
E13,HarmBench->ToxicChat,bge-large-en-v1.5,B1w_vs_A1,5,0.048614999999999985,0.021198147029870298,5,0,0,0.14897280916293432,0.5985013995010582,0.6,5.0
E13,HarmBench->Wild,Qwen3-Embedding-8B,B1w_vs_A1,5,-0.03966000000000003,0.06328920314220268,2,0,3,0.20995004193215064,0.7915827479011475,0.4,5.0
E13,HarmBench->Wild,all-mpnet-base-v2,B1w_vs_A1,5,0.06961999999999999,0.02301429854460055,5,0,0,0.05709250032414488,0.1032102680012228,0.4,5.0
E13,HarmBench->Wild,bge-base-en-v1.5,B1w_vs_A1,5,0.07406749999999995,0.04251165244671161,5,0,0,0.16812825168246687,0.7292586984132308,0.6,5.0
E13,HarmBench->Wild,bge-large-en-v1.5,B1w_vs_A1,5,0.05181749999999998,0.04026913520303112,4,0,1,0.1964169044180955,0.7796185738519574,0.6,5.0
E13,HarmBench->XSTest,Qwen3-Embedding-8B,B1w_vs_A1,5,0.06085499999999999,0.010025395877470327,5,0,0,0.015639468682619218,0.0282472999420502,1.0,5.0
E13,HarmBench->XSTest,all-mpnet-base-v2,B1w_vs_A1,5,0.05830499999999996,0.01160366860092102,5,0,0,0.005628994628540119,0.0174237573514135,1.0,5.0
E13,HarmBench->XSTest,bge-base-en-v1.5,B1w_vs_A1,5,-0.04033499999999997,0.02794232117237214,0,0,5,0.27402706221634143,0.7530269859135954,0.2,5.0
E13,HarmBench->XSTest,bge-large-en-v1.5,B1w_vs_A1,5,-0.05247500000000001,0.028838835578088067,0,0,5,0.15818896359402154,0.3377907570390435,0.4,5.0
E13,ToxicChat->AdvBench,Qwen3-Embedding-8B,B1w_vs_A1,5,0.14176000000000002,0.014627741196097268,5,0,0,8.529177364380304e-13,2.408961918831665e-12,1.0,5.0
E13,ToxicChat->AdvBench,all-mpnet-base-v2,B1w_vs_A1,5,0.116205,0.03265350000382807,5,0,0,2.9267133557270166e-05,0.0001463355346,1.0,5.0
E13,ToxicChat->AdvBench,bge-base-en-v1.5,B1w_vs_A1,5,0.22334,0.030612781235947913,5,0,0,1.3322676295501878e-16,4.440892098500626e-16,1.0,5.0
E13,ToxicChat->AdvBench,bge-large-en-v1.5,B1w_vs_A1,5,0.13921499999999995,0.04042397416756543,5,0,0,6.523693390877766e-05,0.0003261846536526,1.0,5.0
E13,ToxicChat->HarmBench,Qwen3-Embedding-8B,B1w_vs_A1,5,0.24728999999999993,0.014196573090010128,5,0,0,2.1277646311546047e-12,1.0638823155773023e-11,1.0,5.0
E13,ToxicChat->HarmBench,all-mpnet-base-v2,B1w_vs_A1,5,0.11694999999999996,0.03885877877005396,5,0,0,0.002625662221955709,0.0130312928335651,1.0,5.0
E13,ToxicChat->HarmBench,bge-base-en-v1.5,B1w_vs_A1,5,0.13781500000000002,0.0343868188772966,5,0,0,0.0004418752408648312,0.0012521029157286,1.0,5.0
E13,ToxicChat->HarmBench,bge-large-en-v1.5,B1w_vs_A1,5,0.09188499999999997,0.0280100015619421,5,0,0,0.011746708389253482,0.04791049256162,1.0,5.0
E13,ToxicChat->ToxicChat,Qwen3-Embedding-8B,B1w_vs_A1,5,0.17178260869565218,0.005047608293058266,5,0,0,3.819167204710538e-15,1.1102230246251564e-14,1.0,5.0
E13,ToxicChat->ToxicChat,all-mpnet-base-v2,B1w_vs_A1,5,0.052086956521739135,0.007452724941261052,5,0,0,2.072982656633471e-05,6.285897183055944e-05,1.0,5.0
E13,ToxicChat->ToxicChat,bge-base-en-v1.5,B1w_vs_A1,5,0.0865706521739131,0.014169969776900179,5,0,0,1.6728484607320126e-06,4.759405278331741e-06,1.0,5.0
E13,ToxicChat->ToxicChat,bge-large-en-v1.5,B1w_vs_A1,5,0.08440760869565204,0.00706747455583351,5,0,0,3.81159585760571e-07,9.364795652277992e-07,1.0,5.0
E13,ToxicChat->Wild,Qwen3-Embedding-8B,B1w_vs_A1,5,0.038919999999999975,0.031830745749982056,4,0,1,0.2544910941281899,0.837035092757157,0.6,5.0
E13,ToxicChat->Wild,all-mpnet-base-v2,B1w_vs_A1,5,0.08828999999999994,0.014986166537844233,5,0,0,0.0003769464697422275,0.0015624521550201,1.0,5.0
E13,ToxicChat->Wild,bge-base-en-v1.5,B1w_vs_A1,5,0.10121249999999997,0.026517765271606146,5,0,0,0.0035601148037716504,0.0177318843712455,1.0,5.0
E13,ToxicChat->Wild,bge-large-en-v1.5,B1w_vs_A1,5,0.1075625,0.0317847177311677,5,0,0,0.006068440187047263,0.0303362780425882,1.0,5.0
E13,ToxicChat->XSTest,Qwen3-Embedding-8B,B1w_vs_A1,5,0.03507500000000004,0.016637617392523445,5,0,0,0.23707200341403686,0.5231234070557305,0.2,5.0
E13,ToxicChat->XSTest,all-mpnet-base-v2,B1w_vs_A1,5,0.045695,0.007275717318587971,5,0,0,0.029644193367132442,0.0514458807178752,0.8,5.0
E13,ToxicChat->XSTest,bge-base-en-v1.5,B1w_vs_A1,5,-0.048860000000000084,0.024611859438083843,0,0,5,0.16638348760555738,0.6826563110262711,0.6,5.0
E13,ToxicChat->XSTest,bge-large-en-v1.5,B1w_vs_A1,5,-0.010960000000000015,0.01494632688990836,1,0,4,0.545717737135576,0.8437051796056383,0.0,5.0
E13,Wild->AdvBench,Qwen3-Embedding-8B,B1w_vs_A1,5,-0.06375999999999994,0.138001220103302,2,0,3,0.13242870357015252,0.4456623701494484,0.6,5.0
E13,Wild->AdvBench,all-mpnet-base-v2,B1w_vs_A1,5,-0.303885,0.10385395936121071,0,0,5,7.582060046473772e-09,3.7899654969919545e-08,1.0,5.0
E13,Wild->AdvBench,bge-base-en-v1.5,B1w_vs_A1,5,-0.11260000000000003,0.09756799391962509,0,0,5,0.09870616132770749,0.3587957146548022,0.4,5.0
E13,Wild->AdvBench,bge-large-en-v1.5,B1w_vs_A1,5,-0.21333499999999997,0.15201342313262994,0,0,5,0.17593391260563082,0.8796375802672829,0.8,5.0
E13,Wild->HarmBench,Qwen3-Embedding-8B,B1w_vs_A1,5,0.029244999999999945,0.12393053674337086,3,0,2,0.07122308956371573,0.2125287910277076,0.6,5.0
E13,Wild->HarmBench,all-mpnet-base-v2,B1w_vs_A1,5,-0.12248999999999999,0.08322346912079548,1,0,4,0.17507722393320885,0.8507125539968825,0.8,5.0
E13,Wild->HarmBench,bge-base-en-v1.5,B1w_vs_A1,5,-0.11893499999999993,0.10779571333081853,1,0,4,0.01939896532848622,0.0815189699615877,0.8,5.0
E13,Wild->HarmBench,bge-large-en-v1.5,B1w_vs_A1,5,-0.12310499999999994,0.10721115613591711,1,0,4,0.10844015873676394,0.4376452229332281,0.6,5.0
E13,Wild->ToxicChat,Qwen3-Embedding-8B,B1w_vs_A1,5,0.10880500000000001,0.04333043604096323,5,0,0,0.009093077351141163,0.0341122306530452,1.0,5.0
E13,Wild->ToxicChat,all-mpnet-base-v2,B1w_vs_A1,5,-0.04736499999999995,0.05693028796255991,0,0,5,0.4300107169814568,0.8122887731724033,0.4,5.0
E13,Wild->ToxicChat,bge-base-en-v1.5,B1w_vs_A1,5,-0.011930000000000041,0.05759264113148487,3,0,2,0.3298505893087038,0.9440587162690222,0.6,5.0
E13,Wild->ToxicChat,bge-large-en-v1.5,B1w_vs_A1,5,0.01516500000000005,0.07021173468516499,4,0,1,0.307609050690698,0.7500543926016763,0.4,5.0
E13,Wild->Wild,Qwen3-Embedding-8B,B1w_vs_A1,5,0.04976500000000002,0.008551582455896663,5,0,0,0.034438674300411774,0.0951316542302804,0.8,5.0
E13,Wild->Wild,all-mpnet-base-v2,B1w_vs_A1,5,0.059335000000000006,0.019888366967275015,5,0,0,0.041503655635348705,0.1927497061861389,0.8,5.0
E13,Wild->Wild,bge-base-en-v1.5,B1w_vs_A1,5,0.08049249999999997,0.021495385769392434,5,0,0,0.002072100771551108,0.0088708036752467,1.0,5.0
E13,Wild->Wild,bge-large-en-v1.5,B1w_vs_A1,5,0.07788250000000001,0.028056110909657452,5,0,0,0.01208506165946371,0.0478045126255048,1.0,5.0
E13,Wild->XSTest,Qwen3-Embedding-8B,B1w_vs_A1,5,-0.13999499999999998,0.04154337492308494,0,0,5,0.0017744674321965067,0.0055796324192609,1.0,5.0
E13,Wild->XSTest,all-mpnet-base-v2,B1w_vs_A1,5,-0.05743499999999999,0.07230344390137988,1,0,4,0.23942725135383186,0.6969817439465265,0.4,5.0
E13,Wild->XSTest,bge-base-en-v1.5,B1w_vs_A1,5,-0.14365500000000003,0.06077838174466314,0,0,5,0.0016446607061987577,0.0070871547009123,1.0,5.0
E13,Wild->XSTest,bge-large-en-v1.5,B1w_vs_A1,5,-0.15465,0.043125449273022025,0,0,5,0.003137681438633538,0.0152329961108117,1.0,5.0
E13,XSTest->AdvBench,Qwen3-Embedding-8B,B1w_vs_A1,5,0.06532,0.015367268381205551,5,0,0,0.010051945453713155,0.0499697632256173,1.0,5.0
E13,XSTest->AdvBench,all-mpnet-base-v2,B1w_vs_A1,5,-0.025399999999999978,0.01286255466460687,0,0,5,0.02002150779819214,0.0573409495040984,0.8,5.0
E13,XSTest->AdvBench,bge-base-en-v1.5,B1w_vs_A1,5,-0.041385000000000005,0.01084067283428476,0,0,5,0.006952836062424179,0.0277031228304112,1.0,5.0
E13,XSTest->AdvBench,bge-large-en-v1.5,B1w_vs_A1,5,-0.05139500000000001,0.011452488812480937,0,0,5,1.0725487056806316e-05,4.462901800428298e-05,1.0,5.0
E13,XSTest->HarmBench,Qwen3-Embedding-8B,B1w_vs_A1,5,0.15017500000000006,0.016869915900798033,5,0,0,8.737937966518672e-07,4.2206668191546726e-06,1.0,5.0
E13,XSTest->HarmBench,all-mpnet-base-v2,B1w_vs_A1,5,0.024634999999999917,0.02536932572024728,5,0,0,0.43437470625882807,0.7434214968217945,0.2,5.0
E13,XSTest->HarmBench,bge-base-en-v1.5,B1w_vs_A1,5,-0.12229000000000004,0.019360362212520788,0,0,5,3.199284102007831e-05,0.0001442418462107,1.0,5.0
E13,XSTest->HarmBench,bge-large-en-v1.5,B1w_vs_A1,5,-0.030955000000000045,0.011037555209374975,0,0,5,0.16143882554658,0.4395158295217629,0.2,5.0
E13,XSTest->ToxicChat,Qwen3-Embedding-8B,B1w_vs_A1,5,-0.00011749999999999261,0.04593681087918485,2,0,3,0.3195279094465419,0.6681486135123551,0.2,5.0
E13,XSTest->ToxicChat,all-mpnet-base-v2,B1w_vs_A1,5,-0.21428499999999992,0.03869296043856039,0,0,5,3.9203396084985796e-11,1.9594859068661208e-10,1.0,5.0
E13,XSTest->ToxicChat,bge-base-en-v1.5,B1w_vs_A1,5,-0.19413999999999992,0.031420418321530995,0,0,5,1.5107117068424714e-07,7.399381314332487e-07,1.0,5.0
E13,XSTest->ToxicChat,bge-large-en-v1.5,B1w_vs_A1,5,-0.17942999999999992,0.021431930034413564,0,0,5,8.397371038526558e-08,3.8876765140472003e-07,1.0,5.0
E13,XSTest->Wild,Qwen3-Embedding-8B,B1w_vs_A1,5,-0.10242500000000002,0.017798597644898936,0,0,5,0.0015701689533338646,0.0078196228710178,1.0,5.0
E13,XSTest->Wild,all-mpnet-base-v2,B1w_vs_A1,5,-0.15685499999999994,0.039711543504376653,0,0,5,4.4274157455631605e-05,0.0001180471163313,1.0,5.0
E13,XSTest->Wild,bge-base-en-v1.5,B1w_vs_A1,5,-0.09497750000000002,0.043464128888084236,0,0,5,0.038805036698789375,0.1435003791037361,0.8,5.0
E13,XSTest->Wild,bge-large-en-v1.5,B1w_vs_A1,5,-0.1107775,0.02191446867939076,0,0,5,0.0020877954125741345,0.0099740048931551,1.0,5.0
E13b,AdvBench->AdvBench_BB_Mixed,Qwen3-Embedding-8B,B1w_vs_A1,5,0.0011499999999999844,0.000664501693000088,5,0,0,0.1697347519894531,0.3083463410074589,0.0,5.0
E13b,AdvBench->AdvBench_BB_Mixed,all-mpnet-base-v2,B1w_vs_A1,5,0.0012250000000000095,0.00037914377220256505,5,0,0,0.0957382208710045,0.1177706318787814,0.0,5.0
E13b,AdvBench->AdvBench_BB_Mixed,bge-base-en-v1.5,B1w_vs_A1,5,0.001715,0.0002522399651125978,5,0,0,0.07594499526438336,0.1069392234035704,0.0,5.0
E13b,AdvBench->AdvBench_BB_Mixed,bge-large-en-v1.5,B1w_vs_A1,5,0.0010150000000000103,0.0006135450268725161,5,0,0,0.1668918877587415,0.2736310081257558,0.0,5.0
E13b,AdvBench->AdvBench_BB_Safe,Qwen3-Embedding-8B,B1w_vs_A1,5,0.002055000000000007,0.0006124744892646605,5,0,0,0.2257027620795295,0.3186241931538887,0.0,5.0
E13b,AdvBench->AdvBench_BB_Safe,all-mpnet-base-v2,B1w_vs_A1,5,0.0001800000000000246,0.00023210988776868843,4,1,0,0.3598829771005798,0.4795001221860264,0.0,4.0
E13b,AdvBench->AdvBench_BB_Safe,bge-base-en-v1.5,B1w_vs_A1,5,0.0002650000000000041,0.00036810324638612694,2,3,0,0.317708414394287,0.3264904170732314,0.0,2.0
E13b,AdvBench->AdvBench_BB_Safe,bge-large-en-v1.5,B1w_vs_A1,5,5.500000000002725e-05,5.419870847171919e-05,3,2,0,0.3522113291163324,0.3858787671342074,0.0,3.0
E13b,AdvBench->HarmBench_BB_Mixed,Qwen3-Embedding-8B,B1w_vs_A1,5,0.17334000000000005,0.00645938271044536,5,0,0,1.8474555218972457e-12,5.929923219127886e-12,1.0,5.0
E13b,AdvBench->HarmBench_BB_Mixed,all-mpnet-base-v2,B1w_vs_A1,5,0.012950000000000017,0.007067420852050626,5,0,0,0.2322991685249236,0.8349657542115285,0.2,5.0
E13b,AdvBench->HarmBench_BB_Mixed,bge-base-en-v1.5,B1w_vs_A1,5,0.028239999999999998,0.0141695933251452,5,0,0,0.026568530123700595,0.098906308178378,0.8,5.0
E13b,AdvBench->HarmBench_BB_Mixed,bge-large-en-v1.5,B1w_vs_A1,5,0.01350499999999999,0.0219422850906646,3,0,2,0.3623813490405176,0.7905660651048556,0.4,5.0
E13b,AdvBench->HarmBench_BB_Safe,Qwen3-Embedding-8B,B1w_vs_A1,5,0.13209999999999997,0.042822982293390016,5,0,0,0.0011390405386286647,0.0056941065779647,1.0,5.0
E13b,AdvBench->HarmBench_BB_Safe,all-mpnet-base-v2,B1w_vs_A1,5,0.0034450000000000093,0.00521462486666107,4,0,1,0.5324388583212204,0.7636169895969211,0.0,5.0
E13b,AdvBench->HarmBench_BB_Safe,bge-base-en-v1.5,B1w_vs_A1,5,-0.005954999999999999,0.010761308005999969,2,0,3,0.31720761612297077,0.6162164085170148,0.2,5.0
E13b,AdvBench->HarmBench_BB_Safe,bge-large-en-v1.5,B1w_vs_A1,5,-0.02941499999999997,0.0316775827676292,1,0,4,0.0686762083866993,0.1852187570191237,0.4,5.0
E13b,HarmBench->AdvBench_BB_Mixed,Qwen3-Embedding-8B,B1w_vs_A1,5,0.02284499999999996,0.0028152708573066284,5,0,0,0.00390742376630526,0.0058642757812985,1.0,5.0
E13b,HarmBench->AdvBench_BB_Mixed,all-mpnet-base-v2,B1w_vs_A1,5,0.004339999999999988,0.002134874118068816,5,0,0,0.20111871484569285,0.447732622398393,0.2,5.0
E13b,HarmBench->AdvBench_BB_Mixed,bge-base-en-v1.5,B1w_vs_A1,5,0.01157999999999999,0.00463995554935606,5,0,0,0.00574843368333962,0.0116736623465263,1.0,5.0
E13b,HarmBench->AdvBench_BB_Mixed,bge-large-en-v1.5,B1w_vs_A1,5,0.011154999999999981,0.004406295212534001,5,0,0,0.00820503196988484,0.0285635593295996,1.0,5.0
E13b,HarmBench->AdvBench_BB_Safe,Qwen3-Embedding-8B,B1w_vs_A1,5,0.03832499999999996,0.005405176916623479,5,0,0,4.3144602694185526e-05,0.0001701823988036,1.0,5.0
E13b,HarmBench->AdvBench_BB_Safe,all-mpnet-base-v2,B1w_vs_A1,5,0.0011099999999999888,0.0010560243841881525,4,0,1,0.28456471580296416,0.6248696440159605,0.0,5.0
E13b,HarmBench->AdvBench_BB_Safe,bge-base-en-v1.5,B1w_vs_A1,5,0.0009999999999999788,0.0010997158723961083,5,0,0,0.2723052889500004,0.4795001221860264,0.0,5.0
E13b,HarmBench->AdvBench_BB_Safe,bge-large-en-v1.5,B1w_vs_A1,5,0.005109999999999992,0.0010332896496142681,5,0,0,0.01679379312050652,0.0233812131308872,1.0,5.0
E13b,HarmBench->HarmBench_BB_Mixed,Qwen3-Embedding-8B,B1w_vs_A1,5,0.20643000000000003,0.012442723777372865,5,0,0,2.6645352591003756e-16,1.3322676295501878e-15,1.0,5.0
E13b,HarmBench->HarmBench_BB_Mixed,all-mpnet-base-v2,B1w_vs_A1,5,0.012965000000000004,0.0012416722594952633,5,0,0,0.00231278900904708,0.0046442452960273,1.0,5.0
E13b,HarmBench->HarmBench_BB_Mixed,bge-base-en-v1.5,B1w_vs_A1,5,0.03825499999999997,0.005844505967145558,5,0,0,8.30480566826634e-05,0.0001684158885106,1.0,5.0
E13b,HarmBench->HarmBench_BB_Mixed,bge-large-en-v1.5,B1w_vs_A1,5,0.02276499999999999,0.004380981625161186,5,0,0,0.00022556283537790775,0.0006959837964011,1.0,5.0
E13b,HarmBench->HarmBench_BB_Safe,Qwen3-Embedding-8B,B1w_vs_A1,5,0.21621000000000007,0.016299488105459052,5,0,0,0.0,0.0,1.0,5.0
E13b,HarmBench->HarmBench_BB_Safe,all-mpnet-base-v2,B1w_vs_A1,5,0.008139999999999991,0.001983100476526617,5,0,0,0.00696546985583186,0.0183616463020848,1.0,5.0
E13b,HarmBench->HarmBench_BB_Safe,bge-base-en-v1.5,B1w_vs_A1,5,0.01986500000000002,0.004390814275279704,5,0,0,0.0059661438884174795,0.0078748189256587,1.0,5.0
E13b,HarmBench->HarmBench_BB_Safe,bge-large-en-v1.5,B1w_vs_A1,5,0.015979999999999994,0.002127895086699531,5,0,0,0.00046853160809321993,0.0010440366843704,1.0,5.0
E13b,ToxicChat->AdvBench_BB_Mixed,Qwen3-Embedding-8B,B1w_vs_A1,5,0.342445,0.025849851305181606,5,0,0,0.0,0.0,1.0,5.0
E13b,ToxicChat->AdvBench_BB_Mixed,all-mpnet-base-v2,B1w_vs_A1,5,0.006414999999999971,0.04288088370707865,4,0,1,0.08545592589864708,0.3913218720141933,0.8,5.0
E13b,ToxicChat->AdvBench_BB_Mixed,bge-base-en-v1.5,B1w_vs_A1,5,0.22268499999999997,0.0697900033135119,5,0,0,1.6948085539425507e-07,8.474042725303832e-07,1.0,5.0
E13b,ToxicChat->AdvBench_BB_Mixed,bge-large-en-v1.5,B1w_vs_A1,5,-0.0047175000000000186,0.11967061747772514,3,0,2,0.0006185807277303007,0.0030856792869593,1.0,5.0
E13b,ToxicChat->AdvBench_BB_Safe,Qwen3-Embedding-8B,B1w_vs_A1,5,0.288835,0.019529853750092484,5,0,0,0.0,0.0,1.0,5.0
E13b,ToxicChat->AdvBench_BB_Safe,all-mpnet-base-v2,B1w_vs_A1,5,0.008204999999999995,0.02144056027719424,4,0,1,0.16667025589209764,0.6284780253753908,0.6,5.0
E13b,ToxicChat->AdvBench_BB_Safe,bge-base-en-v1.5,B1w_vs_A1,5,0.288195,0.03550335107422965,5,0,0,0.0,0.0,1.0,5.0
E13b,ToxicChat->AdvBench_BB_Safe,bge-large-en-v1.5,B1w_vs_A1,5,0.035612500000000026,0.053817777035102425,4,0,1,0.18828567192241336,0.9179326032201236,0.8,5.0
E13b,ToxicChat->HarmBench_BB_Mixed,Qwen3-Embedding-8B,B1w_vs_A1,5,0.35569500000000004,0.08438456316175368,5,0,0,1.3091749906379846e-13,6.541434061091422e-13,1.0,5.0
E13b,ToxicChat->HarmBench_BB_Mixed,all-mpnet-base-v2,B1w_vs_A1,5,-0.08648000000000004,0.10778415699906914,1,0,4,0.20037720761580563,0.4291955994933358,0.4,5.0
E13b,ToxicChat->HarmBench_BB_Mixed,bge-base-en-v1.5,B1w_vs_A1,5,0.10073000000000001,0.07828095114713406,4,0,1,0.2618636270191509,0.9794436066538876,0.6,5.0
E13b,ToxicChat->HarmBench_BB_Mixed,bge-large-en-v1.5,B1w_vs_A1,5,-0.04467000000000006,0.14472219443644435,2,0,3,0.17394570905718332,0.8444002512706525,0.8,5.0
E13b,ToxicChat->HarmBench_BB_Safe,Qwen3-Embedding-8B,B1w_vs_A1,5,0.3857900000000001,0.052812213312831355,5,0,0,2.5712765250318625e-14,1.2856382625159313e-13,1.0,5.0
E13b,ToxicChat->HarmBench_BB_Safe,all-mpnet-base-v2,B1w_vs_A1,5,-0.0044550000000000535,0.060968417541379535,2,0,3,0.10840386790461971,0.4047316763217772,0.6,5.0
E13b,ToxicChat->HarmBench_BB_Safe,bge-base-en-v1.5,B1w_vs_A1,5,0.19992000000000004,0.022322700049501158,5,0,0,9.954581284166153e-06,4.881370628440074e-05,1.0,5.0
E13b,ToxicChat->HarmBench_BB_Safe,bge-large-en-v1.5,B1w_vs_A1,5,0.02959999999999994,0.050328824991251325,4,0,1,0.13899755692132182,0.4952387373757714,0.4,5.0
E13b,Wild->AdvBench_BB_Mixed,Qwen3-Embedding-8B,B1w_vs_A1,5,0.226975,0.1271482169064907,5,0,0,0.09462601844844673,0.4731300265779938,0.8,5.0
E13b,Wild->AdvBench_BB_Mixed,all-mpnet-base-v2,B1w_vs_A1,5,-0.54089,0.21338836410990175,0,0,5,0.0,0.0,1.0,5.0
E13b,Wild->AdvBench_BB_Mixed,bge-base-en-v1.5,B1w_vs_A1,5,-0.21489999999999995,0.14725224849726407,0,0,5,0.06674626073927495,0.33370210280499,0.8,5.0
E13b,Wild->AdvBench_BB_Mixed,bge-large-en-v1.5,B1w_vs_A1,5,-0.3294925,0.24762996896831777,1,0,4,0.13168044332448986,0.6584022166197272,0.8,5.0
E13b,Wild->AdvBench_BB_Safe,Qwen3-Embedding-8B,B1w_vs_A1,5,0.03675999999999997,0.09629291186271188,4,0,1,0.10169682105169378,0.3007949166915997,0.6,5.0
E13b,Wild->AdvBench_BB_Safe,all-mpnet-base-v2,B1w_vs_A1,5,-0.386435,0.22221790094409588,0,0,5,2.0794940835955344e-08,1.039745811670656e-07,1.0,5.0
E13b,Wild->AdvBench_BB_Safe,bge-base-en-v1.5,B1w_vs_A1,5,-0.11631500000000003,0.14695717658556176,1,0,4,0.019746116863831386,0.0978512712025474,0.8,5.0
E13b,Wild->AdvBench_BB_Safe,bge-large-en-v1.5,B1w_vs_A1,5,-0.33057499999999995,0.2333199479791644,0,0,5,5.0800622105588996e-05,0.0002540031104036,1.0,5.0
E13b,Wild->HarmBench_BB_Mixed,Qwen3-Embedding-8B,B1w_vs_A1,5,0.263055,0.11394387516448609,5,0,0,0.002350416173960995,0.0117515956085609,1.0,5.0
E13b,Wild->HarmBench_BB_Mixed,all-mpnet-base-v2,B1w_vs_A1,5,-0.41217000000000004,0.21430544308883054,0,0,5,1.674126832718059e-08,8.370625881326532e-08,1.0,5.0
E13b,Wild->HarmBench_BB_Mixed,bge-base-en-v1.5,B1w_vs_A1,5,-0.14729750000000003,0.1565312170343347,1,0,4,0.000248067964881806,0.0010940162023189,1.0,5.0
E13b,Wild->HarmBench_BB_Mixed,bge-large-en-v1.5,B1w_vs_A1,5,-0.168045,0.20258385177501195,2,0,3,0.168679922935159,0.7344122072873376,0.6,5.0
E13b,Wild->HarmBench_BB_Safe,Qwen3-Embedding-8B,B1w_vs_A1,5,0.09559499999999999,0.09962502101630899,5,0,0,0.35053197963162275,0.8856851241666763,0.4,5.0
E13b,Wild->HarmBench_BB_Safe,all-mpnet-base-v2,B1w_vs_A1,5,-0.22185000000000005,0.22289225606220597,0,0,5,0.1115375385092345,0.4029146122792912,0.6,5.0
E13b,Wild->HarmBench_BB_Safe,bge-base-en-v1.5,B1w_vs_A1,5,-0.03175500000000002,0.2024266228167629,2,0,3,0.006353513116832117,0.0299384110394136,1.0,5.0
E13b,Wild->HarmBench_BB_Safe,bge-large-en-v1.5,B1w_vs_A1,5,-0.19582999999999998,0.18237336736760665,1,0,4,0.15556431980984817,0.7697560415118072,0.8,5.0
E13b,XSTest->AdvBench_BB_Mixed,Qwen3-Embedding-8B,B1w_vs_A1,5,0.13629000000000005,0.014750652527939221,5,0,0,3.305925400098886e-09,1.631533397272733e-08,1.0,5.0
E13b,XSTest->AdvBench_BB_Mixed,all-mpnet-base-v2,B1w_vs_A1,5,-0.010050000000000003,0.00686103126359295,0,0,5,0.13746431167302178,0.4894473477666969,0.2,5.0
E13b,XSTest->AdvBench_BB_Mixed,bge-base-en-v1.5,B1w_vs_A1,5,-0.01489999999999998,0.0032599367325148836,0,0,5,0.012093251434825961,0.027854103104892,1.0,5.0
E13b,XSTest->AdvBench_BB_Mixed,bge-large-en-v1.5,B1w_vs_A1,5,-0.013949999999999995,0.005246665607793214,0,0,5,0.00629701696035916,0.0139692064870089,1.0,5.0
E13b,XSTest->AdvBench_BB_Safe,Qwen3-Embedding-8B,B1w_vs_A1,5,0.15805500000000003,0.017796509489222914,5,0,0,1.6587708984161508e-11,8.241674009923372e-11,1.0,5.0
E13b,XSTest->AdvBench_BB_Safe,all-mpnet-base-v2,B1w_vs_A1,5,-0.025475000000000005,0.0034110115801621334,0,0,5,0.00396639906779964,0.0113386895695803,1.0,5.0
E13b,XSTest->AdvBench_BB_Safe,bge-base-en-v1.5,B1w_vs_A1,5,0.04708500000000002,0.013574845763396385,5,0,0,0.0009306972108962088,0.0046082631294532,1.0,5.0
E13b,XSTest->AdvBench_BB_Safe,bge-large-en-v1.5,B1w_vs_A1,5,0.008929999999999948,0.013823478668555144,3,0,2,0.22245744959389055,0.6898923902297651,0.6,5.0
E13b,XSTest->HarmBench_BB_Mixed,Qwen3-Embedding-8B,B1w_vs_A1,5,0.301365,0.011017806610210562,5,0,0,0.0,0.0,1.0,5.0
E13b,XSTest->HarmBench_BB_Mixed,all-mpnet-base-v2,B1w_vs_A1,5,-0.012585000000000023,0.018718495198599694,1,0,4,0.13949116960012664,0.3027267920869301,0.0,5.0
E13b,XSTest->HarmBench_BB_Mixed,bge-base-en-v1.5,B1w_vs_A1,5,-0.05129499999999998,0.008259206983724291,0,0,5,0.0005060039409981821,0.0010295293498374,1.0,5.0
E13b,XSTest->HarmBench_BB_Mixed,bge-large-en-v1.5,B1w_vs_A1,5,-0.010555000000000004,0.007690282016935389,1,0,4,0.3649890012216174,0.9279482216000948,0.2,5.0
E13b,XSTest->HarmBench_BB_Safe,Qwen3-Embedding-8B,B1w_vs_A1,5,0.29932,0.017387130657471873,5,0,0,0.0,0.0,1.0,5.0
E13b,XSTest->HarmBench_BB_Safe,all-mpnet-base-v2,B1w_vs_A1,5,-0.013649999999999917,0.025518087947571613,2,0,3,0.3003047522050212,0.971556591810898,0.2,5.0
E13b,XSTest->HarmBench_BB_Safe,bge-base-en-v1.5,B1w_vs_A1,5,0.10412499999999995,0.026111539594593027,5,0,0,8.123379626301386e-07,3.8853468766753e-06,1.0,5.0
E13b,XSTest->HarmBench_BB_Safe,bge-large-en-v1.5,B1w_vs_A1,5,0.052914999999999955,0.025606619017355677,5,0,0,0.0030889942352645963,0.0138353957677472,1.0,5.0
