dataset,model,method,source,n_seeds,mean_auc,std_auc,ci95_low,ci95_high,embedder
ToxicChat,Qwen3-Embedding-8B,A1_naive_cosine_raw,E2d/E2q,5,0.8081756142826764,0.005715445402489874,0.8010789514927055,0.8152722770726473,
ToxicChat,Qwen3-Embedding-8B,A1b_cosine_whitened,E2d/E2q,5,0.967701828832138,0.005023801864505816,0.9614639549228722,0.9739397027414037,
ToxicChat,Qwen3-Embedding-8B,A2_rsfi_svd_raw_k20,E2d/E2q,5,0.8650839986854061,0.006932457909200104,0.8564762152804893,0.8736917820903228,
ToxicChat,Qwen3-Embedding-8B,A3_rsfi_svd_whitened_k20,E2d/E2q,5,0.8424346811143117,0.026449225776818675,0.809593629686873,0.8752757325417505,
ToxicChat,Qwen3-Embedding-8B,B1_discriminant_mean_raw,E2d/E2q,5,0.9627696850774257,0.003057821443245589,0.9589728982784121,0.9665664718764392,
ToxicChat,Qwen3-Embedding-8B,B1b_discriminant_mean_whitened,E2d/E2q,5,0.9679207667175749,0.004549308401190508,0.9622720542590907,0.9735694791760591,
ToxicChat,Qwen3-Embedding-8B,C1_logreg_raw,E2d/E2q,5,0.9779839348889363,0.0021845085978680592,0.9752715092091969,0.9806963605686757,
ToxicChat,Qwen3-Embedding-8B,C1b_logreg_whitened,E2d/E2q,5,0.9674679084423996,0.004646973671066011,0.9616979285344361,0.9732378883503631,
ToxicChat,all-mpnet-base-v2,A1_naive_cosine_raw,E2d/E2q,5,0.9157944593732481,0.006040534291050736,0.9082941454141351,0.9232947733323611,
ToxicChat,all-mpnet-base-v2,A1b_cosine_whitened,E2d/E2q,5,0.9612968082432772,0.003444962455491531,0.9570193223871297,0.9655742940994247,
ToxicChat,all-mpnet-base-v2,A2_rsfi_svd_raw_k20,E2d/E2q,5,0.938223751619077,0.007404651247501819,0.9290296627457993,0.9474178404923547,
ToxicChat,all-mpnet-base-v2,A3_rsfi_svd_whitened_k20,E2d/E2q,5,0.8777417982871614,0.014240235485720123,0.8600602105585989,0.8954233860157238,
ToxicChat,all-mpnet-base-v2,B1_discriminant_mean_raw,E2d/E2q,5,0.9508885591663928,0.0047657727685291576,0.9449710706960902,0.9568060476366954,
ToxicChat,all-mpnet-base-v2,B1b_discriminant_mean_whitened,E2d/E2q,5,0.9616546967734452,0.002009294727591582,0.959159827848414,0.9641495656984763,
ToxicChat,all-mpnet-base-v2,B2_contrastive_svd_raw_k20,E2d/E2q,5,0.9520489782898679,0.005334889430158056,0.9454248381500429,0.9586731184296929,
ToxicChat,all-mpnet-base-v2,B2b_contrastive_svd_whitened_k20,E2d/E2q,5,0.9222917915208692,0.007173631536302745,0.9133845515058628,0.9311990315358755,
ToxicChat,all-mpnet-base-v2,C1_logreg_raw,E2d/E2q,5,0.970159926150753,0.006135565779223252,0.9625416150140804,0.9777782372874255,
ToxicChat,all-mpnet-base-v2,C1b_logreg_whitened,E2d/E2q,5,0.9580849942969824,0.0014742852433117695,0.9562544273872791,0.9599155612066856,
ToxicChat,bge-base-en-v1.5,A1_naive_cosine_raw,E2d/E2q,5,0.8797673362073966,0.009656637404505668,0.867777037198514,0.8917576352162792,
ToxicChat,bge-base-en-v1.5,A1b_cosine_whitened,E2d/E2q,5,0.9514620024358653,0.006603796733682245,0.9432623057801964,0.9596616990915342,
ToxicChat,bge-base-en-v1.5,A2_rsfi_svd_raw_k20,E2d/E2q,5,0.9125441017263711,0.011365418944245975,0.8984320701987978,0.9266561332539445,
ToxicChat,bge-base-en-v1.5,A3_rsfi_svd_whitened_k20,E2d/E2q,5,0.846602113016413,0.026799081107742657,0.8133266588199862,0.8798775672128397,
ToxicChat,bge-base-en-v1.5,B1_discriminant_mean_raw,E2d/E2q,5,0.9472644846985133,0.006389727858734965,0.9393305896580024,0.9551983797390242,
ToxicChat,bge-base-en-v1.5,B1b_discriminant_mean_whitened,E2d/E2q,5,0.9524232992441085,0.006320856592254221,0.9445749191756975,0.9602716793125196,
ToxicChat,bge-base-en-v1.5,B2_contrastive_svd_raw_k20,E2d/E2q,5,0.9489340673149419,0.004164662084052739,0.9437629563404893,0.9541051782893945,
ToxicChat,bge-base-en-v1.5,B2b_contrastive_svd_whitened_k20,E2d/E2q,5,0.911389603108628,0.018700864946804747,0.8881694123689098,0.9346097938483463,
ToxicChat,bge-base-en-v1.5,C1_logreg_raw,E2d/E2q,5,0.966739807064009,0.0037296786136240736,0.9621087994046015,0.9713708147234165,
ToxicChat,bge-base-en-v1.5,C1b_logreg_whitened,E2d/E2q,5,0.9489350339281227,0.006262298684680722,0.9411593631053559,0.9567107047508896,
ToxicChat,bge-large-en-v1.5,A1_naive_cosine_raw,E2d/E2q,5,0.8789881251570748,0.007112641258065994,0.8701566145747955,0.8878196357393541,
ToxicChat,bge-large-en-v1.5,A1b_cosine_whitened,E2d/E2q,5,0.9543210025711911,0.0031939898212220066,0.9503551403995505,0.9582868647428318,
ToxicChat,bge-large-en-v1.5,A2_rsfi_svd_raw_k20,E2d/E2q,5,0.9185458029655692,0.012464651250035333,0.9030688942582348,0.9340227116729036,
ToxicChat,bge-large-en-v1.5,A3_rsfi_svd_whitened_k20,E2d/E2q,5,0.8529729396640053,0.018086174554264044,0.8305159878547466,0.8754298914732641,
ToxicChat,bge-large-en-v1.5,B1_discriminant_mean_raw,E2d/E2q,5,0.9515608386335955,0.005116598625750041,0.9452077423267429,0.9579139349404482,
ToxicChat,bge-large-en-v1.5,B1b_discriminant_mean_whitened,E2d/E2q,5,0.9555952403966981,0.0020910053110292305,0.9529989143819402,0.958191566411456,
ToxicChat,bge-large-en-v1.5,B2_contrastive_svd_raw_k20,E2d/E2q,5,0.9535602779979507,0.005299317987239375,0.9469803056381619,0.9601402503577395,
ToxicChat,bge-large-en-v1.5,B2b_contrastive_svd_whitened_k20,E2d/E2q,5,0.9212867554661976,0.012153903881475577,0.9061956905789404,0.9363778203534548,
ToxicChat,bge-large-en-v1.5,C1_logreg_raw,E2d/E2q,5,0.9709692230363254,0.004091987965328602,0.9658883488986938,0.976050097173957,
ToxicChat,bge-large-en-v1.5,C1b_logreg_whitened,E2d/E2q,5,0.9533500396311405,0.002106493832484605,0.9507344820769061,0.9559655971853749,
Wild,Qwen3-Embedding-8B,A1_naive_cosine_raw,E2d/E2q,5,0.7981753125,0.0102146448146259,0.7854921557792401,0.8108584692207598,
Wild,Qwen3-Embedding-8B,A1b_cosine_whitened,E2d/E2q,5,0.82439984375,0.006406324823305475,0.8164453408561024,0.8323543466438975,
Wild,Qwen3-Embedding-8B,A2_rsfi_svd_raw_k20,E2d/E2q,5,0.8012010937499999,0.012988333042659873,0.7850739482142488,0.817328239285751,
Wild,Qwen3-Embedding-8B,A3_rsfi_svd_whitened_k20,E2d/E2q,5,0.803321875,0.0106183137854597,0.7901374970509639,0.816506252949036,
Wild,Qwen3-Embedding-8B,B1_discriminant_mean_raw,E2d/E2q,5,0.8746640625,0.009010368630576993,0.8634762121608679,0.885851912839132,
Wild,Qwen3-Embedding-8B,B1b_discriminant_mean_whitened,E2d/E2q,5,0.822446875,0.006883043479204583,0.8139004477138005,0.8309933022861995,
Wild,Qwen3-Embedding-8B,C1_logreg_raw,E2d/E2q,5,0.8846662500000001,0.008278218294556158,0.874387484374378,0.8949450156256222,
Wild,Qwen3-Embedding-8B,C1b_logreg_whitened,E2d/E2q,5,0.81995296875,0.007096103284460407,0.81114199277415,0.82876394472585,
Wild,all-mpnet-base-v2,A1_naive_cosine_raw,E2d/E2q,5,0.78456890625,0.0046281124517153546,0.7788223456390665,0.7903154668609335,
Wild,all-mpnet-base-v2,A1b_cosine_whitened,E2d/E2q,5,0.8317965624999999,0.010302000153044088,0.8190049398004754,0.8445881851995244,
Wild,all-mpnet-base-v2,A2_rsfi_svd_raw_k20,E2d/E2q,5,0.78748234375,0.007418837178464472,0.7782706407169651,0.796694046783035,
Wild,all-mpnet-base-v2,A3_rsfi_svd_whitened_k20,E2d/E2q,5,0.80750109375,0.011944159699524042,0.7926704606623047,0.8223317268376953,
Wild,all-mpnet-base-v2,B1_discriminant_mean_raw,E2d/E2q,5,0.8667789062500001,0.006016935607028007,0.859307893927243,0.8742499185727571,
Wild,all-mpnet-base-v2,B1b_discriminant_mean_whitened,E2d/E2q,5,0.82969609375,0.008978199830956643,0.8185481862512219,0.840844001248778,
Wild,all-mpnet-base-v2,B2_contrastive_svd_raw_k20,E2d/E2q,5,0.8314142187500002,0.009881156997580768,0.8191451418455049,0.8436832956544955,
Wild,all-mpnet-base-v2,B2b_contrastive_svd_whitened_k20,E2d/E2q,5,0.8340856249999999,0.010358744539756782,0.8212235448383941,0.8469477051616058,
Wild,all-mpnet-base-v2,C1_logreg_raw,E2d/E2q,5,0.8765604687499999,0.007087331222327629,0.8677603847278902,0.8853605527721097,
Wild,all-mpnet-base-v2,C1b_logreg_whitened,E2d/E2q,5,0.82079859375,0.009758484176742487,0.8086818352706977,0.8329153522293022,
Wild,bge-base-en-v1.5,A1_naive_cosine_raw,E2d/E2q,5,0.7707603125,0.003973880265588596,0.7658260884410462,0.7756945365589538,
Wild,bge-base-en-v1.5,A1b_cosine_whitened,E2d/E2q,5,0.8343614062499999,0.007963432328811935,0.8244734990251821,0.8442493134748177,
Wild,bge-base-en-v1.5,A2_rsfi_svd_raw_k20,E2d/E2q,5,0.78539171875,0.011373638762129129,0.7712694809704894,0.7995139565295106,
Wild,bge-base-en-v1.5,A3_rsfi_svd_whitened_k20,E2d/E2q,5,0.7937929687499999,0.011249864867352497,0.7798244165595509,0.807761520940449,
Wild,bge-base-en-v1.5,B1_discriminant_mean_raw,E2d/E2q,5,0.861790625,0.005021267786922789,0.8555558975636377,0.8680253524363624,
Wild,bge-base-en-v1.5,B1b_discriminant_mean_whitened,E2d/E2q,5,0.8312603125000001,0.006964878264251241,0.8226122739074074,0.8399083510925928,
Wild,bge-base-en-v1.5,B2_contrastive_svd_raw_k20,E2d/E2q,5,0.8096729687499999,0.009791975396493138,0.7975146254288774,0.8218313120711225,
Wild,bge-base-en-v1.5,B2b_contrastive_svd_whitened_k20,E2d/E2q,5,0.82732515625,0.010429359068447809,0.8143753965703684,0.8402749159296317,
Wild,bge-base-en-v1.5,C1_logreg_raw,E2d/E2q,5,0.8727534375000001,0.00394478255258852,0.8678553430237086,0.8776515319762916,
Wild,bge-base-en-v1.5,C1b_logreg_whitened,E2d/E2q,5,0.8227921875000002,0.006109154158012982,0.8152066707225186,0.8303777042774817,
Wild,bge-large-en-v1.5,A1_naive_cosine_raw,E2d/E2q,5,0.767378125,0.0065281594998190555,0.7592723443745428,0.7754839056254572,
Wild,bge-large-en-v1.5,A1b_cosine_whitened,E2d/E2q,5,0.8357304687499999,0.010799537083630153,0.8223210723559898,0.84913986514401,
Wild,bge-large-en-v1.5,A2_rsfi_svd_raw_k20,E2d/E2q,5,0.78388375,0.010986250734449641,0.7702425179877942,0.7975249820122058,
Wild,bge-large-en-v1.5,A3_rsfi_svd_whitened_k20,E2d/E2q,5,0.79135484375,0.010003975351186536,0.7789332677175138,0.8037764197824862,
Wild,bge-large-en-v1.5,B1_discriminant_mean_raw,E2d/E2q,5,0.871923125,0.005020135530260903,0.8656898034459715,0.8781564465540286,
Wild,bge-large-en-v1.5,B1b_discriminant_mean_whitened,E2d/E2q,5,0.83232921875,0.012884507563591685,0.8163309895737041,0.8483274479262959,
Wild,bge-large-en-v1.5,B2_contrastive_svd_raw_k20,E2d/E2q,5,0.8140670312500001,0.0086886359946068,0.8032786647419995,0.8248553977580008,
Wild,bge-large-en-v1.5,B2b_contrastive_svd_whitened_k20,E2d/E2q,5,0.83096109375,0.005252946717676607,0.8244386989261784,0.8374834885738217,
Wild,bge-large-en-v1.5,C1_logreg_raw,E2d/E2q,5,0.88036625,0.0027658083007758533,0.8769320454069935,0.8838004545930065,
Wild,bge-large-en-v1.5,C1b_logreg_whitened,E2d/E2q,5,0.82451625,0.014537534232127966,0.8064655171213119,0.842566982878688,
XSTest,Qwen3-Embedding-8B,A1_naive_cosine_raw,E2d/E2q,5,0.7824202341585484,0.01586061605651233,0.7627266782118445,0.8021137901052524,
XSTest,Qwen3-Embedding-8B,A1b_cosine_whitened,E2d/E2q,5,0.9380731075163107,0.011637032680055925,0.9236238229915645,0.9525223920410568,
XSTest,Qwen3-Embedding-8B,A2_rsfi_svd_raw_k20,E2d/E2q,5,0.8460988470819555,0.016627102883121386,0.8254535720375537,0.8667441221263573,
XSTest,Qwen3-Embedding-8B,A3_rsfi_svd_whitened_k20,E2d/E2q,5,0.7764143355080882,0.017203253853529287,0.7550536745462008,0.7977749964699757,
XSTest,Qwen3-Embedding-8B,B1_discriminant_mean_raw,E2d/E2q,5,0.8269461077844312,0.03156185668447055,0.7877568866228573,0.8661353289460052,
XSTest,Qwen3-Embedding-8B,B1b_discriminant_mean_whitened,E2d/E2q,5,0.9381088569130396,0.011542985234513914,0.923776347715546,0.9524413661105332,
XSTest,Qwen3-Embedding-8B,C1_logreg_raw,E2d/E2q,5,0.9294038788095451,0.011030269471665237,0.9157079903160923,0.9430997673029979,
XSTest,Qwen3-Embedding-8B,C1b_logreg_whitened,E2d/E2q,5,0.9376888015014746,0.011570873309399633,0.9233216646854162,0.952055938317533,
XSTest,all-mpnet-base-v2,A1_naive_cosine_raw,E2d/E2q,5,0.7617928322459558,0.02041828816674482,0.7364401789243589,0.7871454855675528,
XSTest,all-mpnet-base-v2,A1b_cosine_whitened,E2d/E2q,5,0.8972651711502369,0.012706407267174527,0.8814880827000715,0.9130422596004022,
XSTest,all-mpnet-base-v2,A2_rsfi_svd_raw_k20,E2d/E2q,5,0.8463044061131468,0.024670536200110827,0.8156718894970865,0.8769369227292072,
XSTest,all-mpnet-base-v2,A3_rsfi_svd_whitened_k20,E2d/E2q,5,0.7884171954598266,0.022885535006964705,0.7600010505620465,0.8168333403576067,
XSTest,all-mpnet-base-v2,B1_discriminant_mean_raw,E2d/E2q,5,0.7851193136115828,0.02031858229210717,0.7598904614849328,0.8103481657382329,
XSTest,all-mpnet-base-v2,B1b_discriminant_mean_whitened,E2d/E2q,5,0.8969791759764053,0.013164081281965207,0.880633810179161,0.9133245417736496,
XSTest,all-mpnet-base-v2,B2_contrastive_svd_raw_k20,E2d/E2q,5,0.8454553579408348,0.03132562562325499,0.8065594563832297,0.88435125949844,
XSTest,all-mpnet-base-v2,B2b_contrastive_svd_whitened_k20,E2d/E2q,5,0.8390740906247206,0.02225809088607353,0.8114370205027357,0.8667111607467055,
XSTest,all-mpnet-base-v2,C1_logreg_raw,E2d/E2q,5,0.8541960854410583,0.024004674250777364,0.824390345635259,0.8840018252468576,
XSTest,all-mpnet-base-v2,C1b_logreg_whitened,E2d/E2q,5,0.8947180266333007,0.013478184850780535,0.877982649742951,0.9114534035236503,
XSTest,bge-base-en-v1.5,A1_naive_cosine_raw,E2d/E2q,5,0.7818571811600681,0.02252997864755983,0.7538825177930935,0.8098318445270427,
XSTest,bge-base-en-v1.5,A1b_cosine_whitened,E2d/E2q,5,0.8691572079721155,0.021747070156169206,0.8421546538927887,0.8961597620514423,
XSTest,bge-base-en-v1.5,A2_rsfi_svd_raw_k20,E2d/E2q,5,0.8220126910358388,0.024366449592667823,0.7917577478125764,0.8522676342591013,
XSTest,bge-base-en-v1.5,A3_rsfi_svd_whitened_k20,E2d/E2q,5,0.7127714719814103,0.019000529008362826,0.6891791991648999,0.7363637447979208,
XSTest,bge-base-en-v1.5,B1_discriminant_mean_raw,E2d/E2q,5,0.7774689427115916,0.025573225596923294,0.745715589169949,0.8092222962532343,
XSTest,bge-base-en-v1.5,B1b_discriminant_mean_whitened,E2d/E2q,5,0.8679685405308787,0.022463360903125184,0.8400765940188101,0.8958604870429473,
XSTest,bge-base-en-v1.5,B2_contrastive_svd_raw_k20,E2d/E2q,5,0.7553400661363839,0.03216135869068672,0.7154064649168405,0.7952736673559274,
XSTest,bge-base-en-v1.5,B2b_contrastive_svd_whitened_k20,E2d/E2q,5,0.7789257306282956,0.019666062671373517,0.7545070886228321,0.8033443726337591,
XSTest,bge-base-en-v1.5,C1_logreg_raw,E2d/E2q,5,0.836240950933953,0.02565561393513981,0.8043852987588751,0.8680966031090309,
XSTest,bge-base-en-v1.5,C1b_logreg_whitened,E2d/E2q,5,0.8647332201269105,0.023148683308873746,0.8359903334564615,0.8934761067973594,
XSTest,bge-large-en-v1.5,A1_naive_cosine_raw,E2d/E2q,5,0.7724104030744481,0.021438300434102494,0.7457912372427469,0.7990295689061493,
XSTest,bge-large-en-v1.5,A1b_cosine_whitened,E2d/E2q,5,0.8882652605237287,0.01517240391480429,0.8694262328165103,0.907104288230947,
XSTest,bge-large-en-v1.5,A2_rsfi_svd_raw_k20,E2d/E2q,5,0.8235588524443649,0.026602196620584218,0.7905278626274476,0.8565898422612822,
XSTest,bge-large-en-v1.5,A3_rsfi_svd_whitened_k20,E2d/E2q,5,0.7244972741084995,0.027899607148909565,0.68985533634767,0.759139211869329,
XSTest,bge-large-en-v1.5,B1_discriminant_mean_raw,E2d/E2q,5,0.7813030655107696,0.025970747253867405,0.749056123639193,0.8135500073823461,
XSTest,bge-large-en-v1.5,B1b_discriminant_mean_whitened,E2d/E2q,5,0.8876753954777012,0.014998132850593381,0.8690527538768422,0.9062980370785603,
XSTest,bge-large-en-v1.5,B2_contrastive_svd_raw_k20,E2d/E2q,5,0.7806238269729199,0.02911958574224698,0.7444670857141641,0.8167805682316757,
XSTest,bge-large-en-v1.5,B2b_contrastive_svd_whitened_k20,E2d/E2q,5,0.7965769952632049,0.027037501337149866,0.7630055032514798,0.8301484872749301,
XSTest,bge-large-en-v1.5,C1_logreg_raw,E2d/E2q,5,0.8361158280454017,0.02702226775877817,0.8025632510195045,0.8696684050712989,
XSTest,bge-large-en-v1.5,C1b_logreg_whitened,E2d/E2q,5,0.8865403521315578,0.015080469187252124,0.8678154764657257,0.9052652277973899,
ToxicChat,Qwen3-Embedding-8B,B1_raw,E8/E8q,5,0.9627696850774257,0.003057821443245589,0.9589728982784121,0.9665664718764392,
ToxicChat,Qwen3-Embedding-8B,B1b_SigmaT_wh,E8/E8q,5,0.9679207667175749,0.004549308401190508,0.9622720542590907,0.9735694791760591,
ToxicChat,Qwen3-Embedding-8B,B1w_SigmaW_wh,E8/E8q,5,0.9715987298702805,0.0035119489268781333,0.9672380693242456,0.9759593904163154,
ToxicChat,all-mpnet-base-v2,B1_raw,E8/E8q,5,0.9508885591663928,0.0047657727685291576,0.9449710706960902,0.9568060476366954,
ToxicChat,all-mpnet-base-v2,B1b_SigmaT_wh,E8/E8q,5,0.9616546967734452,0.002009294727591582,0.959159827848414,0.9641495656984763,
ToxicChat,all-mpnet-base-v2,B1w_SigmaW_wh,E8/E8q,5,0.9680324105399501,0.003804386841466091,0.9633086403636616,0.9727561807162387,
ToxicChat,bge-base-en-v1.5,B1_raw,E8/E8q,5,0.9472644846985133,0.006389727858734965,0.9393305896580024,0.9551983797390242,
ToxicChat,bge-base-en-v1.5,B1b_SigmaT_wh,E8/E8q,5,0.9524232992441085,0.006320856592254221,0.9445749191756975,0.9602716793125196,
ToxicChat,bge-base-en-v1.5,B1w_SigmaW_wh,E8/E8q,5,0.9616073327275891,0.004468409980215501,0.9560590689259412,0.9671555965292371,
ToxicChat,bge-large-en-v1.5,B1_raw,E8/E8q,5,0.9515608386335955,0.005116598625750041,0.9452077423267429,0.9579139349404482,
ToxicChat,bge-large-en-v1.5,B1b_SigmaT_wh,E8/E8q,5,0.9555952403966981,0.0020910053110292305,0.9529989143819402,0.958191566411456,
ToxicChat,bge-large-en-v1.5,B1w_SigmaW_wh,E8/E8q,5,0.9637452394300849,0.0005504755186311359,0.9630617337967081,0.9644287450634618,
Wild,Qwen3-Embedding-8B,B1_raw,E8/E8q,5,0.8746640625,0.009010368630576993,0.8634762121608679,0.885851912839132,
Wild,Qwen3-Embedding-8B,B1b_SigmaT_wh,E8/E8q,5,0.822446875,0.006883043479204583,0.8139004477138005,0.8309933022861995,
Wild,Qwen3-Embedding-8B,B1w_SigmaW_wh,E8/E8q,5,0.83907453125,0.0049335204059769815,0.8329487565774947,0.8452003059225053,
Wild,all-mpnet-base-v2,B1_raw,E8/E8q,5,0.8667789062500001,0.006016935607028007,0.859307893927243,0.8742499185727571,
Wild,all-mpnet-base-v2,B1b_SigmaT_wh,E8/E8q,5,0.82969609375,0.008978199830956643,0.8185481862512219,0.840844001248778,
Wild,all-mpnet-base-v2,B1w_SigmaW_wh,E8/E8q,5,0.8474985937499999,0.009310105203429493,0.835938571299412,0.8590586162005879,
Wild,bge-base-en-v1.5,B1_raw,E8/E8q,5,0.861790625,0.005021267786922789,0.8555558975636377,0.8680253524363624,
Wild,bge-base-en-v1.5,B1b_SigmaT_wh,E8/E8q,5,0.8312603125000001,0.006964878264251241,0.8226122739074074,0.8399083510925928,
Wild,bge-base-en-v1.5,B1w_SigmaW_wh,E8/E8q,5,0.8485037500000001,0.005828711494451275,0.8412664487814235,0.8557410512185767,
Wild,bge-large-en-v1.5,B1_raw,E8/E8q,5,0.871923125,0.005020135530260903,0.8656898034459715,0.8781564465540286,
Wild,bge-large-en-v1.5,B1b_SigmaT_wh,E8/E8q,5,0.83232921875,0.012884507563591685,0.8163309895737041,0.8483274479262959,
Wild,bge-large-en-v1.5,B1w_SigmaW_wh,E8/E8q,5,0.8478781249999999,0.01045990628960902,0.8348904359356073,0.8608658140643926,
XSTest,Qwen3-Embedding-8B,B1_raw,E8/E8q,5,0.8269461077844312,0.03156185668447055,0.7877568866228573,0.8661353289460052,
XSTest,Qwen3-Embedding-8B,B1b_SigmaT_wh,E8/E8q,5,0.9381088569130396,0.011542985234513914,0.923776347715546,0.9524413661105332,
XSTest,Qwen3-Embedding-8B,B1w_SigmaW_wh,E8/E8q,5,0.9369916882652604,0.011283159996278538,0.9229817947119083,0.9510015818186124,
XSTest,all-mpnet-base-v2,B1_raw,E8/E8q,5,0.7851193136115828,0.02031858229210717,0.7598904614849328,0.8103481657382329,
XSTest,all-mpnet-base-v2,B1b_SigmaT_wh,E8/E8q,5,0.8969791759764053,0.013164081281965207,0.880633810179161,0.9133245417736496,
XSTest,all-mpnet-base-v2,B1w_SigmaW_wh,E8/E8q,5,0.8998570024130842,0.012555345462678415,0.8842674819670654,0.915446522859103,
XSTest,bge-base-en-v1.5,B1_raw,E8/E8q,5,0.7774689427115916,0.025573225596923294,0.745715589169949,0.8092222962532343,
XSTest,bge-base-en-v1.5,B1b_SigmaT_wh,E8/E8q,5,0.8679685405308787,0.022463360903125184,0.8400765940188101,0.8958604870429473,
XSTest,bge-base-en-v1.5,B1w_SigmaW_wh,E8/E8q,5,0.8731879524533023,0.021763394946064264,0.8461651284700845,0.90021077643652,
XSTest,bge-large-en-v1.5,B1_raw,E8/E8q,5,0.7813030655107696,0.025970747253867405,0.749056123639193,0.8135500073823461,
XSTest,bge-large-en-v1.5,B1b_SigmaT_wh,E8/E8q,5,0.8876753954777012,0.014998132850593381,0.8690527538768422,0.9062980370785603,
XSTest,bge-large-en-v1.5,B1w_SigmaW_wh,E8/E8q,5,0.8881401376351773,0.014604685528412402,0.87000602540946,0.9062742498608946,
AdvBench,Qwen3-Embedding-8B,A1_naive_cosine_raw,E12,5,0.9966312500000001,0.00031436940849900784,0.9962409088233303,0.9970215911766699,
AdvBench,Qwen3-Embedding-8B,A1b_cosine_whitened,E12,5,0.999953125,3.125000000003819e-05,0.9999143230000561,0.9999919269999439,
AdvBench,Qwen3-Embedding-8B,A2_rsfi_svd_raw_k20,E12,5,0.9985968749999999,0.00022108132694778997,0.9983223662756537,0.9988713837243461,
AdvBench,Qwen3-Embedding-8B,A3_rsfi_svd_whitened_k20,E12,5,0.9759062500000001,0.00958481363114328,0.9640051319847167,0.9878073680152835,
AdvBench,Qwen3-Embedding-8B,B1_discriminant_mean_raw,E12,5,0.9999656250000001,4.192627457812058e-05,0.9999135666542777,1.0000176833457226,
AdvBench,Qwen3-Embedding-8B,B1_raw,E12,5,0.9999656250000001,4.192627457812058e-05,0.9999135666542777,1.0000176833457226,
AdvBench,Qwen3-Embedding-8B,B1b_SigmaT_wh,E12,5,0.9999437499999999,5.014627042465375e-05,0.9998814851813694,1.0000060148186305,
AdvBench,Qwen3-Embedding-8B,B1b_discriminant_mean_whitened,E12,5,0.9999437499999999,5.014627042465375e-05,0.9998814851813694,1.0000060148186305,
AdvBench,Qwen3-Embedding-8B,B1w_SigmaW_wh,E12,5,0.9999500000000001,6.385255231782786e-05,0.9998707165845937,1.0000292834154065,
AdvBench,Qwen3-Embedding-8B,B2_contrastive_svd_raw_k20,E12,5,0.9998999999999999,0.000120322645676124,0.9997505997026952,1.0000494002973046,
AdvBench,Qwen3-Embedding-8B,B2b_contrastive_svd_whitened_k20,E12,5,0.9969718749999998,0.0016136699365305392,0.9949682391348261,0.9989755108651736,
AdvBench,Qwen3-Embedding-8B,C1_logreg_raw,E12,5,0.9999781249999999,1.781524101718607e-05,0.9999560044566096,1.0000002455433903,
AdvBench,Qwen3-Embedding-8B,C1b_logreg_whitened,E12,5,0.9999437499999999,5.014627042465375e-05,0.9998814851813694,1.0000060148186305,
AdvBench,all-mpnet-base-v2,A1_naive_cosine_raw,E12,5,0.994103125,0.0009758184665640875,0.992891486341285,0.995314763658715,
AdvBench,all-mpnet-base-v2,A1b_cosine_whitened,E12,5,0.9984031250000001,0.0006939857426039288,0.997541427888142,0.9992648221118581,
AdvBench,all-mpnet-base-v2,A2_rsfi_svd_raw_k20,E12,5,0.99810625,0.0006489926087791673,0.9973004192425785,0.9989120807574214,
AdvBench,all-mpnet-base-v2,A3_rsfi_svd_whitened_k20,E12,5,0.976315625,0.01077395246684395,0.9629379961035612,0.9896932538964388,
AdvBench,all-mpnet-base-v2,B1_discriminant_mean_raw,E12,5,0.9977718750000001,0.00034527361206365724,0.9973431611863709,0.9982005888136293,
AdvBench,all-mpnet-base-v2,B1_raw,E12,5,0.9977718750000001,0.00034527361206365724,0.9973431611863709,0.9982005888136293,
AdvBench,all-mpnet-base-v2,B1b_SigmaT_wh,E12,5,0.998440625,0.0006270863614268074,0.9976619944412517,0.9992192555587482,
AdvBench,all-mpnet-base-v2,B1b_discriminant_mean_whitened,E12,5,0.998440625,0.0006270863614268074,0.9976619944412517,0.9992192555587482,
AdvBench,all-mpnet-base-v2,B1w_SigmaW_wh,E12,5,0.9987406249999999,0.0004858344947098981,0.9981373817988332,0.9993438682011667,
AdvBench,all-mpnet-base-v2,B2_contrastive_svd_raw_k20,E12,5,0.9990500000000001,0.00036046031768420365,0.9986024294007505,0.9994975705992497,
AdvBench,all-mpnet-base-v2,B2b_contrastive_svd_whitened_k20,E12,5,0.98853125,0.005141337336663952,0.9821474365264435,0.9949150634735564,
AdvBench,all-mpnet-base-v2,C1_logreg_raw,E12,5,0.9985781250000001,0.00047841596538732135,0.9979840931196128,0.9991721568803874,
AdvBench,all-mpnet-base-v2,C1b_logreg_whitened,E12,5,0.998346875,0.0006910773405524456,0.9974887891462616,0.9992049608537383,
AdvBench,bge-base-en-v1.5,A1_naive_cosine_raw,E12,5,0.991021875,0.0022306185643644776,0.9882521962349037,0.9937915537650964,
AdvBench,bge-base-en-v1.5,A1b_cosine_whitened,E12,5,0.9994499999999998,0.000218861578686172,0.9991782474571552,0.9997217525428445,
AdvBench,bge-base-en-v1.5,A2_rsfi_svd_raw_k20,E12,5,0.998421875,0.0007014737555229633,0.9975508802920824,0.9992928697079176,
AdvBench,bge-base-en-v1.5,A3_rsfi_svd_whitened_k20,E12,5,0.9650187499999999,0.012438998614174579,0.9495736932470729,0.980463806752927,
AdvBench,bge-base-en-v1.5,B1_discriminant_mean_raw,E12,5,0.99754375,0.0007503579874799869,0.9966120575011814,0.9984754424988185,
AdvBench,bge-base-en-v1.5,B1_raw,E12,5,0.99754375,0.0007503579874799869,0.9966120575011814,0.9984754424988185,
AdvBench,bge-base-en-v1.5,B1b_SigmaT_wh,E12,5,0.999678125,0.00011191252862169164,0.9995391672422624,0.9998170827577375,
AdvBench,bge-base-en-v1.5,B1b_discriminant_mean_whitened,E12,5,0.999678125,0.00011191252862169164,0.9995391672422624,0.9998170827577375,
AdvBench,bge-base-en-v1.5,B1w_SigmaW_wh,E12,5,0.999821875,0.00011026424227735633,0.999684963860075,0.999958786139925,
AdvBench,bge-base-en-v1.5,B2_contrastive_svd_raw_k20,E12,5,0.99849375,0.000594838640147514,0.9977551602757883,0.9992323397242117,
AdvBench,bge-base-en-v1.5,B2b_contrastive_svd_whitened_k20,E12,5,0.9860875,0.004723618659691691,0.9802223527690173,0.9919526472309828,
AdvBench,bge-base-en-v1.5,C1_logreg_raw,E12,5,0.9991812500000001,0.0001840834559377749,0.9989526802000973,0.999409819799903,
AdvBench,bge-base-en-v1.5,C1b_logreg_whitened,E12,5,0.9997093750000001,0.00015092488301302336,0.9995219770063297,0.9998967729936705,
AdvBench,bge-large-en-v1.5,A1_naive_cosine_raw,E12,5,0.9964656250000001,0.0008029334645146451,0.9954686514241593,0.997462598575841,
AdvBench,bge-large-en-v1.5,A1b_cosine_whitened,E12,5,0.999390625,0.00034107624926472767,0.9989671229006456,0.9998141270993544,
AdvBench,bge-large-en-v1.5,A2_rsfi_svd_raw_k20,E12,5,0.9994531249999999,0.0002497557400491611,0.9991430122892362,0.9997632377107637,
AdvBench,bge-large-en-v1.5,A3_rsfi_svd_whitened_k20,E12,5,0.9609593750000001,0.012554590754916621,0.9453707916474382,0.9765479583525619,
AdvBench,bge-large-en-v1.5,B1_discriminant_mean_raw,E12,5,0.99914375,0.00017166179958714485,0.9989306037235858,0.9993568962764142,
AdvBench,bge-large-en-v1.5,B1_raw,E12,5,0.99914375,0.00017166179958714485,0.9989306037235858,0.9993568962764142,
AdvBench,bge-large-en-v1.5,B1b_SigmaT_wh,E12,5,0.9994781249999999,0.0003049077729412395,0.9990995319955662,0.9998567180044335,
AdvBench,bge-large-en-v1.5,B1b_discriminant_mean_whitened,E12,5,0.9994781249999999,0.0003049077729412395,0.9990995319955662,0.9998567180044335,
AdvBench,bge-large-en-v1.5,B1w_SigmaW_wh,E12,5,0.999740625,0.00020509858528886343,0.9994859614705643,0.9999952885294358,
AdvBench,bge-large-en-v1.5,B2_contrastive_svd_raw_k20,E12,5,0.9986625,0.0007346741412013827,0.997750281568459,0.999574718431541,
AdvBench,bge-large-en-v1.5,B2b_contrastive_svd_whitened_k20,E12,5,0.9874218750000001,0.0036128399223723413,0.9829359417371171,0.9919078082628832,
AdvBench,bge-large-en-v1.5,C1_logreg_raw,E12,5,0.999765625,9.504316453589351e-05,0.9996476133243204,0.9998836366756796,
AdvBench,bge-large-en-v1.5,C1b_logreg_whitened,E12,5,0.9994249999999999,0.0004404753735312642,0.9988780775865908,0.999971922413409,
HarmBench,Qwen3-Embedding-8B,A1_naive_cosine_raw,E12,5,0.842665,0.010266794168580557,0.8299170913039051,0.8554129086960949,
HarmBench,Qwen3-Embedding-8B,A1b_cosine_whitened,E12,5,0.9997849999999999,0.00023887758371181505,0.999488394304327,1.0000816056956727,
HarmBench,Qwen3-Embedding-8B,A2_rsfi_svd_raw_k20,E12,5,0.9728100000000002,0.0019511695210821982,0.97038730305128,0.9752326969487204,
HarmBench,Qwen3-Embedding-8B,A3_rsfi_svd_whitened_k20,E12,5,0.89711,0.014020371339590134,0.8797014096661829,0.914518590333817,
HarmBench,Qwen3-Embedding-8B,B1_discriminant_mean_raw,E12,5,0.999865,0.0001257477633995592,0.9997088635293321,1.000021136470668,
HarmBench,Qwen3-Embedding-8B,B1_raw,E12,5,0.999865,0.0001257477633995592,0.9997088635293321,1.000021136470668,
HarmBench,Qwen3-Embedding-8B,B1b_SigmaT_wh,E12,5,0.99982,0.00020946360065652296,0.9995599165881307,1.0000800834118693,
HarmBench,Qwen3-Embedding-8B,B1b_discriminant_mean_whitened,E12,5,0.99982,0.00020946360065652296,0.9995599165881307,1.0000800834118693,
HarmBench,Qwen3-Embedding-8B,B1w_SigmaW_wh,E12,5,0.9998699999999999,0.0001726629664983123,0.9996556106106759,1.0000843893893239,
HarmBench,Qwen3-Embedding-8B,B2_contrastive_svd_raw_k20,E12,5,0.9977699999999998,0.0014776882282809122,0.9959352077263739,0.9996047922736258,
HarmBench,Qwen3-Embedding-8B,B2b_contrastive_svd_whitened_k20,E12,5,0.9910650000000001,0.0025625060975537134,0.98788322843349,0.9942467715665102,
HarmBench,Qwen3-Embedding-8B,C1_logreg_raw,E12,5,0.999985,3.3541019662517975e-05,0.999943353323422,1.000026646676578,
HarmBench,Qwen3-Embedding-8B,C1b_logreg_whitened,E12,5,0.999835,0.00021183720164311612,0.9995719693732396,1.0000980306267606,
HarmBench,all-mpnet-base-v2,A1_naive_cosine_raw,E12,5,0.9459249999999999,0.001750803387019797,0.9437510904664042,0.9480989095335957,
HarmBench,all-mpnet-base-v2,A1b_cosine_whitened,E12,5,0.9982800000000001,0.0005566080308439499,0.9975888798469901,0.99897112015301,
HarmBench,all-mpnet-base-v2,A2_rsfi_svd_raw_k20,E12,5,0.979645,0.0016251346098092798,0.9776271288627649,0.981662871137235,
HarmBench,all-mpnet-base-v2,A3_rsfi_svd_whitened_k20,E12,5,0.948325,0.008045029521387735,0.9383357764788064,0.9583142235211936,
HarmBench,all-mpnet-base-v2,B1_discriminant_mean_raw,E12,5,0.991615,0.0019756011743264582,0.9891619671470298,0.9940680328529703,
HarmBench,all-mpnet-base-v2,B1_raw,E12,5,0.991615,0.0019756011743264582,0.9891619671470298,0.9940680328529703,
HarmBench,all-mpnet-base-v2,B1b_SigmaT_wh,E12,5,0.9983599999999999,0.0006544558808659437,0.9975473856943159,0.9991726143056839,
HarmBench,all-mpnet-base-v2,B1b_discriminant_mean_whitened,E12,5,0.9983599999999999,0.0006544558808659437,0.9975473856943159,0.9991726143056839,
HarmBench,all-mpnet-base-v2,B1w_SigmaW_wh,E12,5,0.9989049999999999,0.0005515319573696738,0.9982201826246752,0.9995898173753247,
HarmBench,all-mpnet-base-v2,B2_contrastive_svd_raw_k20,E12,5,0.9943949999999999,0.0010693748173582626,0.9930671957887004,0.9957228042112994,
HarmBench,all-mpnet-base-v2,B2b_contrastive_svd_whitened_k20,E12,5,0.9766999999999999,0.007466989855356732,0.9674285075216507,0.9859714924783491,
HarmBench,all-mpnet-base-v2,C1_logreg_raw,E12,5,0.9982200000000001,0.0006459972910159851,0.9974178884208084,0.9990221115791919,
HarmBench,all-mpnet-base-v2,C1b_logreg_whitened,E12,5,0.9981949999999999,0.000679935658720711,0.9973507483714714,0.9990392516285285,
HarmBench,bge-base-en-v1.5,A1_naive_cosine_raw,E12,5,0.891615,0.007376029589148917,0.8824564496094681,0.900773550390532,
HarmBench,bge-base-en-v1.5,A1b_cosine_whitened,E12,5,0.997285,0.0011529310473744937,0.9958534470260637,0.9987165529739362,
HarmBench,bge-base-en-v1.5,A2_rsfi_svd_raw_k20,E12,5,0.9658149999999999,0.001844468080504502,0.9635247903886014,0.9681052096113983,
HarmBench,bge-base-en-v1.5,A3_rsfi_svd_whitened_k20,E12,5,0.92217,0.016057537171060832,0.902231934194875,0.9421080658051251,
HarmBench,bge-base-en-v1.5,B1_discriminant_mean_raw,E12,5,0.98973,0.0013972517668623503,0.9879950827846604,0.9914649172153396,
HarmBench,bge-base-en-v1.5,B1_raw,E12,5,0.98973,0.0013972517668623503,0.9879950827846604,0.9914649172153396,
HarmBench,bge-base-en-v1.5,B1b_SigmaT_wh,E12,5,0.997155,0.001204730260265731,0.9956591298082814,0.9986508701917186,
HarmBench,bge-base-en-v1.5,B1b_discriminant_mean_whitened,E12,5,0.997155,0.001204730260265731,0.9956591298082814,0.9986508701917186,
HarmBench,bge-base-en-v1.5,B1w_SigmaW_wh,E12,5,0.9979849999999999,0.0011643936190137865,0.9965392143635323,0.9994307856364675,
HarmBench,bge-base-en-v1.5,B2_contrastive_svd_raw_k20,E12,5,0.9916250000000002,0.0022667432585098506,0.9888104665027374,0.994439533497263,
HarmBench,bge-base-en-v1.5,B2b_contrastive_svd_whitened_k20,E12,5,0.9674099999999999,0.008457903108927165,0.9569081262093493,0.9779118737906505,
HarmBench,bge-base-en-v1.5,C1_logreg_raw,E12,5,0.996005,0.0012491747275701558,0.9944539447133102,0.9975560552866899,
HarmBench,bge-base-en-v1.5,C1b_logreg_whitened,E12,5,0.99657,0.0015773197202849914,0.9946114988896653,0.9985285011103346,
HarmBench,bge-large-en-v1.5,A1_naive_cosine_raw,E12,5,0.9262024999999999,0.008258264799581104,0.9159485099107266,0.9364564900892732,
HarmBench,bge-large-en-v1.5,A1b_cosine_whitened,E12,5,0.9983600000000001,0.0002924038303442609,0.9979969326909248,0.9987230673090755,
HarmBench,bge-large-en-v1.5,A2_rsfi_svd_raw_k20,E12,5,0.9783099999999999,0.002597631132397355,0.9750846149422888,0.981535385057711,
HarmBench,bge-large-en-v1.5,A3_rsfi_svd_whitened_k20,E12,5,0.92716,0.011335061755455966,0.913085661900834,0.941234338099166,
HarmBench,bge-large-en-v1.5,B1_discriminant_mean_raw,E12,5,0.9910900000000001,0.0021048010594828543,0.9884765443010591,0.9937034556989411,
HarmBench,bge-large-en-v1.5,B1_raw,E12,5,0.9910900000000001,0.0021048010594828543,0.9884765443010591,0.9937034556989411,
HarmBench,bge-large-en-v1.5,B1b_SigmaT_wh,E12,5,0.998505,0.00044805133634441893,0.997948670786314,0.999061329213686,
HarmBench,bge-large-en-v1.5,B1b_discriminant_mean_whitened,E12,5,0.998505,0.00044805133634441893,0.997948670786314,0.999061329213686,
HarmBench,bge-large-en-v1.5,B1w_SigmaW_wh,E12,5,0.9988999999999999,0.0004952903189040047,0.998285015842358,0.9995149841576418,
HarmBench,bge-large-en-v1.5,B2_contrastive_svd_raw_k20,E12,5,0.993835,0.0013496064241103882,0.9921592422914376,0.9955107577085625,
HarmBench,bge-large-en-v1.5,B2b_contrastive_svd_whitened_k20,E12,5,0.9745699999999999,0.005530495004970176,0.9677029834600827,0.9814370165399172,
HarmBench,bge-large-en-v1.5,C1_logreg_raw,E12,5,0.99734,0.0010759588746787627,0.9960040206017635,0.9986759793982365,
HarmBench,bge-large-en-v1.5,C1b_logreg_whitened,E12,5,0.99846,0.000548178802946619,0.9977793461158028,0.9991406538841973,
AdvBench,,A1_raw,E14,5,0.9966312500000001,0.00031436940849900784,0.9962409088233303,0.9970215911766699,Qwen3-Embedding-8B
AdvBench,,B1_raw,E14,5,0.9999656250000001,4.192627457812058e-05,0.9999135666542777,1.0000176833457226,Qwen3-Embedding-8B
AdvBench,,B1b_SigmaT,E14,5,0.9999437499999999,5.014627042465375e-05,0.9998814851813694,1.0000060148186305,Qwen3-Embedding-8B
AdvBench,,B1w_SigmaW,E14,5,0.9999500000000001,6.385255231782786e-05,0.9998707165845937,1.0000292834154065,Qwen3-Embedding-8B
AdvBench,,A1_raw,E14,5,0.994103125,0.0009758184665640875,0.992891486341285,0.995314763658715,all-mpnet-base-v2
AdvBench,,B1_raw,E14,5,0.9977718750000001,0.00034527361206365724,0.9973431611863709,0.9982005888136293,all-mpnet-base-v2
AdvBench,,B1b_SigmaT,E14,5,0.998440625,0.0006270863614268074,0.9976619944412517,0.9992192555587482,all-mpnet-base-v2
AdvBench,,B1w_SigmaW,E14,5,0.9987406249999999,0.0004858344947098981,0.9981373817988332,0.9993438682011667,all-mpnet-base-v2
AdvBench,,A1_raw,E14,5,0.991021875,0.0022306185643644776,0.9882521962349037,0.9937915537650964,bge-base-en-v1.5
AdvBench,,B1_raw,E14,5,0.99754375,0.0007503579874799869,0.9966120575011814,0.9984754424988185,bge-base-en-v1.5
AdvBench,,B1b_SigmaT,E14,5,0.999678125,0.00011191252862169164,0.9995391672422624,0.9998170827577375,bge-base-en-v1.5
AdvBench,,B1w_SigmaW,E14,5,0.999821875,0.00011026424227735633,0.999684963860075,0.999958786139925,bge-base-en-v1.5
AdvBench,,A1_raw,E14,5,0.9964656250000001,0.0008029334645146451,0.9954686514241593,0.997462598575841,bge-large-en-v1.5
AdvBench,,B1_raw,E14,5,0.99914375,0.00017166179958714485,0.9989306037235858,0.9993568962764142,bge-large-en-v1.5
AdvBench,,B1b_SigmaT,E14,5,0.9994781249999999,0.0003049077729412395,0.9990995319955662,0.9998567180044335,bge-large-en-v1.5
AdvBench,,B1w_SigmaW,E14,5,0.999740625,0.00020509858528886343,0.9994859614705643,0.9999952885294358,bge-large-en-v1.5
HarmBench,,A1_raw,E14,5,0.842665,0.010266794168580557,0.8299170913039051,0.8554129086960949,Qwen3-Embedding-8B
HarmBench,,B1_raw,E14,5,0.999865,0.0001257477633995592,0.9997088635293321,1.000021136470668,Qwen3-Embedding-8B
HarmBench,,B1b_SigmaT,E14,5,0.99982,0.00020946360065652296,0.9995599165881307,1.0000800834118693,Qwen3-Embedding-8B
HarmBench,,B1w_SigmaW,E14,5,0.9998699999999999,0.0001726629664983123,0.9996556106106759,1.0000843893893239,Qwen3-Embedding-8B
HarmBench,,A1_raw,E14,5,0.9459249999999999,0.001750803387019797,0.9437510904664042,0.9480989095335957,all-mpnet-base-v2
HarmBench,,B1_raw,E14,5,0.991615,0.0019756011743264582,0.9891619671470298,0.9940680328529703,all-mpnet-base-v2
HarmBench,,B1b_SigmaT,E14,5,0.9983599999999999,0.0006544558808659437,0.9975473856943159,0.9991726143056839,all-mpnet-base-v2
HarmBench,,B1w_SigmaW,E14,5,0.9989049999999999,0.0005515319573696738,0.9982201826246752,0.9995898173753247,all-mpnet-base-v2
HarmBench,,A1_raw,E14,5,0.891615,0.007376029589148917,0.8824564496094681,0.900773550390532,bge-base-en-v1.5
HarmBench,,B1_raw,E14,5,0.98973,0.0013972517668623503,0.9879950827846604,0.9914649172153396,bge-base-en-v1.5
HarmBench,,B1b_SigmaT,E14,5,0.997155,0.001204730260265731,0.9956591298082814,0.9986508701917186,bge-base-en-v1.5
HarmBench,,B1w_SigmaW,E14,5,0.9979849999999999,0.0011643936190137865,0.9965392143635323,0.9994307856364675,bge-base-en-v1.5
HarmBench,,A1_raw,E14,5,0.9262024999999999,0.008258264799581104,0.9159485099107266,0.9364564900892732,bge-large-en-v1.5
HarmBench,,B1_raw,E14,5,0.9910900000000001,0.0021048010594828543,0.9884765443010591,0.9937034556989411,bge-large-en-v1.5
HarmBench,,B1b_SigmaT,E14,5,0.998505,0.00044805133634441893,0.997948670786314,0.999061329213686,bge-large-en-v1.5
HarmBench,,B1w_SigmaW,E14,5,0.9988999999999999,0.0004952903189040047,0.998285015842358,0.9995149841576418,bge-large-en-v1.5
AdvBench->AdvBench,,A1_raw,E13_transfer,5,0.996875,0.0019197167759854477,0.994491356792511,0.9992586432074889,Qwen3-Embedding-8B
AdvBench->AdvBench,,B1_raw,E13_transfer,5,0.9999750000000001,4.330127018921716e-05,0.9999212343717296,1.0000287656282705,Qwen3-Embedding-8B
AdvBench->AdvBench,,B1b_SigmaT,E13_transfer,5,0.9999399999999999,5.184110338332162e-05,0.9998756307683017,1.0000043692316982,Qwen3-Embedding-8B
AdvBench->AdvBench,,B1w_SigmaW,E13_transfer,5,0.9999500000000001,7.071067811864696e-05,0.9998622010966917,1.0000377989033087,Qwen3-Embedding-8B
AdvBench->AdvBench,,A1_raw,E13_transfer,5,0.99419,0.0014260522430822877,0.992419322270207,0.995960677729793,all-mpnet-base-v2
AdvBench->AdvBench,,B1_raw,E13_transfer,5,0.9979250000000001,0.0010324424923452192,0.9966430533270393,0.9992069466729608,all-mpnet-base-v2
AdvBench->AdvBench,,B1b_SigmaT,E13_transfer,5,0.9986900000000001,0.0006825045787392195,0.9978425586359704,0.9995374413640298,all-mpnet-base-v2
AdvBench->AdvBench,,B1w_SigmaW,E13_transfer,5,0.9989049999999999,0.0006440593916713522,0.9981052946406566,0.9997047053593433,all-mpnet-base-v2
AdvBench->AdvBench,,A1_raw,E13_transfer,5,0.9909649999999999,0.001442177173581683,0.9891743005245323,0.9927556994754675,bge-base-en-v1.5
AdvBench->AdvBench,,B1_raw,E13_transfer,5,0.997765,0.00102722319872556,0.9964895339360228,0.9990404660639772,bge-base-en-v1.5
AdvBench->AdvBench,,B1b_SigmaT,E13_transfer,5,0.99977,0.00020263884129158855,0.9995183906461306,1.0000216093538696,bge-base-en-v1.5
AdvBench->AdvBench,,B1w_SigmaW,E13_transfer,5,0.9998950000000001,0.00014295978455496262,0.9997174919823272,1.000072508017673,bge-base-en-v1.5
AdvBench->AdvBench,,A1_raw,E13_transfer,5,0.996355,0.0008563001810113061,0.9952917628935829,0.9974182371064171,bge-large-en-v1.5
AdvBench->AdvBench,,B1_raw,E13_transfer,5,0.9992049999999999,0.0003572464135579579,0.9987614199897976,0.9996485800102022,bge-large-en-v1.5
AdvBench->AdvBench,,B1b_SigmaT,E13_transfer,5,0.999555,0.00016143884290962453,0.9993545472008474,0.9997554527991526,bge-large-en-v1.5
AdvBench->AdvBench,,B1w_SigmaW,E13_transfer,5,0.9997999999999999,5.5901699437488585e-05,0.99973058887237,0.9998694111276298,bge-large-en-v1.5
AdvBench->HarmBench,,A1_raw,E13_transfer,5,0.7974499999999999,0.013483149205582502,0.7807084590490184,0.8141915409509813,Qwen3-Embedding-8B
AdvBench->HarmBench,,B1_raw,E13_transfer,5,0.9359250000000001,0.00951638389830928,0.9241088487203835,0.9477411512796168,Qwen3-Embedding-8B
AdvBench->HarmBench,,B1b_SigmaT,E13_transfer,5,0.9588550000000001,0.017372773238605276,0.9372838529206661,0.9804261470793342,Qwen3-Embedding-8B
AdvBench->HarmBench,,B1w_SigmaW,E13_transfer,5,0.96388,0.01516602288010931,0.9450488953938336,0.9827111046061663,Qwen3-Embedding-8B
AdvBench->HarmBench,,A1_raw,E13_transfer,5,0.85443,0.018625951317986368,0.8313028268161603,0.8775571731838397,all-mpnet-base-v2
AdvBench->HarmBench,,B1_raw,E13_transfer,5,0.9502050000000001,0.008650332363556897,0.9394641937316746,0.9609458062683256,all-mpnet-base-v2
AdvBench->HarmBench,,B1b_SigmaT,E13_transfer,5,0.9302400000000001,0.013516825163476825,0.9134566448244962,0.947023355175504,all-mpnet-base-v2
AdvBench->HarmBench,,B1w_SigmaW,E13_transfer,5,0.9448250000000001,0.009215306560283286,0.9333826856116854,0.9562673143883149,all-mpnet-base-v2
AdvBench->HarmBench,,A1_raw,E13_transfer,5,0.8498999999999999,0.014011881119250214,0.8325019516671158,0.8672980483328839,bge-base-en-v1.5
AdvBench->HarmBench,,B1_raw,E13_transfer,5,0.9014049999999999,0.013319832487685448,0.884866243537936,0.9179437564620638,bge-base-en-v1.5
AdvBench->HarmBench,,B1b_SigmaT,E13_transfer,5,0.9430099999999999,0.011497195310161506,0.9287343465030552,0.9572856534969446,bge-base-en-v1.5
AdvBench->HarmBench,,B1w_SigmaW,E13_transfer,5,0.9503450000000001,0.009468754537952704,0.9385879883823957,0.9621020116176046,bge-base-en-v1.5
AdvBench->HarmBench,,A1_raw,E13_transfer,5,0.867125,0.011818351725177255,0.852450578144738,0.8817994218552621,bge-large-en-v1.5
AdvBench->HarmBench,,B1_raw,E13_transfer,5,0.91346,0.016691376890478487,0.8927349182346426,0.9341850817653575,bge-large-en-v1.5
AdvBench->HarmBench,,B1b_SigmaT,E13_transfer,5,0.896765,0.04694345867636939,0.838476997410386,0.9550530025896141,bge-large-en-v1.5
AdvBench->HarmBench,,B1w_SigmaW,E13_transfer,5,0.9188750000000001,0.03539239413348581,0.8749295383942126,0.9628204616057876,bge-large-en-v1.5
AdvBench->ToxicChat,,A1_raw,E13_transfer,5,0.7008,0.013118212530676583,0.6845115877798733,0.7170884122201266,Qwen3-Embedding-8B
AdvBench->ToxicChat,,B1_raw,E13_transfer,5,0.886185,0.01831131480806331,0.8634484996430523,0.9089215003569477,Qwen3-Embedding-8B
AdvBench->ToxicChat,,B1b_SigmaT,E13_transfer,5,0.88368,0.02053813069634135,0.8581785425239493,0.9091814574760507,Qwen3-Embedding-8B
AdvBench->ToxicChat,,B1w_SigmaW,E13_transfer,5,0.89219,0.017831210348711577,0.8700496280656065,0.9143303719343936,Qwen3-Embedding-8B
AdvBench->ToxicChat,,A1_raw,E13_transfer,5,0.8097949999999999,0.022581383372149707,0.7817565092371644,0.8378334907628354,all-mpnet-base-v2
AdvBench->ToxicChat,,B1_raw,E13_transfer,5,0.8036300000000001,0.016930791106738046,0.7826076462216549,0.8246523537783452,all-mpnet-base-v2
AdvBench->ToxicChat,,B1b_SigmaT,E13_transfer,5,0.708185,0.05111944835383107,0.6447118213710111,0.7716581786289888,all-mpnet-base-v2
AdvBench->ToxicChat,,B1w_SigmaW,E13_transfer,5,0.72573,0.05156260575746721,0.6617065687773787,0.7897534312226213,all-mpnet-base-v2
AdvBench->ToxicChat,,A1_raw,E13_transfer,5,0.6849350000000001,0.018644491478718318,0.6617848061660586,0.7080851938339415,bge-base-en-v1.5
AdvBench->ToxicChat,,B1_raw,E13_transfer,5,0.6593349999999999,0.02522670707801551,0.628011906027996,0.6906580939720038,bge-base-en-v1.5
AdvBench->ToxicChat,,B1b_SigmaT,E13_transfer,5,0.7134050000000001,0.05100309855783272,0.6500762887239008,0.7767337112760994,bge-base-en-v1.5
AdvBench->ToxicChat,,B1w_SigmaW,E13_transfer,5,0.71275,0.04270013539205702,0.6597307791652564,0.7657692208347436,bge-base-en-v1.5
AdvBench->ToxicChat,,A1_raw,E13_transfer,5,0.76166,0.01771561458149276,0.7396631591681068,0.7836568408318932,bge-large-en-v1.5
AdvBench->ToxicChat,,B1_raw,E13_transfer,5,0.7407199999999999,0.023888225394532763,0.7110588505466316,0.7703811494533682,bge-large-en-v1.5
AdvBench->ToxicChat,,B1b_SigmaT,E13_transfer,5,0.8136899999999999,0.04806068949775895,0.7540147721217828,0.873365227878217,bge-large-en-v1.5
AdvBench->ToxicChat,,B1w_SigmaW,E13_transfer,5,0.82241,0.03436432834350184,0.7797410506734205,0.8650789493265795,bge-large-en-v1.5
AdvBench->Wild,,A1_raw,E13_transfer,5,0.7662475,0.044257114011478416,0.7112950348675477,0.8211999651324522,Qwen3-Embedding-8B
AdvBench->Wild,,B1_raw,E13_transfer,5,0.7765025,0.027329381796429252,0.7425685905302084,0.8104364094697916,Qwen3-Embedding-8B
AdvBench->Wild,,B1b_SigmaT,E13_transfer,5,0.7829825,0.02075380913832445,0.7572132423673502,0.8087517576326498,Qwen3-Embedding-8B
AdvBench->Wild,,B1w_SigmaW,E13_transfer,5,0.7857925,0.02340724981175707,0.7567285606117794,0.8148564393882206,Qwen3-Embedding-8B
AdvBench->Wild,,A1_raw,E13_transfer,5,0.5205675,0.022251695160144556,0.4929383712206435,0.5481966287793565,all-mpnet-base-v2
AdvBench->Wild,,B1_raw,E13_transfer,5,0.6519525,0.03266780764376452,0.6113900593484918,0.6925149406515083,all-mpnet-base-v2
AdvBench->Wild,,B1b_SigmaT,E13_transfer,5,0.6413325000000001,0.027654025475507125,0.606995492161653,0.6756695078383471,all-mpnet-base-v2
AdvBench->Wild,,B1w_SigmaW,E13_transfer,5,0.6539275,0.03210387486348027,0.6140652743791777,0.6937897256208223,all-mpnet-base-v2
AdvBench->Wild,,A1_raw,E13_transfer,5,0.5638275,0.02493638061397445,0.5328648939461216,0.5947901060538785,bge-base-en-v1.5
AdvBench->Wild,,B1_raw,E13_transfer,5,0.6593075,0.029227903780035286,0.6230162641333664,0.6955987358666337,bge-base-en-v1.5
AdvBench->Wild,,B1b_SigmaT,E13_transfer,5,0.64413,0.025921372395669974,0.6119443651122637,0.6763156348877363,bge-base-en-v1.5
AdvBench->Wild,,B1w_SigmaW,E13_transfer,5,0.65722,0.029752366765099562,0.6202775573264216,0.6941624426735784,bge-base-en-v1.5
AdvBench->Wild,,A1_raw,E13_transfer,5,0.5900875,0.023675572524756414,0.5606903939591477,0.6194846060408523,bge-large-en-v1.5
AdvBench->Wild,,B1_raw,E13_transfer,5,0.6691675000000001,0.03531225730005092,0.6253215414152188,0.7130134585847815,bge-large-en-v1.5
AdvBench->Wild,,B1b_SigmaT,E13_transfer,5,0.66611,0.03951695581487781,0.6170432186460573,0.7151767813539427,bge-large-en-v1.5
AdvBench->Wild,,B1w_SigmaW,E13_transfer,5,0.6786325,0.044054191237894724,0.6239319967699223,0.7333330032300777,bge-large-en-v1.5
AdvBench->XSTest,,A1_raw,E13_transfer,5,0.7759349999999999,0.007009738761180774,0.7672312597434283,0.7846387402565715,Qwen3-Embedding-8B
AdvBench->XSTest,,B1_raw,E13_transfer,5,0.8160149999999999,0.005906818094371932,0.8086807166282798,0.8233492833717201,Qwen3-Embedding-8B
AdvBench->XSTest,,B1b_SigmaT,E13_transfer,5,0.820775,0.015888567037338524,0.8010467383266897,0.8405032616733104,Qwen3-Embedding-8B
AdvBench->XSTest,,B1w_SigmaW,E13_transfer,5,0.8234999999999999,0.012260492955016125,0.8082765872975255,0.8387234127024743,Qwen3-Embedding-8B
AdvBench->XSTest,,A1_raw,E13_transfer,5,0.758725,0.007228091898973104,0.7497501385133368,0.7676998614866631,all-mpnet-base-v2
AdvBench->XSTest,,B1_raw,E13_transfer,5,0.7793199999999999,0.006332219200248896,0.7714575113903162,0.7871824886096837,all-mpnet-base-v2
AdvBench->XSTest,,B1b_SigmaT,E13_transfer,5,0.748085,0.018243060324408318,0.7254332487781227,0.7707367512218773,all-mpnet-base-v2
AdvBench->XSTest,,B1w_SigmaW,E13_transfer,5,0.76338,0.017631234712861148,0.7414879306131598,0.7852720693868401,all-mpnet-base-v2
AdvBench->XSTest,,A1_raw,E13_transfer,5,0.7735400000000001,0.0061612600172367415,0.765889785253025,0.7811902147469753,bge-base-en-v1.5
AdvBench->XSTest,,B1_raw,E13_transfer,5,0.75996,0.002887938278426372,0.7563741510106434,0.7635458489893565,bge-base-en-v1.5
AdvBench->XSTest,,B1b_SigmaT,E13_transfer,5,0.71399,0.02571509527495476,0.6820604919867089,0.7459195080132911,bge-base-en-v1.5
AdvBench->XSTest,,B1w_SigmaW,E13_transfer,5,0.730715,0.013447148861375794,0.714018159380343,0.747411840619657,bge-base-en-v1.5
AdvBench->XSTest,,A1_raw,E13_transfer,5,0.763445,0.005623483128809075,0.7564625234544515,0.7704274765455486,bge-large-en-v1.5
AdvBench->XSTest,,B1_raw,E13_transfer,5,0.768985,0.0027175701462887783,0.7656106909867599,0.7723593090132401,bge-large-en-v1.5
AdvBench->XSTest,,B1b_SigmaT,E13_transfer,5,0.711575,0.024187697027621264,0.6815420074013424,0.7416079925986575,bge-large-en-v1.5
AdvBench->XSTest,,B1w_SigmaW,E13_transfer,5,0.723855,0.01170507902579051,0.7093212247775459,0.7383887752224542,bge-large-en-v1.5
HarmBench->AdvBench,,A1_raw,E13_transfer,5,0.9724499999999999,0.006765630051961184,0.9640493607393142,0.9808506392606856,Qwen3-Embedding-8B
HarmBench->AdvBench,,B1_raw,E13_transfer,5,0.99992,3.7080992435466744e-05,0.9998739578666752,0.9999660421333249,Qwen3-Embedding-8B
HarmBench->AdvBench,,B1b_SigmaT,E13_transfer,5,0.999615,0.00019732587260672457,0.9993699875680702,0.9998600124319299,Qwen3-Embedding-8B
HarmBench->AdvBench,,B1w_SigmaW,E13_transfer,5,0.9997,0.00015103807466988796,0.9995124614603245,0.9998875385396756,Qwen3-Embedding-8B
HarmBench->AdvBench,,A1_raw,E13_transfer,5,0.9727049999999998,0.005941469725581381,0.9653276909453278,0.9800823090546719,all-mpnet-base-v2
HarmBench->AdvBench,,B1_raw,E13_transfer,5,0.9945,0.0011243053410884326,0.9931039905349823,0.9958960094650178,all-mpnet-base-v2
HarmBench->AdvBench,,B1b_SigmaT,E13_transfer,5,0.99649,0.0013676622390049224,0.9947918230361248,0.9981881769638752,all-mpnet-base-v2
HarmBench->AdvBench,,B1w_SigmaW,E13_transfer,5,0.9973700000000001,0.0013068808285379067,0.9957472931252619,0.9989927068747383,all-mpnet-base-v2
HarmBench->AdvBench,,A1_raw,E13_transfer,5,0.92727,0.015604340341712621,0.9078946523819769,0.9466453476180232,bge-base-en-v1.5
HarmBench->AdvBench,,B1_raw,E13_transfer,5,0.9957050000000001,0.002699328620231336,0.9923533408329378,0.9990566591670623,bge-base-en-v1.5
HarmBench->AdvBench,,B1b_SigmaT,E13_transfer,5,0.9957800000000001,0.0015214507878995164,0.9938908693316265,0.9976691306683737,bge-base-en-v1.5
HarmBench->AdvBench,,B1w_SigmaW,E13_transfer,5,0.9969300000000001,0.001299326748743353,0.9953166727541823,0.9985433272458178,bge-base-en-v1.5
HarmBench->AdvBench,,A1_raw,E13_transfer,5,0.9514950000000001,0.013529105199531844,0.93469639714583,0.9682936028541702,bge-large-en-v1.5
HarmBench->AdvBench,,B1_raw,E13_transfer,5,0.9925650000000001,0.0030368877983883453,0.988794205754157,0.9963357942458433,bge-large-en-v1.5
HarmBench->AdvBench,,B1b_SigmaT,E13_transfer,5,0.9967099999999999,0.0013400792886989622,0.9950460717924838,0.9983739282075159,bge-large-en-v1.5
HarmBench->AdvBench,,B1w_SigmaW,E13_transfer,5,0.9972900000000001,0.0012162442188968553,0.9957798333403725,0.9988001666596278,bge-large-en-v1.5
HarmBench->HarmBench,,A1_raw,E13_transfer,5,0.842665,0.010266794168580557,0.8299170913039051,0.8554129086960949,Qwen3-Embedding-8B
HarmBench->HarmBench,,B1_raw,E13_transfer,5,0.999865,0.0001257477633995592,0.9997088635293321,1.000021136470668,Qwen3-Embedding-8B
HarmBench->HarmBench,,B1b_SigmaT,E13_transfer,5,0.99982,0.00020946360065652296,0.9995599165881307,1.0000800834118693,Qwen3-Embedding-8B
HarmBench->HarmBench,,B1w_SigmaW,E13_transfer,5,0.9998699999999999,0.0001726629664983123,0.9996556106106759,1.0000843893893239,Qwen3-Embedding-8B
HarmBench->HarmBench,,A1_raw,E13_transfer,5,0.9459249999999999,0.001750803387019797,0.9437510904664042,0.9480989095335957,all-mpnet-base-v2
HarmBench->HarmBench,,B1_raw,E13_transfer,5,0.991615,0.0019756011743264582,0.9891619671470298,0.9940680328529703,all-mpnet-base-v2
HarmBench->HarmBench,,B1b_SigmaT,E13_transfer,5,0.9983599999999999,0.0006544558808659437,0.9975473856943159,0.9991726143056839,all-mpnet-base-v2
HarmBench->HarmBench,,B1w_SigmaW,E13_transfer,5,0.9989049999999999,0.0005515319573696738,0.9982201826246752,0.9995898173753247,all-mpnet-base-v2
HarmBench->HarmBench,,A1_raw,E13_transfer,5,0.891615,0.007376029589148917,0.8824564496094681,0.900773550390532,bge-base-en-v1.5
HarmBench->HarmBench,,B1_raw,E13_transfer,5,0.98973,0.0013972517668623503,0.9879950827846604,0.9914649172153396,bge-base-en-v1.5
HarmBench->HarmBench,,B1b_SigmaT,E13_transfer,5,0.997155,0.001204730260265731,0.9956591298082814,0.9986508701917186,bge-base-en-v1.5
HarmBench->HarmBench,,B1w_SigmaW,E13_transfer,5,0.9979849999999999,0.0011643936190137865,0.9965392143635323,0.9994307856364675,bge-base-en-v1.5
HarmBench->HarmBench,,A1_raw,E13_transfer,5,0.9262024999999999,0.008258264799581104,0.9159485099107266,0.9364564900892732,bge-large-en-v1.5
HarmBench->HarmBench,,B1_raw,E13_transfer,5,0.9910900000000001,0.0021048010594828543,0.9884765443010591,0.9937034556989411,bge-large-en-v1.5
HarmBench->HarmBench,,B1b_SigmaT,E13_transfer,5,0.998505,0.00044805133634441893,0.997948670786314,0.999061329213686,bge-large-en-v1.5
HarmBench->HarmBench,,B1w_SigmaW,E13_transfer,5,0.9988999999999999,0.0004952903189040047,0.998285015842358,0.9995149841576418,bge-large-en-v1.5
HarmBench->ToxicChat,,A1_raw,E13_transfer,5,0.6610699999999999,0.009714718215161958,0.649007584139539,0.6731324158604609,Qwen3-Embedding-8B
HarmBench->ToxicChat,,B1_raw,E13_transfer,5,0.914565,0.0169386724686441,0.8935328602183192,0.9355971397816807,Qwen3-Embedding-8B
HarmBench->ToxicChat,,B1b_SigmaT,E13_transfer,5,0.857655,0.024137033268403163,0.8276849147671772,0.8876250852328227,Qwen3-Embedding-8B
HarmBench->ToxicChat,,B1w_SigmaW,E13_transfer,5,0.86344,0.023183834615955988,0.8346534672170572,0.8922265327829427,Qwen3-Embedding-8B
HarmBench->ToxicChat,,A1_raw,E13_transfer,5,0.8313599999999999,0.02805721052599484,0.7965223717998483,0.8661976282001514,all-mpnet-base-v2
HarmBench->ToxicChat,,B1_raw,E13_transfer,5,0.859375,0.017492882481169304,0.8376547175983227,0.8810952824016773,all-mpnet-base-v2
HarmBench->ToxicChat,,B1b_SigmaT,E13_transfer,5,0.7786249999999999,0.0214717838103871,0.7519642590654277,0.8052857409345721,all-mpnet-base-v2
HarmBench->ToxicChat,,B1w_SigmaW,E13_transfer,5,0.7938749999999999,0.019023373780694113,0.7702543616521386,0.8174956383478612,all-mpnet-base-v2
HarmBench->ToxicChat,,A1_raw,E13_transfer,5,0.6894699999999999,0.0214143088844819,0.6628806236117237,0.7160593763882761,bge-base-en-v1.5
HarmBench->ToxicChat,,B1_raw,E13_transfer,5,0.7221949999999999,0.024533315358915484,0.691732865562255,0.7526571344377448,bge-base-en-v1.5
HarmBench->ToxicChat,,B1b_SigmaT,E13_transfer,5,0.6871,0.029654299856850454,0.6502793234758097,0.7239206765241903,bge-base-en-v1.5
HarmBench->ToxicChat,,B1w_SigmaW,E13_transfer,5,0.7116,0.02762894768173407,0.6772941303553354,0.7459058696446647,bge-base-en-v1.5
HarmBench->ToxicChat,,A1_raw,E13_transfer,5,0.7488600000000001,0.014247089615075767,0.7311699017457778,0.7665500982542224,bge-large-en-v1.5
HarmBench->ToxicChat,,B1_raw,E13_transfer,5,0.76458,0.014698590493649431,0.7463292893596954,0.7828307106403046,bge-large-en-v1.5
HarmBench->ToxicChat,,B1b_SigmaT,E13_transfer,5,0.781025,0.017878714648989706,0.7588256436861912,0.8032243563138087,bge-large-en-v1.5
HarmBench->ToxicChat,,B1w_SigmaW,E13_transfer,5,0.797475,0.010222126735665074,0.7847825532472485,0.8101674467527515,bge-large-en-v1.5
HarmBench->Wild,,A1_raw,E13_transfer,5,0.7367825000000001,0.052011627756445,0.6722015343268466,0.8013634656731536,Qwen3-Embedding-8B
HarmBench->Wild,,B1_raw,E13_transfer,5,0.7646624999999999,0.021057868556076605,0.7385157027350124,0.7908092972649874,Qwen3-Embedding-8B
HarmBench->Wild,,B1b_SigmaT,E13_transfer,5,0.6938375000000001,0.03587136741190668,0.6492973145182958,0.7383776854817045,Qwen3-Embedding-8B
HarmBench->Wild,,B1w_SigmaW,E13_transfer,5,0.6971225000000001,0.03294696069063124,0.6562134450602086,0.7380315549397916,Qwen3-Embedding-8B
HarmBench->Wild,,A1_raw,E13_transfer,5,0.5072224999999999,0.01498913252159709,0.4886110337836276,0.5258339662163722,all-mpnet-base-v2
HarmBench->Wild,,B1_raw,E13_transfer,5,0.6628875,0.027553317631457783,0.6286755374659457,0.6970994625340542,all-mpnet-base-v2
HarmBench->Wild,,B1b_SigmaT,E13_transfer,5,0.5626574999999999,0.02048873470959104,0.5372173757423528,0.588097624257647,all-mpnet-base-v2
HarmBench->Wild,,B1w_SigmaW,E13_transfer,5,0.5768425,0.013945882008679163,0.5595264003866255,0.5941585996133746,all-mpnet-base-v2
HarmBench->Wild,,A1_raw,E13_transfer,5,0.5415575,0.023563525508187397,0.5122995187057277,0.5708154812942724,bge-base-en-v1.5
HarmBench->Wild,,B1_raw,E13_transfer,5,0.6636875,0.02601102680835572,0.6313905444557517,0.6959844555442483,bge-base-en-v1.5
HarmBench->Wild,,B1b_SigmaT,E13_transfer,5,0.60069,0.05580605183915992,0.531397634549422,0.6699823654505779,bge-base-en-v1.5
HarmBench->Wild,,B1w_SigmaW,E13_transfer,5,0.615625,0.04599226922130503,0.5585180551122103,0.6727319448877896,bge-base-en-v1.5
HarmBench->Wild,,A1_raw,E13_transfer,5,0.5791575,0.025511321935074237,0.5474810100066323,0.6108339899933677,bge-large-en-v1.5
HarmBench->Wild,,B1_raw,E13_transfer,5,0.6679975,0.02788210307482205,0.633377296417787,0.7026177035822131,bge-large-en-v1.5
HarmBench->Wild,,B1b_SigmaT,E13_transfer,5,0.6149249999999999,0.06158354018627869,0.5384589352687628,0.6913910647312371,bge-large-en-v1.5
HarmBench->Wild,,B1w_SigmaW,E13_transfer,5,0.630975,0.06068072245882541,0.5556299315378818,0.7063200684621181,bge-large-en-v1.5
HarmBench->XSTest,,A1_raw,E13_transfer,5,0.7669999999999999,0.006681855094208473,0.7587033810883068,0.775296618911693,Qwen3-Embedding-8B
HarmBench->XSTest,,B1_raw,E13_transfer,5,0.8203100000000001,0.006764073292033391,0.8119112937120706,0.8287087062879296,Qwen3-Embedding-8B
HarmBench->XSTest,,B1b_SigmaT,E13_transfer,5,0.8234200000000002,0.009177918473161512,0.8120241090534263,0.834815890946574,Qwen3-Embedding-8B
HarmBench->XSTest,,B1w_SigmaW,E13_transfer,5,0.8278549999999999,0.007941532440278756,0.8179942850783385,0.8377157149216613,Qwen3-Embedding-8B
HarmBench->XSTest,,A1_raw,E13_transfer,5,0.755495,0.007256385119327708,0.7464850078402293,0.7645049921597707,all-mpnet-base-v2
HarmBench->XSTest,,B1_raw,E13_transfer,5,0.7955200000000001,0.007411043280132719,0.7863179743699293,0.8047220256300709,all-mpnet-base-v2
HarmBench->XSTest,,B1b_SigmaT,E13_transfer,5,0.8032300000000001,0.014877598512528836,0.7847570215472631,0.8217029784527371,all-mpnet-base-v2
HarmBench->XSTest,,B1w_SigmaW,E13_transfer,5,0.8138,0.011770102484685503,0.7991854874895973,0.8284145125104027,all-mpnet-base-v2
HarmBench->XSTest,,A1_raw,E13_transfer,5,0.7689549999999999,0.009266596597456921,0.7574490006190602,0.7804609993809397,bge-base-en-v1.5
HarmBench->XSTest,,B1_raw,E13_transfer,5,0.7525,0.004548213935161826,0.7468526465005808,0.7581473534994191,bge-base-en-v1.5
HarmBench->XSTest,,B1b_SigmaT,E13_transfer,5,0.70753,0.02815493629010729,0.6725710292368531,0.7424889707631469,bge-base-en-v1.5
HarmBench->XSTest,,B1w_SigmaW,E13_transfer,5,0.72862,0.029946109931007724,0.6914369934124155,0.7658030065875846,bge-base-en-v1.5
HarmBench->XSTest,,A1_raw,E13_transfer,5,0.751835,0.005699660077583612,0.7447579372796652,0.7589120627203348,bge-large-en-v1.5
HarmBench->XSTest,,B1_raw,E13_transfer,5,0.75682,0.005050909571552461,0.7505484674268206,0.7630915325731795,bge-large-en-v1.5
HarmBench->XSTest,,B1b_SigmaT,E13_transfer,5,0.67766,0.03450238035266552,0.6348196364637623,0.7205003635362378,bge-large-en-v1.5
HarmBench->XSTest,,B1w_SigmaW,E13_transfer,5,0.6993600000000001,0.029576355632498046,0.6626361040130561,0.7360838959869441,bge-large-en-v1.5
ToxicChat->AdvBench,,A1_raw,E13_transfer,5,0.8520749999999999,0.01246102674341086,0.8366025917120523,0.8675474082879475,Qwen3-Embedding-8B
ToxicChat->AdvBench,,B1_raw,E13_transfer,5,0.9622449999999999,0.014108977638369116,0.944726390414975,0.9797636095850248,Qwen3-Embedding-8B
ToxicChat->AdvBench,,B1b_SigmaT,E13_transfer,5,0.9902049999999999,0.00897105414653151,0.9790659650403151,1.0013440349596847,Qwen3-Embedding-8B
ToxicChat->AdvBench,,B1w_SigmaW,E13_transfer,5,0.993835,0.005717560668676831,0.9867357107601582,1.0009342892398418,Qwen3-Embedding-8B
ToxicChat->AdvBench,,A1_raw,E13_transfer,5,0.85686,0.021659752422407794,0.8299658652070894,0.8837541347929105,all-mpnet-base-v2
ToxicChat->AdvBench,,B1_raw,E13_transfer,5,0.9157,0.014033765086390764,0.8982747791329796,0.9331252208670203,all-mpnet-base-v2
ToxicChat->AdvBench,,B1b_SigmaT,E13_transfer,5,0.9667199999999999,0.018843080626585455,0.9433232251707179,0.990116774829282,all-mpnet-base-v2
ToxicChat->AdvBench,,B1w_SigmaW,E13_transfer,5,0.9730649999999998,0.016133830915191837,0.9530322029994992,0.9930977970005005,all-mpnet-base-v2
ToxicChat->AdvBench,,A1_raw,E13_transfer,5,0.72117,0.025314733852047515,0.6897376063518024,0.7526023936481976,bge-base-en-v1.5
ToxicChat->AdvBench,,B1_raw,E13_transfer,5,0.746275,0.039101830200132595,0.6977236651766185,0.7948263348233815,bge-base-en-v1.5
ToxicChat->AdvBench,,B1b_SigmaT,E13_transfer,5,0.93847,0.03223369452141654,0.8984465819836591,0.9784934180163409,bge-base-en-v1.5
ToxicChat->AdvBench,,B1w_SigmaW,E13_transfer,5,0.94451,0.028953721695146543,0.9085592061571252,0.9804607938428748,bge-base-en-v1.5
ToxicChat->AdvBench,,A1_raw,E13_transfer,5,0.82729,0.023977688848177147,0.7975177669970864,0.8570622330029135,bge-large-en-v1.5
ToxicChat->AdvBench,,B1_raw,E13_transfer,5,0.865865,0.030234224192130357,0.8283242523070103,0.9034057476929896,bge-large-en-v1.5
ToxicChat->AdvBench,,B1b_SigmaT,E13_transfer,5,0.9568850000000001,0.029034067274496683,0.9208344439438314,0.9929355560561688,bge-large-en-v1.5
ToxicChat->AdvBench,,B1w_SigmaW,E13_transfer,5,0.966505,0.022799440782615688,0.9381957552010474,0.9948142447989525,bge-large-en-v1.5
ToxicChat->HarmBench,,A1_raw,E13_transfer,5,0.6603,0.016902348209642374,0.6393129627429832,0.6812870372570168,Qwen3-Embedding-8B
ToxicChat->HarmBench,,B1_raw,E13_transfer,5,0.8805349999999998,0.012345338188968298,0.8652062380251079,0.8958637619748918,Qwen3-Embedding-8B
ToxicChat->HarmBench,,B1b_SigmaT,E13_transfer,5,0.8998900000000001,0.02969145815718717,0.8630231853520473,0.9367568146479529,Qwen3-Embedding-8B
ToxicChat->HarmBench,,B1w_SigmaW,E13_transfer,5,0.9075900000000001,0.025850559713476228,0.87549229067036,0.9396877093296402,Qwen3-Embedding-8B
ToxicChat->HarmBench,,A1_raw,E13_transfer,5,0.761565,0.009456043041357174,0.7498237717900816,0.7733062282099185,all-mpnet-base-v2
ToxicChat->HarmBench,,B1_raw,E13_transfer,5,0.8577499999999999,0.009480390946580269,0.8459785398727343,0.8695214601272655,all-mpnet-base-v2
ToxicChat->HarmBench,,B1b_SigmaT,E13_transfer,5,0.8560800000000001,0.04670180135712112,0.798092054603599,0.9140679453964011,all-mpnet-base-v2
ToxicChat->HarmBench,,B1w_SigmaW,E13_transfer,5,0.8785149999999999,0.037457703646913545,0.8320051179262414,0.9250248820737584,all-mpnet-base-v2
ToxicChat->HarmBench,,A1_raw,E13_transfer,5,0.7104799999999999,0.017441423393748552,0.6888236124945534,0.7321363875054464,bge-base-en-v1.5
ToxicChat->HarmBench,,B1_raw,E13_transfer,5,0.6969900000000001,0.027895421891414366,0.6623532589227257,0.7316267410772745,bge-base-en-v1.5
ToxicChat->HarmBench,,B1b_SigmaT,E13_transfer,5,0.8404999999999999,0.05107736778652557,0.7770790712964583,0.9039209287035416,bge-base-en-v1.5
ToxicChat->HarmBench,,B1w_SigmaW,E13_transfer,5,0.848295,0.05091616700518607,0.78507422850313,0.91151577149687,bge-base-en-v1.5
ToxicChat->HarmBench,,A1_raw,E13_transfer,5,0.7615550000000001,0.012121422152536403,0.7465042665061661,0.7766057334938341,bge-large-en-v1.5
ToxicChat->HarmBench,,B1_raw,E13_transfer,5,0.7691600000000001,0.012037215728730635,0.7542138225910231,0.784106177408977,bge-large-en-v1.5
ToxicChat->HarmBench,,B1b_SigmaT,E13_transfer,5,0.8449350000000001,0.04380609475289936,0.790542549243422,0.8993274507565782,bge-large-en-v1.5
ToxicChat->HarmBench,,B1w_SigmaW,E13_transfer,5,0.85344,0.03901640920817803,0.8049947293470194,0.9018852706529805,bge-large-en-v1.5
ToxicChat->ToxicChat,,A1_raw,E13_transfer,5,0.8031413043478259,0.004024106970405004,0.7981447155977532,0.8081378930978986,Qwen3-Embedding-8B
ToxicChat->ToxicChat,,B1_raw,E13_transfer,5,0.9678097826086957,0.004223537724715876,0.9625655678708605,0.9730539973465309,Qwen3-Embedding-8B
ToxicChat->ToxicChat,,B1b_SigmaT,E13_transfer,5,0.9714021739130436,0.0041761539359316605,0.9662167939198403,0.976587553906247,Qwen3-Embedding-8B
ToxicChat->ToxicChat,,B1w_SigmaW,E13_transfer,5,0.9749239130434783,0.00291929285854483,0.9712991322008098,0.9785486938861467,Qwen3-Embedding-8B
ToxicChat->ToxicChat,,A1_raw,E13_transfer,5,0.9167119565217391,0.008970375820871445,0.9055737638146054,0.9278501492288728,all-mpnet-base-v2
ToxicChat->ToxicChat,,B1_raw,E13_transfer,5,0.9530108695652174,0.005209261101992724,0.9465427175976298,0.9594790215328051,all-mpnet-base-v2
ToxicChat->ToxicChat,,B1b_SigmaT,E13_transfer,5,0.9624728260869565,0.001627261404519524,0.9604523141852981,0.9644933379886149,all-mpnet-base-v2
ToxicChat->ToxicChat,,B1w_SigmaW,E13_transfer,5,0.9687989130434783,0.003936908280620524,0.9639105957672015,0.9736872303197551,all-mpnet-base-v2
ToxicChat->ToxicChat,,A1_raw,E13_transfer,5,0.8755760869565217,0.011555311526746185,0.861228272645732,0.8899239012673114,bge-base-en-v1.5
ToxicChat->ToxicChat,,B1_raw,E13_transfer,5,0.9497934782608697,0.006843797339738399,0.9412957814931138,0.9582911750286256,bge-base-en-v1.5
ToxicChat->ToxicChat,,B1b_SigmaT,E13_transfer,5,0.9525,0.009341820618935686,0.94090059765979,0.9640994023402101,bge-base-en-v1.5
ToxicChat->ToxicChat,,B1w_SigmaW,E13_transfer,5,0.9621467391304348,0.007437664312492933,0.9529116591228873,0.9713818191379823,bge-base-en-v1.5
ToxicChat->ToxicChat,,A1_raw,E13_transfer,5,0.8792228260869566,0.008203295327469216,0.8690370896122048,0.8894085625617083,bge-large-en-v1.5
ToxicChat->ToxicChat,,B1_raw,E13_transfer,5,0.9560434782608696,0.0032196557652476093,0.9520457476105524,0.9600412089111867,bge-large-en-v1.5
ToxicChat->ToxicChat,,B1b_SigmaT,E13_transfer,5,0.9548858695652174,0.005793507575992382,0.9476922797847869,0.9620794593456479,bge-large-en-v1.5
ToxicChat->ToxicChat,,B1w_SigmaW,E13_transfer,5,0.9636304347826087,0.003606798299666864,0.9591520031851297,0.9681088663800876,bge-large-en-v1.5
ToxicChat->Wild,,A1_raw,E13_transfer,5,0.7734375,0.044715633626562855,0.7179157075690272,0.8289592924309728,Qwen3-Embedding-8B
ToxicChat->Wild,,B1_raw,E13_transfer,5,0.7817275,0.016462417900326782,0.761286708369779,0.8021682916302211,Qwen3-Embedding-8B
ToxicChat->Wild,,B1b_SigmaT,E13_transfer,5,0.8070425,0.030037598314445833,0.7697458955804465,0.8443391044195535,Qwen3-Embedding-8B
ToxicChat->Wild,,B1w_SigmaW,E13_transfer,5,0.8123574999999998,0.032095325058721584,0.772505890363938,0.8522091096360617,Qwen3-Embedding-8B
ToxicChat->Wild,,A1_raw,E13_transfer,5,0.6905375,0.007087114187029835,0.6817376854628059,0.6993373145371942,all-mpnet-base-v2
ToxicChat->Wild,,B1_raw,E13_transfer,5,0.7456075,0.012870040306852248,0.7296272342955502,0.7615877657044497,all-mpnet-base-v2
ToxicChat->Wild,,B1b_SigmaT,E13_transfer,5,0.7861924999999998,0.020977245112263933,0.7601458099626058,0.8122391900373939,all-mpnet-base-v2
ToxicChat->Wild,,B1w_SigmaW,E13_transfer,5,0.7788275,0.01589264373853515,0.7590941764335823,0.7985608235664177,all-mpnet-base-v2
ToxicChat->Wild,,A1_raw,E13_transfer,5,0.6810674999999999,0.0029112470480878155,0.6774527093505123,0.6846822906494876,bge-base-en-v1.5
ToxicChat->Wild,,B1_raw,E13_transfer,5,0.7174225,0.009640666632811216,0.705452031323354,0.7293929686766459,bge-base-en-v1.5
ToxicChat->Wild,,B1b_SigmaT,E13_transfer,5,0.7815350000000001,0.023714953418149547,0.7520889961216044,0.8109810038783958,bge-base-en-v1.5
ToxicChat->Wild,,B1w_SigmaW,E13_transfer,5,0.7822799999999999,0.025213560649479893,0.7509732294750135,0.8135867705249862,bge-base-en-v1.5
ToxicChat->Wild,,A1_raw,E13_transfer,5,0.6817624999999999,0.02066975636346502,0.6560976076718422,0.7074273923281577,bge-large-en-v1.5
ToxicChat->Wild,,B1_raw,E13_transfer,5,0.7167475,0.01813285045504433,0.6942325924051587,0.7392624075948413,bge-large-en-v1.5
ToxicChat->Wild,,B1b_SigmaT,E13_transfer,5,0.7889250000000001,0.01791489647262857,0.7666807180183896,0.8111692819816106,bge-large-en-v1.5
ToxicChat->Wild,,B1w_SigmaW,E13_transfer,5,0.7893249999999998,0.01861187247095254,0.7662153080136583,0.8124346919863413,bge-large-en-v1.5
ToxicChat->XSTest,,A1_raw,E13_transfer,5,0.7283099999999999,0.007735926738277713,0.7187045782763386,0.7379154217236612,Qwen3-Embedding-8B
ToxicChat->XSTest,,B1_raw,E13_transfer,5,0.7284849999999999,0.01344928669112232,0.7117855049141123,0.7451844950858876,Qwen3-Embedding-8B
ToxicChat->XSTest,,B1b_SigmaT,E13_transfer,5,0.7482650000000001,0.0173880760149017,0.7266748520142662,0.769855147985734,Qwen3-Embedding-8B
ToxicChat->XSTest,,B1w_SigmaW,E13_transfer,5,0.7633850000000001,0.019113440951330524,0.7396525284889395,0.7871174715110607,Qwen3-Embedding-8B
ToxicChat->XSTest,,A1_raw,E13_transfer,5,0.72336,0.008956554862222452,0.7122389682796415,0.7344810317203585,all-mpnet-base-v2
ToxicChat->XSTest,,B1_raw,E13_transfer,5,0.7505649999999999,0.009476708289274289,0.7387981124957288,0.762331887504271,all-mpnet-base-v2
ToxicChat->XSTest,,B1b_SigmaT,E13_transfer,5,0.757915,0.018313123709514992,0.7351762535952434,0.7806537464047566,all-mpnet-base-v2
ToxicChat->XSTest,,B1w_SigmaW,E13_transfer,5,0.7690550000000002,0.013051716841090367,0.7528491530836685,0.7852608469163318,all-mpnet-base-v2
ToxicChat->XSTest,,A1_raw,E13_transfer,5,0.76436,0.00764081556510824,0.7548726743958901,0.77384732560411,bge-base-en-v1.5
ToxicChat->XSTest,,B1_raw,E13_transfer,5,0.6637149999999998,0.011663841026865934,0.6492324285161684,0.6781975714838313,bge-base-en-v1.5
ToxicChat->XSTest,,B1b_SigmaT,E13_transfer,5,0.69895,0.02942428843659603,0.6624149203755153,0.7354850796244846,bge-base-en-v1.5
ToxicChat->XSTest,,B1w_SigmaW,E13_transfer,5,0.7155,0.025424262526177563,0.6839316085403642,0.7470683914596359,bge-base-en-v1.5
ToxicChat->XSTest,,A1_raw,E13_transfer,5,0.7436299999999999,0.007902717096037298,0.733817480693861,0.7534425193061388,bge-large-en-v1.5
ToxicChat->XSTest,,B1_raw,E13_transfer,5,0.6872749999999999,0.014496712989502203,0.6692749533886421,0.7052750466113576,bge-large-en-v1.5
ToxicChat->XSTest,,B1b_SigmaT,E13_transfer,5,0.7148399999999999,0.01685782088527459,0.693908250718587,0.7357717492814129,bge-large-en-v1.5
ToxicChat->XSTest,,B1w_SigmaW,E13_transfer,5,0.73267,0.015115104200765504,0.713902119284811,0.7514378807151891,bge-large-en-v1.5
Wild->AdvBench,,A1_raw,E13_transfer,5,0.783825,0.008468323328735166,0.7733101877975604,0.7943398122024395,Qwen3-Embedding-8B
Wild->AdvBench,,B1_raw,E13_transfer,5,0.9545999999999999,0.006648966085039079,0.946344218186929,0.9628557818130707,Qwen3-Embedding-8B
Wild->AdvBench,,B1b_SigmaT,E13_transfer,5,0.672485,0.15520959880915874,0.47976682898301737,0.8652031710169826,Qwen3-Embedding-8B
Wild->AdvBench,,B1w_SigmaW,E13_transfer,5,0.7200650000000001,0.1333888589331958,0.55444085610117,0.8856891438988301,Qwen3-Embedding-8B
Wild->AdvBench,,A1_raw,E13_transfer,5,0.8137049999999999,0.022130079925296208,0.7862268764793877,0.8411831235206121,all-mpnet-base-v2
Wild->AdvBench,,B1_raw,E13_transfer,5,0.7758300000000001,0.04456308169325816,0.7204976258124681,0.8311623741875321,all-mpnet-base-v2
Wild->AdvBench,,B1b_SigmaT,E13_transfer,5,0.49304000000000003,0.12243580409749431,0.3410158699610122,0.6450641300389879,all-mpnet-base-v2
Wild->AdvBench,,B1w_SigmaW,E13_transfer,5,0.50982,0.12049622582263726,0.36020417447660036,0.6594358255233997,all-mpnet-base-v2
Wild->AdvBench,,A1_raw,E13_transfer,5,0.7451399999999999,0.03406712858460483,0.7028400729143176,0.7874399270856822,bge-base-en-v1.5
Wild->AdvBench,,B1_raw,E13_transfer,5,0.74353,0.049808732291637355,0.6816842903173045,0.8053757096826956,bge-base-en-v1.5
Wild->AdvBench,,B1b_SigmaT,E13_transfer,5,0.62768,0.13223452106957545,0.4634891558681908,0.7918708441318092,bge-base-en-v1.5
Wild->AdvBench,,B1w_SigmaW,E13_transfer,5,0.6325399999999999,0.12355596732857542,0.479125003604867,0.7859549963951328,bge-base-en-v1.5
Wild->AdvBench,,A1_raw,E13_transfer,5,0.8157949999999999,0.026725510986695827,0.7826108951742206,0.8489791048257793,bge-large-en-v1.5
Wild->AdvBench,,B1_raw,E13_transfer,5,0.79145,0.04950150250244936,0.729985766485715,0.852914233514285,bge-large-en-v1.5
Wild->AdvBench,,B1b_SigmaT,E13_transfer,5,0.5917600000000001,0.16790707121053602,0.38327583463404136,0.8002441653659588,bge-large-en-v1.5
Wild->AdvBench,,B1w_SigmaW,E13_transfer,5,0.60246,0.16458561373947606,0.3980999687974214,0.8068200312025786,bge-large-en-v1.5
Wild->HarmBench,,A1_raw,E13_transfer,5,0.59991,0.009847423520901302,0.5876828087390319,0.6121371912609682,Qwen3-Embedding-8B
Wild->HarmBench,,B1_raw,E13_transfer,5,0.799825,0.02269791427642643,0.771641817008646,0.828008182991354,Qwen3-Embedding-8B
Wild->HarmBench,,B1b_SigmaT,E13_transfer,5,0.60328,0.11323050108076006,0.46268576330944755,0.7438742366905525,Qwen3-Embedding-8B
Wild->HarmBench,,B1w_SigmaW,E13_transfer,5,0.6291550000000001,0.11600444280285124,0.4851164597400117,0.7731935402599885,Qwen3-Embedding-8B
Wild->HarmBench,,A1_raw,E13_transfer,5,0.692375,0.015265934298299607,0.6734198389828573,0.7113301610171426,all-mpnet-base-v2
Wild->HarmBench,,B1_raw,E13_transfer,5,0.7032849999999999,0.0323332288443329,0.6631379937983082,0.7434320062016917,all-mpnet-base-v2
Wild->HarmBench,,B1b_SigmaT,E13_transfer,5,0.5604500000000001,0.0857904423581088,0.453927096333961,0.6669729036660392,all-mpnet-base-v2
Wild->HarmBench,,B1w_SigmaW,E13_transfer,5,0.569885,0.09412367628551276,0.45301501977769315,0.6867549802223067,all-mpnet-base-v2
Wild->HarmBench,,A1_raw,E13_transfer,5,0.682225,0.011290275129508576,0.6682062718418738,0.6962437281581262,bge-base-en-v1.5
Wild->HarmBench,,B1_raw,E13_transfer,5,0.670965,0.02742752153403581,0.6369092339512292,0.7050207660487708,bge-base-en-v1.5
Wild->HarmBench,,B1b_SigmaT,E13_transfer,5,0.558925,0.10242588326443663,0.43174646826632734,0.6861035317336727,bge-base-en-v1.5
Wild->HarmBench,,B1w_SigmaW,E13_transfer,5,0.5632900000000001,0.09923403933378913,0.4400746659628976,0.6865053340371026,bge-base-en-v1.5
Wild->HarmBench,,A1_raw,E13_transfer,5,0.741115,0.011292054728879083,0.7270940621774042,0.7551359378225957,bge-large-en-v1.5
Wild->HarmBench,,B1_raw,E13_transfer,5,0.739875,0.03394683803390235,0.6977244333604491,0.7820255666395508,bge-large-en-v1.5
Wild->HarmBench,,B1b_SigmaT,E13_transfer,5,0.60113,0.10328875695108351,0.47288006907462066,0.7293799309253794,bge-large-en-v1.5
Wild->HarmBench,,B1w_SigmaW,E13_transfer,5,0.61801,0.10272693110864356,0.4904576679964387,0.7455623320035611,bge-large-en-v1.5
Wild->ToxicChat,,A1_raw,E13_transfer,5,0.631525,0.017765380660149113,0.6094663664199074,0.6535836335800926,Qwen3-Embedding-8B
Wild->ToxicChat,,B1_raw,E13_transfer,5,0.8584250000000001,0.027122528689264958,0.824747932586291,0.8921020674137092,Qwen3-Embedding-8B
Wild->ToxicChat,,B1b_SigmaT,E13_transfer,5,0.7063649999999999,0.03260737838281394,0.6658775921862521,0.7468524078137477,Qwen3-Embedding-8B
Wild->ToxicChat,,B1w_SigmaW,E13_transfer,5,0.7403299999999999,0.02849697023369331,0.7049463380029386,0.7757136619970613,Qwen3-Embedding-8B
Wild->ToxicChat,,A1_raw,E13_transfer,5,0.750135,0.021221632536164613,0.7237848628967347,0.7764851371032653,all-mpnet-base-v2
Wild->ToxicChat,,B1_raw,E13_transfer,5,0.676635,0.02343214005378083,0.6475401552943518,0.7057298447056481,all-mpnet-base-v2
Wild->ToxicChat,,B1b_SigmaT,E13_transfer,5,0.6769749999999999,0.04758752790910655,0.6178872798317453,0.7360627201682545,all-mpnet-base-v2
Wild->ToxicChat,,B1w_SigmaW,E13_transfer,5,0.7027699999999999,0.04495603199238113,0.6469497135729635,0.7585902864270363,all-mpnet-base-v2
Wild->ToxicChat,,A1_raw,E13_transfer,5,0.73716,0.014156520140910326,0.7195823586011851,0.7547376413988149,bge-base-en-v1.5
Wild->ToxicChat,,B1_raw,E13_transfer,5,0.7123899999999999,0.030007075207357348,0.6751312950236315,0.7496487049763683,bge-base-en-v1.5
Wild->ToxicChat,,B1b_SigmaT,E13_transfer,5,0.70225,0.0535978340280649,0.635699499105651,0.768800500894349,bge-base-en-v1.5
Wild->ToxicChat,,B1w_SigmaW,E13_transfer,5,0.72523,0.05902323271390684,0.6519429768815391,0.798517023118461,bge-base-en-v1.5
Wild->ToxicChat,,A1_raw,E13_transfer,5,0.7324400000000001,0.013004189228860038,0.7162931664086953,0.7485868335913048,bge-large-en-v1.5
Wild->ToxicChat,,B1_raw,E13_transfer,5,0.697885,0.03277647593930745,0.6571876298381699,0.73858237016183,bge-large-en-v1.5
Wild->ToxicChat,,B1b_SigmaT,E13_transfer,5,0.7157250000000001,0.06087980730504981,0.6401327350517371,0.791317264948263,bge-large-en-v1.5
Wild->ToxicChat,,B1w_SigmaW,E13_transfer,5,0.7476050000000001,0.06181594505060976,0.6708503665157156,0.8243596334842845,bge-large-en-v1.5
Wild->Wild,,A1_raw,E13_transfer,5,0.8035225,0.02396605411827317,0.7737647134223371,0.833280286577663,Qwen3-Embedding-8B
Wild->Wild,,B1_raw,E13_transfer,5,0.8846425,0.0231215936680411,0.8559332495612972,0.9133517504387028,Qwen3-Embedding-8B
Wild->Wild,,B1b_SigmaT,E13_transfer,5,0.8376175,0.01780727028491455,0.8155068535809379,0.8597281464190621,Qwen3-Embedding-8B
Wild->Wild,,B1w_SigmaW,E13_transfer,5,0.8532874999999999,0.01995116694582047,0.8285148542812216,0.8780601457187781,Qwen3-Embedding-8B
Wild->Wild,,A1_raw,E13_transfer,5,0.79242,0.029316175942216596,0.7560191597675423,0.8288208402324577,all-mpnet-base-v2
Wild->Wild,,B1_raw,E13_transfer,5,0.8740249999999999,0.026770866569369802,0.8407845787800967,0.9072654212199032,all-mpnet-base-v2
Wild->Wild,,B1b_SigmaT,E13_transfer,5,0.831385,0.013747642979798368,0.8143150466518256,0.8484549533481744,all-mpnet-base-v2
Wild->Wild,,B1w_SigmaW,E13_transfer,5,0.851755,0.016369649889353195,0.8314293950691899,0.8720806049308102,all-mpnet-base-v2
Wild->Wild,,A1_raw,E13_transfer,5,0.786655,0.02904772554564294,0.7505874849602713,0.8227225150397287,bge-base-en-v1.5
Wild->Wild,,B1_raw,E13_transfer,5,0.87611,0.02366370077513237,0.8467276346832516,0.9054923653167485,bge-base-en-v1.5
Wild->Wild,,B1b_SigmaT,E13_transfer,5,0.8480425,0.0088534491866165,0.8370494908850519,0.8590355091149482,bge-base-en-v1.5
Wild->Wild,,B1w_SigmaW,E13_transfer,5,0.8671475,0.01019316713539027,0.854491011340312,0.8798039886596879,bge-base-en-v1.5
Wild->Wild,,A1_raw,E13_transfer,5,0.778825,0.02339054797081508,0.7497817986863807,0.8078682013136192,bge-large-en-v1.5
Wild->Wild,,B1_raw,E13_transfer,5,0.88401,0.02167987870411178,0.8570908751276798,0.9109291248723201,bge-large-en-v1.5
Wild->Wild,,B1b_SigmaT,E13_transfer,5,0.8398925,0.00900364335977383,0.8287130001875025,0.8510719998124976,bge-large-en-v1.5
Wild->Wild,,B1w_SigmaW,E13_transfer,5,0.8567075000000001,0.004764661582945818,0.8507913912488316,0.8626236087511685,bge-large-en-v1.5
Wild->XSTest,,A1_raw,E13_transfer,5,0.71541,0.005681015534215704,0.708356087537928,0.722463912462072,Qwen3-Embedding-8B
Wild->XSTest,,B1_raw,E13_transfer,5,0.715765,0.03347924543653868,0.6741950262544222,0.7573349737455778,Qwen3-Embedding-8B
Wild->XSTest,,B1b_SigmaT,E13_transfer,5,0.56071,0.045349816013959765,0.5044007661303016,0.6170192338696985,Qwen3-Embedding-8B
Wild->XSTest,,B1w_SigmaW,E13_transfer,5,0.5754149999999999,0.04707248599235018,0.5169667888373476,0.6338632111626522,Qwen3-Embedding-8B
Wild->XSTest,,A1_raw,E13_transfer,5,0.62923,0.013675998592424587,0.6122490049083009,0.646210995091699,all-mpnet-base-v2
Wild->XSTest,,B1_raw,E13_transfer,5,0.59118,0.03882566564142844,0.5429715687667414,0.6393884312332587,all-mpnet-base-v2
Wild->XSTest,,B1b_SigmaT,E13_transfer,5,0.5638050000000001,0.07851759038584924,0.46631253479218093,0.6612974652078193,all-mpnet-base-v2
Wild->XSTest,,B1w_SigmaW,E13_transfer,5,0.571795,0.07690187010079788,0.4763087165012967,0.6672812834987034,all-mpnet-base-v2
Wild->XSTest,,A1_raw,E13_transfer,5,0.720875,0.014881805166040842,0.7023967982970443,0.7393532017029558,bge-base-en-v1.5
Wild->XSTest,,B1_raw,E13_transfer,5,0.50403,0.01843874487322824,0.4811352743188482,0.5269247256811518,bge-base-en-v1.5
Wild->XSTest,,B1b_SigmaT,E13_transfer,5,0.58041,0.0657996214844736,0.49870897890729404,0.6621110210927059,bge-base-en-v1.5
Wild->XSTest,,B1w_SigmaW,E13_transfer,5,0.57722,0.059822363084385134,0.502940725470645,0.651499274529355,bge-base-en-v1.5
Wild->XSTest,,A1_raw,E13_transfer,5,0.700755,0.011323501556497449,0.6866950157836929,0.7148149842163072,bge-large-en-v1.5
Wild->XSTest,,B1_raw,E13_transfer,5,0.51065,0.022417940639139877,0.4828144501945109,0.5384855498054891,bge-large-en-v1.5
Wild->XSTest,,B1b_SigmaT,E13_transfer,5,0.550475,0.05339228057500449,0.4841797274280227,0.6167702725719775,bge-large-en-v1.5
Wild->XSTest,,B1w_SigmaW,E13_transfer,5,0.546105,0.044911445506685695,0.490340075007058,0.6018699249929419,bge-large-en-v1.5
XSTest->AdvBench,,A1_raw,E13_transfer,5,0.8814949999999999,0.007836022588022547,0.8717652928633408,0.891224707136659,Qwen3-Embedding-8B
XSTest->AdvBench,,B1_raw,E13_transfer,5,0.998465,0.0003978850336466697,0.9979709604782969,0.9989590395217032,Qwen3-Embedding-8B
XSTest->AdvBench,,B1b_SigmaT,E13_transfer,5,0.931645,0.024068758277069474,0.9017596893658939,0.961530310634106,Qwen3-Embedding-8B
XSTest->AdvBench,,B1w_SigmaW,E13_transfer,5,0.946815,0.01874631297082175,0.9235383780850703,0.9700916219149296,Qwen3-Embedding-8B
XSTest->AdvBench,,A1_raw,E13_transfer,5,0.988645,0.003272919186292255,0.9845811340773505,0.9927088659226495,all-mpnet-base-v2
XSTest->AdvBench,,B1_raw,E13_transfer,5,0.994165,0.0013533061368367454,0.9924846484913415,0.9958453515086584,all-mpnet-base-v2
XSTest->AdvBench,,B1b_SigmaT,E13_transfer,5,0.9544,0.015540039012177547,0.9351044930278971,0.9736955069721029,all-mpnet-base-v2
XSTest->AdvBench,,B1w_SigmaW,E13_transfer,5,0.963245,0.01231276522556977,0.9479566827010748,0.9785333172989252,all-mpnet-base-v2
XSTest->AdvBench,,A1_raw,E13_transfer,5,0.95572,0.006108303774371392,0.9481355391132709,0.9633044608867292,bge-base-en-v1.5
XSTest->AdvBench,,B1_raw,E13_transfer,5,0.97889,0.0039388132730557605,0.9739993173631996,0.9837806826368005,bge-base-en-v1.5
XSTest->AdvBench,,B1b_SigmaT,E13_transfer,5,0.8906050000000001,0.015166404072818301,0.8717734220805706,0.9094365779194296,bge-base-en-v1.5
XSTest->AdvBench,,B1w_SigmaW,E13_transfer,5,0.9143349999999998,0.013387244395318975,0.897712540599177,0.9309574594008225,bge-base-en-v1.5
XSTest->AdvBench,,A1_raw,E13_transfer,5,0.9871800000000001,0.003075375993273012,0.9833614163482128,0.9909985836517873,bge-large-en-v1.5
XSTest->AdvBench,,B1_raw,E13_transfer,5,0.9879049999999999,0.001799600650144357,0.9856705006615716,0.9901394993384283,bge-large-en-v1.5
XSTest->AdvBench,,B1b_SigmaT,E13_transfer,5,0.91982,0.013533804897367167,0.9030155617002253,0.9366244382997746,bge-large-en-v1.5
XSTest->AdvBench,,B1w_SigmaW,E13_transfer,5,0.9357850000000001,0.011126946458934764,0.9219690711719999,0.9496009288280003,bge-large-en-v1.5
XSTest->HarmBench,,A1_raw,E13_transfer,5,0.657,0.017195629895412436,0.63564880543243,0.6783511945675701,Qwen3-Embedding-8B
XSTest->HarmBench,,B1_raw,E13_transfer,5,0.873725,0.014127477658803816,0.8561834196056353,0.8912665803943647,Qwen3-Embedding-8B
XSTest->HarmBench,,B1b_SigmaT,E13_transfer,5,0.791315,0.031783258171559435,0.751850872582759,0.830779127417241,Qwen3-Embedding-8B
XSTest->HarmBench,,B1w_SigmaW,E13_transfer,5,0.807175,0.029875214434376872,0.7700800217982167,0.8442699782017833,Qwen3-Embedding-8B
XSTest->HarmBench,,A1_raw,E13_transfer,5,0.8172750000000001,0.008248825673997446,0.8070327301331386,0.8275172698668616,all-mpnet-base-v2
XSTest->HarmBench,,B1_raw,E13_transfer,5,0.9016100000000001,0.005398859833335153,0.8949064301135995,0.9083135698864008,all-mpnet-base-v2
XSTest->HarmBench,,B1b_SigmaT,E13_transfer,5,0.8356600000000001,0.02243699233408967,0.807800794390787,0.8635192056092131,all-mpnet-base-v2
XSTest->HarmBench,,B1w_SigmaW,E13_transfer,5,0.84191,0.022166617637790407,0.8143865089172071,0.869433491082793,all-mpnet-base-v2
XSTest->HarmBench,,A1_raw,E13_transfer,5,0.84612,0.011831623409321267,0.8314290991723409,0.8608109008276591,bge-base-en-v1.5
XSTest->HarmBench,,B1_raw,E13_transfer,5,0.8244849999999999,0.009872335083454116,0.8122268769486709,0.8367431230513289,bge-base-en-v1.5
XSTest->HarmBench,,B1b_SigmaT,E13_transfer,5,0.6859500000000001,0.027860158605076193,0.6513570440758301,0.7205429559241701,bge-base-en-v1.5
XSTest->HarmBench,,B1w_SigmaW,E13_transfer,5,0.72383,0.0285428044785372,0.6883894272712311,0.7592705727287689,bge-base-en-v1.5
XSTest->HarmBench,,A1_raw,E13_transfer,5,0.8851800000000001,0.009816733163328865,0.8729909158511217,0.8973690841488785,bge-large-en-v1.5
XSTest->HarmBench,,B1_raw,E13_transfer,5,0.84968,0.0054916812088830905,0.8428611771533178,0.8564988228466822,bge-large-en-v1.5
XSTest->HarmBench,,B1b_SigmaT,E13_transfer,5,0.84855,0.013292338018573017,0.8320453824303827,0.8650546175696173,bge-large-en-v1.5
XSTest->HarmBench,,B1w_SigmaW,E13_transfer,5,0.8542249999999999,0.011465355424059059,0.8399888809433355,0.8684611190566643,bge-large-en-v1.5
XSTest->ToxicChat,,A1_raw,E13_transfer,5,0.6179175000000001,0.016495088284092328,0.59743614273045,0.6383988572695503,Qwen3-Embedding-8B
XSTest->ToxicChat,,B1_raw,E13_transfer,5,0.8045449999999998,0.010842471466413914,0.791082293528602,0.8180077064713976,Qwen3-Embedding-8B
XSTest->ToxicChat,,B1b_SigmaT,E13_transfer,5,0.6117049999999999,0.04803713537462444,0.5520590184284881,0.6713509815715117,Qwen3-Embedding-8B
XSTest->ToxicChat,,B1w_SigmaW,E13_transfer,5,0.6178,0.04771681438444939,0.5585517494698575,0.6770482505301425,Qwen3-Embedding-8B
XSTest->ToxicChat,,A1_raw,E13_transfer,5,0.855955,0.014557025795127248,0.8378800651492669,0.8740299348507331,all-mpnet-base-v2
XSTest->ToxicChat,,B1_raw,E13_transfer,5,0.86356,0.013868372290935965,0.8463401414126581,0.8807798585873419,all-mpnet-base-v2
XSTest->ToxicChat,,B1b_SigmaT,E13_transfer,5,0.61608,0.02754983212290052,0.5818723652964367,0.6502876347035632,all-mpnet-base-v2
XSTest->ToxicChat,,B1w_SigmaW,E13_transfer,5,0.6416700000000001,0.038270996688092654,0.5941502812370199,0.6891897187629803,all-mpnet-base-v2
XSTest->ToxicChat,,A1_raw,E13_transfer,5,0.79532,0.009705014811941257,0.7832696325059783,0.8073703674940218,bge-base-en-v1.5
XSTest->ToxicChat,,B1_raw,E13_transfer,5,0.739105,0.015404579270463742,0.7199776885123892,0.7582323114876108,bge-base-en-v1.5
XSTest->ToxicChat,,B1b_SigmaT,E13_transfer,5,0.56577,0.03900757698832369,0.5173356959964368,0.6142043040035632,bge-base-en-v1.5
XSTest->ToxicChat,,B1w_SigmaW,E13_transfer,5,0.60118,0.030904567825808558,0.5628069107506471,0.639553089249353,bge-base-en-v1.5
XSTest->ToxicChat,,A1_raw,E13_transfer,5,0.8158200000000001,0.003987887912166115,0.8108683831505914,0.8207716168494088,bge-large-en-v1.5
XSTest->ToxicChat,,B1_raw,E13_transfer,5,0.72749,0.014180759411963855,0.7098822615709752,0.7450977384290247,bge-large-en-v1.5
XSTest->ToxicChat,,B1b_SigmaT,E13_transfer,5,0.608985,0.022817239918535268,0.5806536546547769,0.6373163453452231,bge-large-en-v1.5
XSTest->ToxicChat,,B1w_SigmaW,E13_transfer,5,0.63639,0.022604760284064076,0.6083224829672513,0.6644575170327487,bge-large-en-v1.5
XSTest->Wild,,A1_raw,E13_transfer,5,0.7365725000000001,0.04774006392041174,0.6772953813580782,0.7958496186419219,Qwen3-Embedding-8B
XSTest->Wild,,B1_raw,E13_transfer,5,0.7499875,0.044010676084048045,0.69534102796983,0.8046339720301701,Qwen3-Embedding-8B
XSTest->Wild,,B1b_SigmaT,E13_transfer,5,0.6315175,0.033160871614751036,0.5903428395669064,0.6726921604330935,Qwen3-Embedding-8B
XSTest->Wild,,B1w_SigmaW,E13_transfer,5,0.6341475,0.03478274581239957,0.5909590167660707,0.6773359832339293,Qwen3-Embedding-8B
XSTest->Wild,,A1_raw,E13_transfer,5,0.7054474999999998,0.014852657590478538,0.6870054897922547,0.7238895102077448,all-mpnet-base-v2
XSTest->Wild,,B1_raw,E13_transfer,5,0.5763324999999999,0.033941016852769734,0.5341891613114884,0.6184758386885114,all-mpnet-base-v2
XSTest->Wild,,B1b_SigmaT,E13_transfer,5,0.5393225,0.05061125615907994,0.47648032532340184,0.6021646746765983,all-mpnet-base-v2
XSTest->Wild,,B1w_SigmaW,E13_transfer,5,0.5485925,0.045678859990152997,0.4918747040712366,0.6053102959287635,all-mpnet-base-v2
XSTest->Wild,,A1_raw,E13_transfer,5,0.6636025,0.015241461236541616,0.644677726302568,0.6825272736974319,bge-base-en-v1.5
XSTest->Wild,,B1_raw,E13_transfer,5,0.5168625,0.020674608898961045,0.49119158245321687,0.5425334175467832,bge-base-en-v1.5
XSTest->Wild,,B1b_SigmaT,E13_transfer,5,0.553145,0.043111342583767885,0.4996151979995065,0.6066748020004935,bge-base-en-v1.5
XSTest->Wild,,B1w_SigmaW,E13_transfer,5,0.5686249999999999,0.035896725782096066,0.5240533279429783,0.6131966720570216,bge-base-en-v1.5
XSTest->Wild,,A1_raw,E13_transfer,5,0.6950274999999999,0.021020015387125755,0.6689277036521166,0.7211272963478832,bge-large-en-v1.5
XSTest->Wild,,B1_raw,E13_transfer,5,0.5284025,0.018603938175155276,0.505302659743101,0.551502340256899,bge-large-en-v1.5
XSTest->Wild,,B1b_SigmaT,E13_transfer,5,0.588715,0.039011804503572986,0.5402754468429498,0.6371545531570502,bge-large-en-v1.5
XSTest->Wild,,B1w_SigmaW,E13_transfer,5,0.5842499999999999,0.037670090298869745,0.5374764050668084,0.6310235949331915,bge-large-en-v1.5
,,A1_raw,E13_crossdomain,400,0.7541851562499999,0.1057316889829709,0.7437921155792283,0.7645781969207716,
,,B1_raw,E13_crossdomain,400,0.78309325,0.1239558879595362,0.7709088368185123,0.7952776631814876,
,,B1b_SigmaT,E13_crossdomain,400,0.7483719999999999,0.1462039423773062,0.7340006839454609,0.7627433160545389,
,,B1w_SigmaW,E13_crossdomain,400,0.76070915625,0.14331792384943953,0.7466215253254843,0.7747967871745157,
