dataset,model,seed,alpha,auc
ToxicChat,all-mpnet-base-v2,0,0.5,0.09527906122527888
ToxicChat,all-mpnet-base-v2,0,1.0,0.07167195081872137
ToxicChat,all-mpnet-base-v2,0,1.5,0.06290235273648193
ToxicChat,all-mpnet-base-v2,0,3.0,0.054970083322056176
ToxicChat,all-mpnet-base-v2,0,5.0,0.05255596690316469
ToxicChat,all-mpnet-base-v2,0,10.0,0.05106979913778105
ToxicChat,all-mpnet-base-v2,0,30.0,0.05040525257602413
ToxicChat,all-mpnet-base-v2,0,100.0,0.05023005393701549
ToxicChat,all-mpnet-base-v2,1,0.5,0.102464621957585
ToxicChat,all-mpnet-base-v2,1,1.0,0.07385649660718774
ToxicChat,all-mpnet-base-v2,1,1.5,0.06300505538693525
ToxicChat,all-mpnet-base-v2,1,3.0,0.05340296170278578
ToxicChat,all-mpnet-base-v2,1,5.0,0.05030254992557078
ToxicChat,all-mpnet-base-v2,1,10.0,0.04854935526900844
ToxicChat,all-mpnet-base-v2,1,30.0,0.047579117288843356
ToxicChat,all-mpnet-base-v2,1,100.0,0.047347130125466395
ToxicChat,all-mpnet-base-v2,2,0.5,0.0890576971407582
ToxicChat,all-mpnet-base-v2,2,1.0,0.06222451524348986
ToxicChat,all-mpnet-base-v2,2,1.5,0.05306223055657587
ToxicChat,all-mpnet-base-v2,2,3.0,0.04507317261778182
ToxicChat,all-mpnet-base-v2,2,5.0,0.04258776847681095
ToxicChat,all-mpnet-base-v2,2,10.0,0.04097594099793145
ToxicChat,all-mpnet-base-v2,2,30.0,0.04012894619831036
ToxicChat,all-mpnet-base-v2,2,100.0,0.03988487637017418
ToxicChat,all-mpnet-base-v2,3,0.5,0.09891473505132717
ToxicChat,all-mpnet-base-v2,3,1.0,0.07197643397065362
ToxicChat,all-mpnet-base-v2,3,1.5,0.061806455042820965
ToxicChat,all-mpnet-base-v2,3,3.0,0.052430307189668846
ToxicChat,all-mpnet-base-v2,3,5.0,0.04932627061302608
ToxicChat,all-mpnet-base-v2,3,10.0,0.04733142266127941
ToxicChat,all-mpnet-base-v2,3,30.0,0.04628868869255901
ToxicChat,all-mpnet-base-v2,3,100.0,0.04596004021110832
ToxicChat,all-mpnet-base-v2,4,0.5,0.0869154406789491
ToxicChat,all-mpnet-base-v2,4,1.0,0.06141497670462235
ToxicChat,all-mpnet-base-v2,4,1.5,0.052557175169640605
ToxicChat,all-mpnet-base-v2,4,3.0,0.045063506485974444
ToxicChat,all-mpnet-base-v2,4,5.0,0.0428523788350378
ToxicChat,all-mpnet-base-v2,4,10.0,0.04161148916426624
ToxicChat,all-mpnet-base-v2,4,30.0,0.04119584549654919
ToxicChat,all-mpnet-base-v2,4,100.0,0.04104602045353491
ToxicChat,bge-base-en-v1.5,0,0.5,0.10000096661318074
ToxicChat,bge-base-en-v1.5,0,1.0,0.07550336381386896
ToxicChat,bge-base-en-v1.5,0,1.5,0.06781516422757941
ToxicChat,bge-base-en-v1.5,0,3.0,0.06200219421192028
ToxicChat,bge-base-en-v1.5,0,5.0,0.060749221876389495
ToxicChat,bge-base-en-v1.5,0,10.0,0.06022604249231542
ToxicChat,bge-base-en-v1.5,0,30.0,0.06013783903957314
ToxicChat,bge-base-en-v1.5,0,100.0,0.060194627563941464
ToxicChat,bge-base-en-v1.5,1,0.5,0.08776364374504611
ToxicChat,bge-base-en-v1.5,1,1.0,0.06404174802327606
ToxicChat,bge-base-en-v1.5,1,1.5,0.05799195777833626
ToxicChat,bge-base-en-v1.5,1,3.0,0.05496887505558026
ToxicChat,bge-base-en-v1.5,1,5.0,0.05521173661724052
ToxicChat,bge-base-en-v1.5,1,10.0,0.05629917644557002
ToxicChat,bge-base-en-v1.5,1,30.0,0.05724404082974076
ToxicChat,bge-base-en-v1.5,1,100.0,0.0576476018326986
ToxicChat,bge-base-en-v1.5,2,0.5,0.07693757612078798
ToxicChat,bge-base-en-v1.5,2,1.0,0.05413879598662208
ToxicChat,bge-base-en-v1.5,2,1.5,0.04798992789065671
ToxicChat,bge-base-en-v1.5,2,3.0,0.04408722717342974
ToxicChat,bge-base-en-v1.5,2,5.0,0.04349517660022812
ToxicChat,bge-base-en-v1.5,2,10.0,0.043512092330891025
ToxicChat,bge-base-en-v1.5,2,30.0,0.04393740213041546
ToxicChat,bge-base-en-v1.5,2,100.0,0.04415730662903319
ToxicChat,bge-base-en-v1.5,3,0.5,0.09789858294507703
ToxicChat,bge-base-en-v1.5,3,1.0,0.07033077503044832
ToxicChat,bge-base-en-v1.5,3,1.5,0.06175933265026001
ToxicChat,bge-base-en-v1.5,3,3.0,0.055502928837937636
ToxicChat,bge-base-en-v1.5,3,5.0,0.05402401067140952
ToxicChat,bge-base-en-v1.5,3,10.0,0.05352862141628164
ToxicChat,bge-base-en-v1.5,3,30.0,0.053611991803120235
ToxicChat,bge-base-en-v1.5,3,100.0,0.053620449668451683
ToxicChat,bge-base-en-v1.5,4,0.5,0.0853036132000696
ToxicChat,bge-base-en-v1.5,4,1.0,0.06099933303690529
ToxicChat,bge-base-en-v1.5,4,1.5,0.05442636340789143
ToxicChat,bge-base-en-v1.5,4,3.0,0.050828145842596706
ToxicChat,bge-base-en-v1.5,4,5.0,0.05060582481102713
ToxicChat,bge-base-en-v1.5,4,10.0,0.05110483886558277
ToxicChat,bge-base-en-v1.5,4,30.0,0.05170534730411584
ToxicChat,bge-base-en-v1.5,4,100.0,0.052041245384422063
ToxicChat,bge-large-en-v1.5,0,0.5,0.10025953563902798
ToxicChat,bge-large-en-v1.5,0,1.0,0.07415856322616815
ToxicChat,bge-large-en-v1.5,0,1.5,0.06502165213524852
ToxicChat,bge-large-en-v1.5,0,3.0,0.05765485143155413
ToxicChat,bge-large-en-v1.5,0,5.0,0.05542076671757496
ToxicChat,bge-large-en-v1.5,0,10.0,0.05436957488352311
ToxicChat,bge-large-en-v1.5,0,30.0,0.05394909814990237
ToxicChat,bge-large-en-v1.5,0,100.0,0.053828271502310204
ToxicChat,bge-large-en-v1.5,1,0.5,0.09210252866008081
ToxicChat,bge-large-en-v1.5,1,1.0,0.06448759835289114
ToxicChat,bge-large-en-v1.5,1,1.5,0.05546426431070814
ToxicChat,bge-large-en-v1.5,1,3.0,0.049448305527094165
ToxicChat,bge-large-en-v1.5,1,5.0,0.04867259844955246
ToxicChat,bge-large-en-v1.5,1,10.0,0.048933584008351544
ToxicChat,bge-large-en-v1.5,1,30.0,0.04956671564173448
ToxicChat,bge-large-en-v1.5,1,100.0,0.04988086492547412
ToxicChat,bge-large-en-v1.5,2,0.5,0.0804137587720146
ToxicChat,bge-large-en-v1.5,2,1.0,0.055535552032787525
ToxicChat,bge-large-en-v1.5,2,1.5,0.04770115220291144
ToxicChat,bge-large-en-v1.5,2,3.0,0.042011425367796326
ToxicChat,bge-large-en-v1.5,2,5.0,0.04072945463684343
ToxicChat,bge-large-en-v1.5,2,10.0,0.04041651361957972
ToxicChat,bge-large-en-v1.5,2,30.0,0.04064729251648076
ToxicChat,bge-large-en-v1.5,2,100.0,0.0406666247800955
ToxicChat,bge-large-en-v1.5,3,0.5,0.10072713476520964
ToxicChat,bge-large-en-v1.5,3,1.0,0.07137713379859648
ToxicChat,bge-large-en-v1.5,3,1.5,0.060889380787596425
ToxicChat,bge-large-en-v1.5,3,3.0,0.05269129274846791
ToxicChat,bge-large-en-v1.5,3,5.0,0.05044029230382586
ToxicChat,bge-large-en-v1.5,3,10.0,0.049374601272062946
ToxicChat,bge-large-en-v1.5,3,30.0,0.0490822007848899
ToxicChat,bge-large-en-v1.5,3,100.0,0.04908824211726952
ToxicChat,bge-large-en-v1.5,4,0.5,0.09039645639607942
ToxicChat,bge-large-en-v1.5,4,1.0,0.06534909235022329
ToxicChat,bge-large-en-v1.5,4,1.5,0.05676194250584801
ToxicChat,bge-large-en-v1.5,4,3.0,0.05068194559901019
ToxicChat,bge-large-en-v1.5,4,5.0,0.049541342045740136
ToxicChat,bge-large-en-v1.5,4,10.0,0.049306938349411335
ToxicChat,bge-large-en-v1.5,4,30.0,0.04965250256152493
ToxicChat,bge-large-en-v1.5,4,100.0,0.04979386973920777
Wild,all-mpnet-base-v2,0,0.5,0.20734687499999999
Wild,all-mpnet-base-v2,0,1.0,0.16360000000000002
Wild,all-mpnet-base-v2,0,1.5,0.1488171875
Wild,all-mpnet-base-v2,0,3.0,0.13626093749999998
Wild,all-mpnet-base-v2,0,5.0,0.13232500000000003
Wild,all-mpnet-base-v2,0,10.0,0.1301171875
Wild,all-mpnet-base-v2,0,30.0,0.1289703125
Wild,all-mpnet-base-v2,0,100.0,0.1286296875
Wild,all-mpnet-base-v2,1,0.5,0.20993515625
Wild,all-mpnet-base-v2,1,1.0,0.16418046875
Wild,all-mpnet-base-v2,1,1.5,0.14880234375
Wild,all-mpnet-base-v2,1,3.0,0.13595859375
Wild,all-mpnet-base-v2,1,5.0,0.13200390625
Wild,all-mpnet-base-v2,1,10.0,0.12995234375
Wild,all-mpnet-base-v2,1,30.0,0.12866015625000002
Wild,all-mpnet-base-v2,1,100.0,0.12832109375
Wild,all-mpnet-base-v2,2,0.5,0.21780624999999998
Wild,all-mpnet-base-v2,2,1.0,0.17149531249999997
Wild,all-mpnet-base-v2,2,1.5,0.1553921875
Wild,all-mpnet-base-v2,2,3.0,0.1424578125
Wild,all-mpnet-base-v2,2,5.0,0.138546875
Wild,all-mpnet-base-v2,2,10.0,0.1362703125
Wild,all-mpnet-base-v2,2,30.0,0.13515937499999997
Wild,all-mpnet-base-v2,2,100.0,0.1347765625
Wild,all-mpnet-base-v2,3,0.5,0.22473671875
Wild,all-mpnet-base-v2,3,1.0,0.18075078125
Wild,all-mpnet-base-v2,3,1.5,0.16466953125
Wild,all-mpnet-base-v2,3,3.0,0.15101640624999998
Wild,all-mpnet-base-v2,3,5.0,0.14636640625
Wild,all-mpnet-base-v2,3,10.0,0.14399609375
Wild,all-mpnet-base-v2,3,30.0,0.14251953125
Wild,all-mpnet-base-v2,3,100.0,0.14192734375
Wild,all-mpnet-base-v2,4,0.5,0.20840234375
Wild,all-mpnet-base-v2,4,1.0,0.16408828125
Wild,all-mpnet-base-v2,4,1.5,0.14862578124999998
Wild,all-mpnet-base-v2,4,3.0,0.13521796875
Wild,all-mpnet-base-v2,4,5.0,0.13108359375
Wild,all-mpnet-base-v2,4,10.0,0.12859140624999998
Wild,all-mpnet-base-v2,4,30.0,0.12709296874999998
Wild,all-mpnet-base-v2,4,100.0,0.12662265624999997
Wild,bge-base-en-v1.5,0,0.5,0.1932046875
Wild,bge-base-en-v1.5,0,1.0,0.1569421875
Wild,bge-base-en-v1.5,0,1.5,0.14539531249999998
Wild,bge-base-en-v1.5,0,3.0,0.135528125
Wild,bge-base-en-v1.5,0,5.0,0.13335625
Wild,bge-base-en-v1.5,0,10.0,0.1322765625
Wild,bge-base-en-v1.5,0,30.0,0.1316671875
Wild,bge-base-en-v1.5,0,100.0,0.13141406249999998
Wild,bge-base-en-v1.5,1,0.5,0.1889046875
Wild,bge-base-en-v1.5,1,1.0,0.156496875
Wild,bge-base-en-v1.5,1,1.5,0.14655625
Wild,bge-base-en-v1.5,1,3.0,0.1395484375
Wild,bge-base-en-v1.5,1,5.0,0.13813593749999997
Wild,bge-base-en-v1.5,1,10.0,0.1378171875
Wild,bge-base-en-v1.5,1,30.0,0.138028125
Wild,bge-base-en-v1.5,1,100.0,0.13819218749999998
Wild,bge-base-en-v1.5,2,0.5,0.18948046875
Wild,bge-base-en-v1.5,2,1.0,0.15661484375
Wild,bge-base-en-v1.5,2,1.5,0.14690859374999998
Wild,bge-base-en-v1.5,2,3.0,0.14031640624999997
Wild,bge-base-en-v1.5,2,5.0,0.13928515625
Wild,bge-base-en-v1.5,2,10.0,0.13940546874999998
Wild,bge-base-en-v1.5,2,30.0,0.13991796875
Wild,bge-base-en-v1.5,2,100.0,0.14020234374999999
Wild,bge-base-en-v1.5,3,0.5,0.19977499999999998
Wild,bge-base-en-v1.5,3,1.0,0.1671171875
Wild,bge-base-en-v1.5,3,1.5,0.1565890625
Wild,bge-base-en-v1.5,3,3.0,0.148140625
Wild,bge-base-en-v1.5,3,5.0,0.146428125
Wild,bge-base-en-v1.5,3,10.0,0.14588125
Wild,bge-base-en-v1.5,3,30.0,0.1457609375
Wild,bge-base-en-v1.5,3,100.0,0.145734375
Wild,bge-base-en-v1.5,4,0.5,0.18371796875
Wild,bge-base-en-v1.5,4,1.0,0.15255234374999999
Wild,bge-base-en-v1.5,4,1.5,0.14309140625
Wild,bge-base-en-v1.5,4,3.0,0.13676640625
Wild,bge-base-en-v1.5,4,5.0,0.13564453125
Wild,bge-base-en-v1.5,4,10.0,0.13570234375
Wild,bge-base-en-v1.5,4,30.0,0.13617265625
Wild,bge-base-en-v1.5,4,100.0,0.13627421875
Wild,bge-large-en-v1.5,0,0.5,0.19719843750000002
Wild,bge-large-en-v1.5,0,1.0,0.1565421875
Wild,bge-large-en-v1.5,0,1.5,0.14201249999999999
Wild,bge-large-en-v1.5,0,3.0,0.128946875
Wild,bge-large-en-v1.5,0,5.0,0.1247046875
Wild,bge-large-en-v1.5,0,10.0,0.12234531250000001
Wild,bge-large-en-v1.5,0,30.0,0.12115781249999999
Wild,bge-large-en-v1.5,0,100.0,0.12079687499999998
Wild,bge-large-en-v1.5,1,0.5,0.18965312500000003
Wild,bge-large-en-v1.5,1,1.0,0.153940625
Wild,bge-large-en-v1.5,1,1.5,0.14203906249999998
Wild,bge-large-en-v1.5,1,3.0,0.1330765625
Wild,bge-large-en-v1.5,1,5.0,0.130996875
Wild,bge-large-en-v1.5,1,10.0,0.13046249999999998
Wild,bge-large-en-v1.5,1,30.0,0.130484375
Wild,bge-large-en-v1.5,1,100.0,0.13074687499999998
Wild,bge-large-en-v1.5,2,0.5,0.18998593749999998
Wild,bge-large-en-v1.5,2,1.0,0.1517734375
Wild,bge-large-en-v1.5,2,1.5,0.1396703125
Wild,bge-large-en-v1.5,2,3.0,0.13117656249999998
Wild,bge-large-en-v1.5,2,5.0,0.1296703125
Wild,bge-large-en-v1.5,2,10.0,0.12945937500000002
Wild,bge-large-en-v1.5,2,30.0,0.12940625
Wild,bge-large-en-v1.5,2,100.0,0.12958281249999998
Wild,bge-large-en-v1.5,3,0.5,0.1998953125
Wild,bge-large-en-v1.5,3,1.0,0.1624359375
Wild,bge-large-en-v1.5,3,1.5,0.1498875
Wild,bge-large-en-v1.5,3,3.0,0.13913906249999997
Wild,bge-large-en-v1.5,3,5.0,0.136421875
Wild,bge-large-en-v1.5,3,10.0,0.135021875
Wild,bge-large-en-v1.5,3,30.0,0.13439375
Wild,bge-large-en-v1.5,3,100.0,0.134321875
Wild,bge-large-en-v1.5,4,0.5,0.1849671875
Wild,bge-large-en-v1.5,4,1.0,0.14890781250000001
Wild,bge-large-en-v1.5,4,1.5,0.1369
Wild,bge-large-en-v1.5,4,3.0,0.12725468750000002
Wild,bge-large-en-v1.5,4,5.0,0.125134375
Wild,bge-large-en-v1.5,4,10.0,0.12443749999999999
Wild,bge-large-en-v1.5,4,30.0,0.12425312499999999
Wild,bge-large-en-v1.5,4,100.0,0.124203125
XSTest,all-mpnet-base-v2,0,0.5,0.21194923585664488
XSTest,all-mpnet-base-v2,0,1.0,0.19706854946822774
XSTest,all-mpnet-base-v2,0,1.5,0.19067834480293144
XSTest,all-mpnet-base-v2,0,3.0,0.18576280275270352
XSTest,all-mpnet-base-v2,0,5.0,0.18661185092501564
XSTest,all-mpnet-base-v2,0,10.0,0.1866565376709268
XSTest,all-mpnet-base-v2,0,30.0,0.18670122441683798
XSTest,all-mpnet-base-v2,0,100.0,0.1865671641791045
XSTest,all-mpnet-base-v2,1,0.5,0.27388506568951654
XSTest,all-mpnet-base-v2,1,1.0,0.2620877647689696
XSTest,all-mpnet-base-v2,1,1.5,0.2527482348735365
XSTest,all-mpnet-base-v2,1,3.0,0.24381088569130396
XSTest,all-mpnet-base-v2,1,5.0,0.24251497005988024
XSTest,all-mpnet-base-v2,1,10.0,0.24188935561712394
XSTest,all-mpnet-base-v2,1,30.0,0.24211278934667976
XSTest,all-mpnet-base-v2,1,100.0,0.2423362230762356
XSTest,all-mpnet-base-v2,2,0.5,0.26030029493252305
XSTest,all-mpnet-base-v2,2,1.0,0.23818035570649748
XSTest,all-mpnet-base-v2,2,1.5,0.23205827151666816
XSTest,all-mpnet-base-v2,2,3.0,0.22745553668781837
XSTest,all-mpnet-base-v2,2,5.0,0.22736616319599606
XSTest,all-mpnet-base-v2,2,10.0,0.22785771740101893
XSTest,all-mpnet-base-v2,2,30.0,0.22866207882741982
XSTest,all-mpnet-base-v2,2,100.0,0.22901957279470908
XSTest,all-mpnet-base-v2,3,0.5,0.2436321387076593
XSTest,all-mpnet-base-v2,3,1.0,0.23411386182858163
XSTest,all-mpnet-base-v2,3,1.5,0.22910894628653142
XSTest,all-mpnet-base-v2,3,3.0,0.2245508982035928
XSTest,all-mpnet-base-v2,3,5.0,0.22392528376083654
XSTest,all-mpnet-base-v2,3,10.0,0.22450621145768165
XSTest,all-mpnet-base-v2,3,30.0,0.224595584949504
XSTest,all-mpnet-base-v2,3,100.0,0.22486370542497094
XSTest,all-mpnet-base-v2,4,0.5,0.23179015104120118
XSTest,all-mpnet-base-v2,4,1.0,0.2190544284565198
XSTest,all-mpnet-base-v2,4,1.5,0.21476450084904816
XSTest,all-mpnet-base-v2,4,3.0,0.20940209133970863
XSTest,all-mpnet-base-v2,4,5.0,0.20850835642148535
XSTest,all-mpnet-base-v2,4,10.0,0.20819554920010724
XSTest,all-mpnet-base-v2,4,30.0,0.20761462150326213
XSTest,all-mpnet-base-v2,4,100.0,0.20734650102779514
XSTest,bge-base-en-v1.5,0,0.5,0.1854499955313254
XSTest,bge-base-en-v1.5,0,1.0,0.1844222003753687
XSTest,bge-base-en-v1.5,0,1.5,0.18518187505585842
XSTest,bge-base-en-v1.5,0,3.0,0.18813120028599517
XSTest,bge-base-en-v1.5,0,5.0,0.19081240504066493
XSTest,bge-base-en-v1.5,0,10.0,0.19438734471355795
XSTest,bge-base-en-v1.5,0,30.0,0.19671105550093843
XSTest,bge-base-en-v1.5,0,100.0,0.19706854946822774
XSTest,bge-base-en-v1.5,1,0.5,0.2587362588256323
XSTest,bge-base-en-v1.5,1,1.0,0.2597640539815891
XSTest,bge-base-en-v1.5,1,1.5,0.26043435517025654
XSTest,bge-base-en-v1.5,1,3.0,0.2624005719903477
XSTest,bge-base-en-v1.5,1,5.0,0.2637411743676826
XSTest,bge-base-en-v1.5,1,10.0,0.2653052104745732
XSTest,bge-base-en-v1.5,1,30.0,0.26637769237644116
XSTest,bge-base-en-v1.5,1,100.0,0.2675395477701314
XSTest,bge-base-en-v1.5,2,0.5,0.21860756099740816
XSTest,bge-base-en-v1.5,2,1.0,0.21404951291446955
XSTest,bge-base-en-v1.5,2,1.5,0.21351327196353562
XSTest,bge-base-en-v1.5,2,3.0,0.21690946465278396
XSTest,bge-base-en-v1.5,2,5.0,0.2190544284565198
XSTest,bge-base-en-v1.5,2,10.0,0.2211993922602556
XSTest,bge-base-en-v1.5,2,30.0,0.22253999463759047
XSTest,bge-base-en-v1.5,2,100.0,0.22321029582625795
XSTest,bge-base-en-v1.5,3,0.5,0.2159263562427384
XSTest,bge-base-en-v1.5,3,1.0,0.21820538028420772
XSTest,bge-base-en-v1.5,3,1.5,0.21985878988292074
XSTest,bge-base-en-v1.5,3,3.0,0.2241934042363035
XSTest,bge-base-en-v1.5,3,5.0,0.22758959692555186
XSTest,bge-base-en-v1.5,3,10.0,0.23022611493431047
XSTest,bge-base-en-v1.5,3,30.0,0.2334435606399142
XSTest,bge-base-en-v1.5,3,100.0,0.2346054160336044
XSTest,bge-base-en-v1.5,4,0.5,0.213066404504424
XSTest,bge-base-en-v1.5,4,1.0,0.2126195370453124
XSTest,bge-base-en-v1.5,4,1.5,0.21320046474215748
XSTest,bge-base-en-v1.5,4,3.0,0.2152113683081598
XSTest,bge-base-en-v1.5,4,5.0,0.21717758512825094
XSTest,bge-base-en-v1.5,4,10.0,0.21909911520243094
XSTest,bge-base-en-v1.5,4,30.0,0.22030565734203233
XSTest,bge-base-en-v1.5,4,100.0,0.22066315130932165
XSTest,bge-large-en-v1.5,0,0.5,0.195504513361337
XSTest,bge-large-en-v1.5,0,1.0,0.18804182679417286
XSTest,bge-large-en-v1.5,0,1.5,0.1854499955313254
XSTest,bge-large-en-v1.5,0,3.0,0.1867905979086603
XSTest,bge-large-en-v1.5,0,5.0,0.18670122441683795
XSTest,bge-large-en-v1.5,0,10.0,0.18723746536777192
XSTest,bge-large-en-v1.5,0,30.0,0.1885780677451068
XSTest,bge-large-en-v1.5,0,100.0,0.18862275449101795
XSTest,bge-large-en-v1.5,1,0.5,0.26391992135132714
XSTest,bge-large-en-v1.5,1,1.0,0.2597640539815891
XSTest,bge-large-en-v1.5,1,1.5,0.2578872106533202
XSTest,bge-large-en-v1.5,1,3.0,0.2568594154973635
XSTest,bge-large-en-v1.5,1,5.0,0.2563678612923407
XSTest,bge-large-en-v1.5,1,10.0,0.2577084636696756
XSTest,bge-large-en-v1.5,1,30.0,0.2575297166860309
XSTest,bge-large-en-v1.5,1,100.0,0.2578872106533202
XSTest,bge-large-en-v1.5,2,0.5,0.22562338010546074
XSTest,bge-large-en-v1.5,2,1.0,0.2221825006703012
XSTest,bge-large-en-v1.5,2,1.5,0.22231656090803467
XSTest,bge-large-en-v1.5,2,3.0,0.22419340423630352
XSTest,bge-large-en-v1.5,2,5.0,0.22691929573688446
XSTest,bge-large-en-v1.5,2,10.0,0.2283939583519528
XSTest,bge-large-en-v1.5,2,30.0,0.22973456072928772
XSTest,bge-large-en-v1.5,2,100.0,0.230092054696577
XSTest,bge-large-en-v1.5,3,0.5,0.22088658503887748
XSTest,bge-large-en-v1.5,3,1.0,0.21918848869425328
XSTest,bge-large-en-v1.5,3,1.5,0.2200822236124766
XSTest,bge-large-en-v1.5,3,3.0,0.2215568862275449
XSTest,bge-large-en-v1.5,3,5.0,0.2232549825721691
XSTest,bge-large-en-v1.5,3,10.0,0.22472964518723745
XSTest,bge-large-en-v1.5,3,30.0,0.2256680668513719
XSTest,bge-large-en-v1.5,3,100.0,0.22624899454821698
XSTest,bge-large-en-v1.5,4,0.5,0.21592635624273837
XSTest,bge-large-en-v1.5,4,1.0,0.20676557333095008
XSTest,bge-large-en-v1.5,4,1.5,0.20390562159263562
XSTest,bge-large-en-v1.5,4,3.0,0.20158191080525514
XSTest,bge-large-en-v1.5,4,5.0,0.20211815175618913
XSTest,bge-large-en-v1.5,4,10.0,0.2027437661989454
XSTest,bge-large-en-v1.5,4,30.0,0.20359281437125748
XSTest,bge-large-en-v1.5,4,100.0,0.20390562159263564
