dataset,seed,n_test,model,method,roc_auc,pr_auc
AdvBench,0,520,all-mpnet-base-v2,A1_naive_cosine_raw,0.993515625,0.9961805194635504
AdvBench,0,520,all-mpnet-base-v2,A1b_cosine_whitened,0.99890625,0.9993022998879716
AdvBench,0,520,all-mpnet-base-v2,A2_rsfi_svd_raw_k20,0.997359375,0.9983704664240927
AdvBench,0,520,all-mpnet-base-v2,A3_rsfi_svd_whitened_k20,0.9790000000000001,0.9881676110084734
AdvBench,0,520,all-mpnet-base-v2,B1_discriminant_mean_raw,0.9974999999999999,0.9985432663817656
AdvBench,0,520,all-mpnet-base-v2,B1b_discriminant_mean_whitened,0.99890625,0.9993024250644055
AdvBench,0,520,all-mpnet-base-v2,B2_contrastive_svd_raw_k20,0.998703125,0.9991916838336163
AdvBench,0,520,all-mpnet-base-v2,B2b_contrastive_svd_whitened_k20,0.990765625,0.9945661319400603
AdvBench,0,520,all-mpnet-base-v2,C1_logreg_raw,0.9979375,0.9987220171035054
AdvBench,0,520,all-mpnet-base-v2,C1b_logreg_whitened,0.99875,0.9991915186182261
AdvBench,0,520,all-mpnet-base-v2,B1_raw,0.9974999999999999,0.9985432663817656
AdvBench,0,520,all-mpnet-base-v2,B1b_SigmaT_wh,0.99890625,0.9993024250644055
AdvBench,0,520,all-mpnet-base-v2,B1w_SigmaW_wh,0.998875,0.9992740463331751
AdvBench,1,520,all-mpnet-base-v2,A1_naive_cosine_raw,0.99390625,0.9963790073507495
AdvBench,1,520,all-mpnet-base-v2,A1b_cosine_whitened,0.99790625,0.998748272563003
AdvBench,1,520,all-mpnet-base-v2,A2_rsfi_svd_raw_k20,0.998046875,0.998778395027497
AdvBench,1,520,all-mpnet-base-v2,A3_rsfi_svd_whitened_k20,0.9572343750000001,0.9755149603498614
AdvBench,1,520,all-mpnet-base-v2,B1_discriminant_mean_raw,0.9980781249999999,0.9988718833622727
AdvBench,1,520,all-mpnet-base-v2,B1b_discriminant_mean_whitened,0.998109375,0.9988432779990787
AdvBench,1,520,all-mpnet-base-v2,B2_contrastive_svd_raw_k20,0.999140625,0.9994697888544435
AdvBench,1,520,all-mpnet-base-v2,B2b_contrastive_svd_whitened_k20,0.9794062499999999,0.9877271203223125
AdvBench,1,520,all-mpnet-base-v2,C1_logreg_raw,0.9987343750000001,0.9992370233070096
AdvBench,1,520,all-mpnet-base-v2,C1b_logreg_whitened,0.9979375,0.9987266708525953
AdvBench,1,520,all-mpnet-base-v2,B1_raw,0.9980781249999999,0.9988718833622727
AdvBench,1,520,all-mpnet-base-v2,B1b_SigmaT_wh,0.998109375,0.9988432779990787
AdvBench,1,520,all-mpnet-base-v2,B1w_SigmaW_wh,0.99865625,0.9991571853133326
AdvBench,2,520,all-mpnet-base-v2,A1_naive_cosine_raw,0.993046875,0.9959125056952312
AdvBench,2,520,all-mpnet-base-v2,A1b_cosine_whitened,0.9983593749999999,0.9991183862122928
AdvBench,2,520,all-mpnet-base-v2,A2_rsfi_svd_raw_k20,0.9978750000000001,0.9986374910685509
AdvBench,2,520,all-mpnet-base-v2,A3_rsfi_svd_whitened_k20,0.9821718749999999,0.9897047793284761
AdvBench,2,520,all-mpnet-base-v2,B1_discriminant_mean_raw,0.9973124999999999,0.9984405488595849
AdvBench,2,520,all-mpnet-base-v2,B1b_discriminant_mean_whitened,0.99828125,0.9990745313712799
AdvBench,2,520,all-mpnet-base-v2,B2_contrastive_svd_raw_k20,0.9991406249999999,0.9994570393960585
AdvBench,2,520,all-mpnet-base-v2,B2b_contrastive_svd_whitened_k20,0.9907656249999999,0.9947791564070954
AdvBench,2,520,all-mpnet-base-v2,C1_logreg_raw,0.9983593749999999,0.9990123096064365
AdvBench,2,520,all-mpnet-base-v2,C1b_logreg_whitened,0.998,0.9989528708389253
AdvBench,2,520,all-mpnet-base-v2,B1_raw,0.9973124999999999,0.9984405488595849
AdvBench,2,520,all-mpnet-base-v2,B1b_SigmaT_wh,0.99828125,0.9990745313712799
AdvBench,2,520,all-mpnet-base-v2,B1w_SigmaW_wh,0.9984218749999999,0.9991204512711893
AdvBench,3,520,all-mpnet-base-v2,A1_naive_cosine_raw,0.995578125,0.9974644768142955
AdvBench,3,520,all-mpnet-base-v2,A1b_cosine_whitened,0.999265625,0.9995484261108365
AdvBench,3,520,all-mpnet-base-v2,A2_rsfi_svd_raw_k20,0.999140625,0.9994900445632696
AdvBench,3,520,all-mpnet-base-v2,A3_rsfi_svd_whitened_k20,0.980328125,0.9884693398471761
AdvBench,3,520,all-mpnet-base-v2,B1_discriminant_mean_raw,0.998046875,0.99888858601694
AdvBench,3,520,all-mpnet-base-v2,B1b_discriminant_mean_whitened,0.999234375,0.9995354677139108
AdvBench,3,520,all-mpnet-base-v2,B2_contrastive_svd_raw_k20,0.9995624999999999,0.9997316320354643
AdvBench,3,520,all-mpnet-base-v2,B2b_contrastive_svd_whitened_k20,0.989953125,0.9940114991127085
AdvBench,3,520,all-mpnet-base-v2,C1_logreg_raw,0.9992343750000001,0.9995568708407865
AdvBench,3,520,all-mpnet-base-v2,C1b_logreg_whitened,0.999359375,0.9996061420722588
AdvBench,3,520,all-mpnet-base-v2,B1_raw,0.998046875,0.99888858601694
AdvBench,3,520,all-mpnet-base-v2,B1b_SigmaT_wh,0.999234375,0.9995354677139108
AdvBench,3,520,all-mpnet-base-v2,B1w_SigmaW_wh,0.9995,0.9997007623278233
AdvBench,4,520,all-mpnet-base-v2,A1_naive_cosine_raw,0.99446875,0.9967367979154567
AdvBench,4,520,all-mpnet-base-v2,A1b_cosine_whitened,0.997578125,0.9986829066206623
AdvBench,4,520,all-mpnet-base-v2,A2_rsfi_svd_raw_k20,0.998109375,0.998849318052744
AdvBench,4,520,all-mpnet-base-v2,A3_rsfi_svd_whitened_k20,0.98284375,0.9903629723424452
AdvBench,4,520,all-mpnet-base-v2,B1_discriminant_mean_raw,0.997921875,0.9987875216879951
AdvBench,4,520,all-mpnet-base-v2,B1b_discriminant_mean_whitened,0.997671875,0.9987486253397561
AdvBench,4,520,all-mpnet-base-v2,B2_contrastive_svd_raw_k20,0.998703125,0.9992310520798976
AdvBench,4,520,all-mpnet-base-v2,B2b_contrastive_svd_whitened_k20,0.991765625,0.9952630143180782
AdvBench,4,520,all-mpnet-base-v2,C1_logreg_raw,0.998625,0.9991897042982385
AdvBench,4,520,all-mpnet-base-v2,C1b_logreg_whitened,0.9976875000000001,0.9987758822298904
AdvBench,4,520,all-mpnet-base-v2,B1_raw,0.997921875,0.9987875216879951
AdvBench,4,520,all-mpnet-base-v2,B1b_SigmaT_wh,0.997671875,0.9987486253397561
AdvBench,4,520,all-mpnet-base-v2,B1w_SigmaW_wh,0.99825,0.9990270157709322
AdvBench,0,520,bge-base-en-v1.5,A1_naive_cosine_raw,0.9915625,0.9950445175972452
AdvBench,0,520,bge-base-en-v1.5,A1b_cosine_whitened,0.999765625,0.9998541482757272
AdvBench,0,520,bge-base-en-v1.5,A2_rsfi_svd_raw_k20,0.999234375,0.9995424670298794
AdvBench,0,520,bge-base-en-v1.5,A3_rsfi_svd_whitened_k20,0.96775,0.9803895852186421
AdvBench,0,520,bge-base-en-v1.5,B1_discriminant_mean_raw,0.9978281250000001,0.9986767854732043
AdvBench,0,520,bge-base-en-v1.5,B1b_discriminant_mean_whitened,0.999828125,0.9998933289454497
AdvBench,0,520,bge-base-en-v1.5,B2_contrastive_svd_raw_k20,0.9975937500000001,0.9984521454991016
AdvBench,0,520,bge-base-en-v1.5,B2b_contrastive_svd_whitened_k20,0.98684375,0.9917667893190099
AdvBench,0,520,bge-base-en-v1.5,C1_logreg_raw,0.999171875,0.9994843898398649
AdvBench,0,520,bge-base-en-v1.5,C1b_logreg_whitened,0.999734375,0.999836163098496
AdvBench,0,520,bge-base-en-v1.5,B1_raw,0.9978281250000001,0.9986767854732043
AdvBench,0,520,bge-base-en-v1.5,B1b_SigmaT_wh,0.999828125,0.9998933289454497
AdvBench,0,520,bge-base-en-v1.5,B1w_SigmaW_wh,0.99984375,0.999902946552229
AdvBench,1,520,bge-base-en-v1.5,A1_naive_cosine_raw,0.9877343749999999,0.9930363309816173
AdvBench,1,520,bge-base-en-v1.5,A1b_cosine_whitened,0.9992031250000001,0.999513897973275
AdvBench,1,520,bge-base-en-v1.5,A2_rsfi_svd_raw_k20,0.99790625,0.9988011623828943
AdvBench,1,520,bge-base-en-v1.5,A3_rsfi_svd_whitened_k20,0.943109375,0.9660894752831822
AdvBench,1,520,bge-base-en-v1.5,B1_discriminant_mean_raw,0.9968281250000001,0.9980843862554643
AdvBench,1,520,bge-base-en-v1.5,B1b_discriminant_mean_whitened,0.999734375,0.9998358993211671
AdvBench,1,520,bge-base-en-v1.5,B2_contrastive_svd_raw_k20,0.9985625,0.9990999717281941
AdvBench,1,520,bge-base-en-v1.5,B2b_contrastive_svd_whitened_k20,0.979046875,0.987130857483214
AdvBench,1,520,bge-base-en-v1.5,C1_logreg_raw,0.999,0.9993926274101341
AdvBench,1,520,bge-base-en-v1.5,C1b_logreg_whitened,0.99990625,0.999941949348102
AdvBench,1,520,bge-base-en-v1.5,B1_raw,0.9968281250000001,0.9980843862554643
AdvBench,1,520,bge-base-en-v1.5,B1b_SigmaT_wh,0.999734375,0.9998358993211671
AdvBench,1,520,bge-base-en-v1.5,B1w_SigmaW_wh,1.0,1.0
AdvBench,2,520,bge-base-en-v1.5,A1_naive_cosine_raw,0.9936093749999999,0.996323503601109
AdvBench,2,520,bge-base-en-v1.5,A1b_cosine_whitened,0.999390625,0.9996328794013891
AdvBench,2,520,bge-base-en-v1.5,A2_rsfi_svd_raw_k20,0.9991406250000001,0.9994749208087254
AdvBench,2,520,bge-base-en-v1.5,A3_rsfi_svd_whitened_k20,0.9734999999999999,0.9848632894805167
AdvBench,2,520,bge-base-en-v1.5,B1_discriminant_mean_raw,0.998234375,0.9989303763898931
AdvBench,2,520,bge-base-en-v1.5,B1b_discriminant_mean_whitened,0.9995937500000001,0.9997555742791586
AdvBench,2,520,bge-base-en-v1.5,B2_contrastive_svd_raw_k20,0.9992656249999999,0.9995496897008149
AdvBench,2,520,bge-base-en-v1.5,B2b_contrastive_svd_whitened_k20,0.9907343750000001,0.994410736435548
AdvBench,2,520,bge-base-en-v1.5,C1_logreg_raw,0.9994843750000001,0.9996784833439644
AdvBench,2,520,bge-base-en-v1.5,C1b_logreg_whitened,0.9996406250000001,0.9997847511826472
AdvBench,2,520,bge-base-en-v1.5,B1_raw,0.998234375,0.9989303763898931
AdvBench,2,520,bge-base-en-v1.5,B1b_SigmaT_wh,0.9995937500000001,0.9997555742791586
AdvBench,2,520,bge-base-en-v1.5,B1w_SigmaW_wh,0.9997968749999999,0.9998745793646976
AdvBench,3,520,bge-base-en-v1.5,A1_naive_cosine_raw,0.990078125,0.9944541484341661
AdvBench,3,520,bge-base-en-v1.5,A1b_cosine_whitened,0.9993281249999999,0.9995830549428115
AdvBench,3,520,bge-base-en-v1.5,A2_rsfi_svd_raw_k20,0.9978437499999999,0.998790063714613
AdvBench,3,520,bge-base-en-v1.5,A3_rsfi_svd_whitened_k20,0.9714375,0.9835438841813093
AdvBench,3,520,bge-base-en-v1.5,B1_discriminant_mean_raw,0.9966562499999999,0.9980763258283013
AdvBench,3,520,bge-base-en-v1.5,B1b_discriminant_mean_whitened,0.999546875,0.9997186590627656
AdvBench,3,520,bge-base-en-v1.5,B2_contrastive_svd_raw_k20,0.9984843750000001,0.9990683000539675
AdvBench,3,520,bge-base-en-v1.5,B2b_contrastive_svd_whitened_k20,0.9897500000000001,0.9939277069729305
AdvBench,3,520,bge-base-en-v1.5,C1_logreg_raw,0.999078125,0.9994583462579323
AdvBench,3,520,bge-base-en-v1.5,C1b_logreg_whitened,0.9994999999999999,0.9996891783249655
AdvBench,3,520,bge-base-en-v1.5,B1_raw,0.9966562499999999,0.9980763258283013
AdvBench,3,520,bge-base-en-v1.5,B1b_SigmaT_wh,0.999546875,0.9997186590627656
AdvBench,3,520,bge-base-en-v1.5,B1w_SigmaW_wh,0.9997499999999999,0.9998451537752392
AdvBench,4,520,bge-base-en-v1.5,A1_naive_cosine_raw,0.9921249999999999,0.9955886852258313
AdvBench,4,520,bge-base-en-v1.5,A1b_cosine_whitened,0.9995624999999999,0.9997332532280399
AdvBench,4,520,bge-base-en-v1.5,A2_rsfi_svd_raw_k20,0.9979843749999999,0.9988672370359282
AdvBench,4,520,bge-base-en-v1.5,A3_rsfi_svd_whitened_k20,0.969296875,0.9830123185574456
AdvBench,4,520,bge-base-en-v1.5,B1_discriminant_mean_raw,0.998171875,0.9989296203047853
AdvBench,4,520,bge-base-en-v1.5,B1b_discriminant_mean_whitened,0.9996875,0.9998089515152857
AdvBench,4,520,bge-base-en-v1.5,B2_contrastive_svd_raw_k20,0.9985625,0.9991331660682383
AdvBench,4,520,bge-base-en-v1.5,B2b_contrastive_svd_whitened_k20,0.9840625000000001,0.9908711919814693
AdvBench,4,520,bge-base-en-v1.5,C1_logreg_raw,0.999171875,0.9995096493307989
AdvBench,4,520,bge-base-en-v1.5,C1b_logreg_whitened,0.999765625,0.9998548557560114
AdvBench,4,520,bge-base-en-v1.5,B1_raw,0.998171875,0.9989296203047853
AdvBench,4,520,bge-base-en-v1.5,B1b_SigmaT_wh,0.9996875,0.9998089515152857
AdvBench,4,520,bge-base-en-v1.5,B1w_SigmaW_wh,0.99971875,0.9998290468092599
AdvBench,0,520,bge-large-en-v1.5,A1_naive_cosine_raw,0.99540625,0.9972643785162466
AdvBench,0,520,bge-large-en-v1.5,A1b_cosine_whitened,0.998796875,0.9992929882637609
AdvBench,0,520,bge-large-en-v1.5,A2_rsfi_svd_raw_k20,0.999234375,0.9995389834654251
AdvBench,0,520,bge-large-en-v1.5,A3_rsfi_svd_whitened_k20,0.9721562499999999,0.9826107204210713
AdvBench,0,520,bge-large-en-v1.5,B1_discriminant_mean_raw,0.9990625000000001,0.9994236341349144
AdvBench,0,520,bge-large-en-v1.5,B1b_discriminant_mean_whitened,0.9989374999999999,0.9993744526056303
AdvBench,0,520,bge-large-en-v1.5,B2_contrastive_svd_raw_k20,0.9974531249999999,0.9983992562366664
AdvBench,0,520,bge-large-en-v1.5,B2b_contrastive_svd_whitened_k20,0.9884687500000001,0.9923844831280776
AdvBench,0,520,bge-large-en-v1.5,C1_logreg_raw,0.999625,0.9997661785700676
AdvBench,0,520,bge-large-en-v1.5,C1b_logreg_whitened,0.998640625,0.9992024108339622
AdvBench,0,520,bge-large-en-v1.5,B1_raw,0.9990625000000001,0.9994236341349144
AdvBench,0,520,bge-large-en-v1.5,B1b_SigmaT_wh,0.9989374999999999,0.9993744526056303
AdvBench,0,520,bge-large-en-v1.5,B1w_SigmaW_wh,0.999375,0.9996206521209202
AdvBench,1,520,bge-large-en-v1.5,A1_naive_cosine_raw,0.995953125,0.9976407012587829
AdvBench,1,520,bge-large-en-v1.5,A1b_cosine_whitened,0.999578125,0.9997474148637431
AdvBench,1,520,bge-large-en-v1.5,A2_rsfi_svd_raw_k20,0.999234375,0.9995339265265475
AdvBench,1,520,bge-large-en-v1.5,A3_rsfi_svd_whitened_k20,0.9415468749999999,0.9669122645769345
AdvBench,1,520,bge-large-en-v1.5,B1_discriminant_mean_raw,0.9991875,0.9994904118172747
AdvBench,1,520,bge-large-en-v1.5,B1b_discriminant_mean_whitened,0.999671875,0.9998022387447724
AdvBench,1,520,bge-large-en-v1.5,B2_contrastive_svd_raw_k20,0.9985468750000001,0.9990548444902021
AdvBench,1,520,bge-large-en-v1.5,B2b_contrastive_svd_whitened_k20,0.981265625,0.988315524792041
AdvBench,1,520,bge-large-en-v1.5,C1_logreg_raw,0.99975,0.9998421685004453
AdvBench,1,520,bge-large-en-v1.5,C1b_logreg_whitened,0.9996875000000001,0.9998114284700333
AdvBench,1,520,bge-large-en-v1.5,B1_raw,0.9991875,0.9994904118172747
AdvBench,1,520,bge-large-en-v1.5,B1b_SigmaT_wh,0.999671875,0.9998022387447724
AdvBench,1,520,bge-large-en-v1.5,B1w_SigmaW_wh,0.999859375,0.9999135421122907
AdvBench,2,520,bge-large-en-v1.5,A1_naive_cosine_raw,0.99740625,0.9984347129376188
AdvBench,2,520,bge-large-en-v1.5,A1b_cosine_whitened,0.99940625,0.9996682960893855
AdvBench,2,520,bge-large-en-v1.5,A2_rsfi_svd_raw_k20,0.9998437499999999,0.9999038373323063
AdvBench,2,520,bge-large-en-v1.5,A3_rsfi_svd_whitened_k20,0.9555156250000001,0.9756754037356887
AdvBench,2,520,bge-large-en-v1.5,B1_discriminant_mean_raw,0.9992500000000001,0.9995331800185052
AdvBench,2,520,bge-large-en-v1.5,B1b_discriminant_mean_whitened,0.999625,0.999781976744186
AdvBench,2,520,bge-large-en-v1.5,B2_contrastive_svd_raw_k20,0.9989843749999999,0.9993447533724856
AdvBench,2,520,bge-large-en-v1.5,B2b_contrastive_svd_whitened_k20,0.988234375,0.9932264243460674
AdvBench,2,520,bge-large-en-v1.5,C1_logreg_raw,0.99975,0.9998425769890693
AdvBench,2,520,bge-large-en-v1.5,C1b_logreg_whitened,0.999625,0.999781976744186
AdvBench,2,520,bge-large-en-v1.5,B1_raw,0.9992500000000001,0.9995331800185052
AdvBench,2,520,bge-large-en-v1.5,B1b_SigmaT_wh,0.999625,0.999781976744186
AdvBench,2,520,bge-large-en-v1.5,B1w_SigmaW_wh,0.999828125,0.9998961480362538
AdvBench,3,520,bge-large-en-v1.5,A1_naive_cosine_raw,0.996546875,0.9979788225292987
AdvBench,3,520,bge-large-en-v1.5,A1b_cosine_whitened,0.999609375,0.9997676805419413
AdvBench,3,520,bge-large-en-v1.5,A2_rsfi_svd_raw_k20,0.999484375,0.9996872272308434
AdvBench,3,520,bge-large-en-v1.5,A3_rsfi_svd_whitened_k20,0.969421875,0.982790333336744
AdvBench,3,520,bge-large-en-v1.5,B1_discriminant_mean_raw,0.998890625,0.9993310478489508
AdvBench,3,520,bge-large-en-v1.5,B1b_discriminant_mean_whitened,0.9995937500000001,0.9997578534979161
AdvBench,3,520,bge-large-en-v1.5,B2_contrastive_svd_raw_k20,0.999359375,0.9996093993407368
AdvBench,3,520,bge-large-en-v1.5,B2b_contrastive_svd_whitened_k20,0.990859375,0.994536410732398
AdvBench,3,520,bge-large-en-v1.5,C1_logreg_raw,0.999875,0.999923780487805
AdvBench,3,520,bge-large-en-v1.5,C1b_logreg_whitened,0.999578125,0.999747995453752
AdvBench,3,520,bge-large-en-v1.5,B1_raw,0.998890625,0.9993310478489508
AdvBench,3,520,bge-large-en-v1.5,B1b_SigmaT_wh,0.9995937500000001,0.9997578534979161
AdvBench,3,520,bge-large-en-v1.5,B1w_SigmaW_wh,0.999828125,0.9998946655809726
AdvBench,4,520,bge-large-en-v1.5,A1_naive_cosine_raw,0.9970156250000001,0.9982408407389378
AdvBench,4,520,bge-large-en-v1.5,A1b_cosine_whitened,0.9995624999999999,0.999732245863607
AdvBench,4,520,bge-large-en-v1.5,A2_rsfi_svd_raw_k20,0.99946875,0.9996775612792392
AdvBench,4,520,bge-large-en-v1.5,A3_rsfi_svd_whitened_k20,0.96615625,0.9812893816235772
AdvBench,4,520,bge-large-en-v1.5,B1_discriminant_mean_raw,0.999328125,0.9995957906569168
AdvBench,4,520,bge-large-en-v1.5,B1b_discriminant_mean_whitened,0.9995624999999999,0.9997321473515364
AdvBench,4,520,bge-large-en-v1.5,B2_contrastive_svd_raw_k20,0.9989687500000001,0.9993761395488838
AdvBench,4,520,bge-large-en-v1.5,B2b_contrastive_svd_whitened_k20,0.98828125,0.9929661957398703
AdvBench,4,520,bge-large-en-v1.5,C1_logreg_raw,0.999828125,0.9998943915805352
AdvBench,4,520,bge-large-en-v1.5,C1b_logreg_whitened,0.9995937500000001,0.9997537353993718
AdvBench,4,520,bge-large-en-v1.5,B1_raw,0.999328125,0.9995957906569168
AdvBench,4,520,bge-large-en-v1.5,B1b_SigmaT_wh,0.9995624999999999,0.9997321473515364
AdvBench,4,520,bge-large-en-v1.5,B1w_SigmaW_wh,0.9998125,0.9998836874111822
AdvBench,0,520,Qwen3-Embedding-8B,A1_naive_cosine_raw,0.99703125,0.9982698529270386
AdvBench,0,520,Qwen3-Embedding-8B,A1b_cosine_whitened,0.999921875,0.9999510178460741
AdvBench,0,520,Qwen3-Embedding-8B,A2_rsfi_svd_raw_k20,0.998296875,0.9990033506307086
AdvBench,0,520,Qwen3-Embedding-8B,A3_rsfi_svd_whitened_k20,0.971234375,0.9823030894489877
AdvBench,0,520,Qwen3-Embedding-8B,B1_discriminant_mean_raw,0.99990625,0.9999424846625766
AdvBench,0,520,Qwen3-Embedding-8B,B1b_discriminant_mean_whitened,0.99990625,0.9999411286055677
AdvBench,0,520,Qwen3-Embedding-8B,B2_contrastive_svd_raw_k20,0.9996875000000001,0.9998141094766724
AdvBench,0,520,Qwen3-Embedding-8B,B2b_contrastive_svd_whitened_k20,0.9959375,0.9973580893051358
AdvBench,0,520,Qwen3-Embedding-8B,C1_logreg_raw,0.999984375,0.9999902647975079
AdvBench,0,520,Qwen3-Embedding-8B,C1b_logreg_whitened,0.99990625,0.9999411286055677
AdvBench,0,520,Qwen3-Embedding-8B,B1_raw,0.99990625,0.9999424846625766
AdvBench,0,520,Qwen3-Embedding-8B,B1b_SigmaT_wh,0.99990625,0.9999411286055677
AdvBench,0,520,Qwen3-Embedding-8B,B1w_SigmaW_wh,0.99990625,0.9999411286055677
AdvBench,1,520,Qwen3-Embedding-8B,A1_naive_cosine_raw,0.99659375,0.9981406825708284
AdvBench,1,520,Qwen3-Embedding-8B,A1b_cosine_whitened,0.999921875,0.9999512011548422
AdvBench,1,520,Qwen3-Embedding-8B,A2_rsfi_svd_raw_k20,0.9986562499999999,0.9992018703549449
AdvBench,1,520,Qwen3-Embedding-8B,A3_rsfi_svd_whitened_k20,0.961703125,0.9766778285932293
AdvBench,1,520,Qwen3-Embedding-8B,B1_discriminant_mean_raw,1.0,1.0
AdvBench,1,520,Qwen3-Embedding-8B,B1b_discriminant_mean_whitened,0.999875,0.9999215332352511
AdvBench,1,520,Qwen3-Embedding-8B,B2_contrastive_svd_raw_k20,0.99996875,0.9999805900621118
AdvBench,1,520,Qwen3-Embedding-8B,B2b_contrastive_svd_whitened_k20,0.99478125,0.9965100036532791
AdvBench,1,520,Qwen3-Embedding-8B,C1_logreg_raw,0.99996875,0.9999804991725079
AdvBench,1,520,Qwen3-Embedding-8B,C1b_logreg_whitened,0.999875,0.9999215332352511
AdvBench,1,520,Qwen3-Embedding-8B,B1_raw,1.0,1.0
AdvBench,1,520,Qwen3-Embedding-8B,B1b_SigmaT_wh,0.999875,0.9999215332352511
AdvBench,1,520,Qwen3-Embedding-8B,B1w_SigmaW_wh,0.999859375,0.9999115810059518
AdvBench,2,520,Qwen3-Embedding-8B,A1_naive_cosine_raw,0.99671875,0.9982560102325749
AdvBench,2,520,Qwen3-Embedding-8B,A1b_cosine_whitened,0.999984375,0.9999902647975079
AdvBench,2,520,Qwen3-Embedding-8B,A2_rsfi_svd_raw_k20,0.998875,0.9993245250499969
AdvBench,2,520,Qwen3-Embedding-8B,A3_rsfi_svd_whitened_k20,0.978796875,0.987394218479548
AdvBench,2,520,Qwen3-Embedding-8B,B1_discriminant_mean_raw,0.999984375,0.9999902647975079
AdvBench,2,520,Qwen3-Embedding-8B,B1b_discriminant_mean_whitened,0.999984375,0.9999902647975079
AdvBench,2,520,Qwen3-Embedding-8B,B2_contrastive_svd_raw_k20,0.999921875,0.9999516541280864
AdvBench,2,520,Qwen3-Embedding-8B,B2b_contrastive_svd_whitened_k20,0.9985468750000001,0.9991100794105081
AdvBench,2,520,Qwen3-Embedding-8B,C1_logreg_raw,0.999953125,0.9999707029342633
AdvBench,2,520,Qwen3-Embedding-8B,C1b_logreg_whitened,0.999984375,0.9999902647975079
AdvBench,2,520,Qwen3-Embedding-8B,B1_raw,0.999984375,0.9999902647975079
AdvBench,2,520,Qwen3-Embedding-8B,B1b_SigmaT_wh,0.999984375,0.9999902647975079
AdvBench,2,520,Qwen3-Embedding-8B,B1w_SigmaW_wh,1.0,1.0
AdvBench,3,520,Qwen3-Embedding-8B,A1_naive_cosine_raw,0.99615625,0.9979118669350205
AdvBench,3,520,Qwen3-Embedding-8B,A1b_cosine_whitened,0.999984375,0.9999902647975079
AdvBench,3,520,Qwen3-Embedding-8B,A2_rsfi_svd_raw_k20,0.9986875000000001,0.9992307834686942
AdvBench,3,520,Qwen3-Embedding-8B,A3_rsfi_svd_whitened_k20,0.985875,0.9916345171206247
AdvBench,3,520,Qwen3-Embedding-8B,B1_discriminant_mean_raw,0.9999375,0.9999614197530864
AdvBench,3,520,Qwen3-Embedding-8B,B1b_discriminant_mean_whitened,0.999984375,0.9999902647975079
AdvBench,3,520,Qwen3-Embedding-8B,B2_contrastive_svd_raw_k20,0.999953125,0.9999708244371118
AdvBench,3,520,Qwen3-Embedding-8B,B2b_contrastive_svd_whitened_k20,0.9983906250000001,0.998984702836794
AdvBench,3,520,Qwen3-Embedding-8B,C1_logreg_raw,1.0,1.0
AdvBench,3,520,Qwen3-Embedding-8B,C1b_logreg_whitened,0.999984375,0.9999902647975079
AdvBench,3,520,Qwen3-Embedding-8B,B1_raw,0.9999375,0.9999614197530864
AdvBench,3,520,Qwen3-Embedding-8B,B1b_SigmaT_wh,0.999984375,0.9999902647975079
AdvBench,3,520,Qwen3-Embedding-8B,B1w_SigmaW_wh,0.999984375,0.9999902647975079
AdvBench,4,520,Qwen3-Embedding-8B,A1_naive_cosine_raw,0.9966562499999999,0.9981818801708162
AdvBench,4,520,Qwen3-Embedding-8B,A1b_cosine_whitened,0.999953125,0.9999707029342633
AdvBench,4,520,Qwen3-Embedding-8B,A2_rsfi_svd_raw_k20,0.99846875,0.9990912075611005
AdvBench,4,520,Qwen3-Embedding-8B,A3_rsfi_svd_whitened_k20,0.981921875,0.9882395143689731
AdvBench,4,520,Qwen3-Embedding-8B,B1_discriminant_mean_raw,1.0,1.0
AdvBench,4,520,Qwen3-Embedding-8B,B1b_discriminant_mean_whitened,0.99996875,0.9999804991725079
AdvBench,4,520,Qwen3-Embedding-8B,B2_contrastive_svd_raw_k20,0.99996875,0.9999804991725079
AdvBench,4,520,Qwen3-Embedding-8B,B2b_contrastive_svd_whitened_k20,0.997203125,0.998076439757545
AdvBench,4,520,Qwen3-Embedding-8B,C1_logreg_raw,0.999984375,0.9999902647975079
AdvBench,4,520,Qwen3-Embedding-8B,C1b_logreg_whitened,0.99996875,0.9999804991725079
AdvBench,4,520,Qwen3-Embedding-8B,B1_raw,1.0,1.0
AdvBench,4,520,Qwen3-Embedding-8B,B1b_SigmaT_wh,0.99996875,0.9999804991725079
AdvBench,4,520,Qwen3-Embedding-8B,B1w_SigmaW_wh,1.0,1.0
HarmBench,0,400,all-mpnet-base-v2,A1_naive_cosine_raw,0.9453,0.9444870861164179
HarmBench,0,400,all-mpnet-base-v2,A1b_cosine_whitened,0.9980249999999999,0.9982314801628005
HarmBench,0,400,all-mpnet-base-v2,A2_rsfi_svd_raw_k20,0.978625,0.9797231806019218
HarmBench,0,400,all-mpnet-base-v2,A3_rsfi_svd_whitened_k20,0.9460999999999999,0.9461585859586367
HarmBench,0,400,all-mpnet-base-v2,B1_discriminant_mean_raw,0.99375,0.9939234035153286
HarmBench,0,400,all-mpnet-base-v2,B1b_discriminant_mean_whitened,0.9982749999999999,0.9984506315137566
HarmBench,0,400,all-mpnet-base-v2,B2_contrastive_svd_raw_k20,0.992775,0.9934693165798364
HarmBench,0,400,all-mpnet-base-v2,B2b_contrastive_svd_whitened_k20,0.97695,0.9716246190031114
HarmBench,0,400,all-mpnet-base-v2,C1_logreg_raw,0.9992500000000001,0.999258789652084
HarmBench,0,400,all-mpnet-base-v2,C1b_logreg_whitened,0.99815,0.9983140160244965
HarmBench,0,400,all-mpnet-base-v2,B1_raw,0.99375,0.9939234035153286
HarmBench,0,400,all-mpnet-base-v2,B1b_SigmaT_wh,0.9982749999999999,0.9984506315137566
HarmBench,0,400,all-mpnet-base-v2,B1w_SigmaW_wh,0.999075,0.9991281909196004
HarmBench,1,400,all-mpnet-base-v2,A1_naive_cosine_raw,0.948475,0.9428884432830389
HarmBench,1,400,all-mpnet-base-v2,A1b_cosine_whitened,0.9975499999999999,0.9977011133881981
HarmBench,1,400,all-mpnet-base-v2,A2_rsfi_svd_raw_k20,0.98115,0.9826296860261505
HarmBench,1,400,all-mpnet-base-v2,A3_rsfi_svd_whitened_k20,0.9420000000000001,0.9431163127695263
HarmBench,1,400,all-mpnet-base-v2,B1_discriminant_mean_raw,0.99135,0.9913960606340577
HarmBench,1,400,all-mpnet-base-v2,B1b_discriminant_mean_whitened,0.99735,0.9975328900360314
HarmBench,1,400,all-mpnet-base-v2,B2_contrastive_svd_raw_k20,0.994275,0.9948561810648806
HarmBench,1,400,all-mpnet-base-v2,B2b_contrastive_svd_whitened_k20,0.96695,0.9647738256825893
HarmBench,1,400,all-mpnet-base-v2,C1_logreg_raw,0.997825,0.9978580358912699
HarmBench,1,400,all-mpnet-base-v2,C1b_logreg_whitened,0.997125,0.9973072350423298
HarmBench,1,400,all-mpnet-base-v2,B1_raw,0.99135,0.9913960606340577
HarmBench,1,400,all-mpnet-base-v2,B1b_SigmaT_wh,0.99735,0.9975328900360314
HarmBench,1,400,all-mpnet-base-v2,B1w_SigmaW_wh,0.998,0.9981236440046568
HarmBench,2,400,all-mpnet-base-v2,A1_naive_cosine_raw,0.9467249999999999,0.946043867315819
HarmBench,2,400,all-mpnet-base-v2,A1b_cosine_whitened,0.99905,0.9990740346292186
HarmBench,2,400,all-mpnet-base-v2,A2_rsfi_svd_raw_k20,0.9812749999999999,0.9826940960929433
HarmBench,2,400,all-mpnet-base-v2,A3_rsfi_svd_whitened_k20,0.941075,0.9409640557092371
HarmBench,2,400,all-mpnet-base-v2,B1_discriminant_mean_raw,0.9897250000000001,0.9903160615837587
HarmBench,2,400,all-mpnet-base-v2,B1b_discriminant_mean_whitened,0.9991499999999999,0.9991685448480243
HarmBench,2,400,all-mpnet-base-v2,B2_contrastive_svd_raw_k20,0.99525,0.9956919008917291
HarmBench,2,400,all-mpnet-base-v2,B2b_contrastive_svd_whitened_k20,0.972525,0.9730336584603227
HarmBench,2,400,all-mpnet-base-v2,C1_logreg_raw,0.9979,0.998033441686638
HarmBench,2,400,all-mpnet-base-v2,C1b_logreg_whitened,0.998975,0.9989905598300717
HarmBench,2,400,all-mpnet-base-v2,B1_raw,0.9897250000000001,0.9903160615837587
HarmBench,2,400,all-mpnet-base-v2,B1b_SigmaT_wh,0.9991499999999999,0.9991685448480243
HarmBench,2,400,all-mpnet-base-v2,B1w_SigmaW_wh,0.9994999999999999,0.9995074754782486
HarmBench,3,400,all-mpnet-base-v2,A1_naive_cosine_raw,0.94385,0.9443302350085823
HarmBench,3,400,all-mpnet-base-v2,A1b_cosine_whitened,0.9982749999999999,0.9984243616222257
HarmBench,3,400,all-mpnet-base-v2,A2_rsfi_svd_raw_k20,0.9775,0.980100975602906
HarmBench,3,400,all-mpnet-base-v2,A3_rsfi_svd_whitened_k20,0.95195,0.9500717314154146
HarmBench,3,400,all-mpnet-base-v2,B1_discriminant_mean_raw,0.9935499999999999,0.9938478035132651
HarmBench,3,400,all-mpnet-base-v2,B1b_discriminant_mean_whitened,0.9986,0.9986885126627068
HarmBench,3,400,all-mpnet-base-v2,B2_contrastive_svd_raw_k20,0.9942,0.9950685319657011
HarmBench,3,400,all-mpnet-base-v2,B2b_contrastive_svd_whitened_k20,0.9806250000000001,0.9762427675383113
HarmBench,3,400,all-mpnet-base-v2,C1_logreg_raw,0.9984500000000001,0.9985016034324021
HarmBench,3,400,all-mpnet-base-v2,C1b_logreg_whitened,0.9985,0.9985853587923174
HarmBench,3,400,all-mpnet-base-v2,B1_raw,0.9935499999999999,0.9938478035132651
HarmBench,3,400,all-mpnet-base-v2,B1b_SigmaT_wh,0.9986,0.9986885126627068
HarmBench,3,400,all-mpnet-base-v2,B1w_SigmaW_wh,0.998925,0.9989602148110526
HarmBench,4,400,all-mpnet-base-v2,A1_naive_cosine_raw,0.945275,0.9388637116902109
HarmBench,4,400,all-mpnet-base-v2,A1b_cosine_whitened,0.9984999999999999,0.9985207577014701
HarmBench,4,400,all-mpnet-base-v2,A2_rsfi_svd_raw_k20,0.979675,0.9807019432962214
HarmBench,4,400,all-mpnet-base-v2,A3_rsfi_svd_whitened_k20,0.9605,0.9624790184035963
HarmBench,4,400,all-mpnet-base-v2,B1_discriminant_mean_raw,0.9897,0.9901476455078286
HarmBench,4,400,all-mpnet-base-v2,B1b_discriminant_mean_whitened,0.9984249999999999,0.9984531594431989
HarmBench,4,400,all-mpnet-base-v2,B2_contrastive_svd_raw_k20,0.9954749999999999,0.9956632647138898
HarmBench,4,400,all-mpnet-base-v2,B2b_contrastive_svd_whitened_k20,0.98645,0.9858342120203117
HarmBench,4,400,all-mpnet-base-v2,C1_logreg_raw,0.997675,0.9977327290244637
HarmBench,4,400,all-mpnet-base-v2,C1b_logreg_whitened,0.9982249999999999,0.9982606390475991
HarmBench,4,400,all-mpnet-base-v2,B1_raw,0.9897,0.9901476455078286
HarmBench,4,400,all-mpnet-base-v2,B1b_SigmaT_wh,0.9984249999999999,0.9984531594431989
HarmBench,4,400,all-mpnet-base-v2,B1w_SigmaW_wh,0.9990249999999999,0.9990229283283885
HarmBench,0,400,bge-base-en-v1.5,A1_naive_cosine_raw,0.9009,0.9087491380348691
HarmBench,0,400,bge-base-en-v1.5,A1b_cosine_whitened,0.99725,0.9974991869851466
HarmBench,0,400,bge-base-en-v1.5,A2_rsfi_svd_raw_k20,0.967325,0.9723034493193276
HarmBench,0,400,bge-base-en-v1.5,A3_rsfi_svd_whitened_k20,0.937025,0.9295675135424979
HarmBench,0,400,bge-base-en-v1.5,B1_discriminant_mean_raw,0.9920499999999999,0.9930311455768466
HarmBench,0,400,bge-base-en-v1.5,B1b_discriminant_mean_whitened,0.99745,0.9977097277981911
HarmBench,0,400,bge-base-en-v1.5,B2_contrastive_svd_raw_k20,0.9944500000000001,0.9944470392070778
HarmBench,0,400,bge-base-en-v1.5,B2b_contrastive_svd_whitened_k20,0.975525,0.9642329865132727
HarmBench,0,400,bge-base-en-v1.5,C1_logreg_raw,0.998,0.9981453289597825
HarmBench,0,400,bge-base-en-v1.5,C1b_logreg_whitened,0.99635,0.9967409907430375
HarmBench,0,400,bge-base-en-v1.5,B1_raw,0.9920499999999999,0.9930311455768466
HarmBench,0,400,bge-base-en-v1.5,B1b_SigmaT_wh,0.99745,0.9977097277981911
HarmBench,0,400,bge-base-en-v1.5,B1w_SigmaW_wh,0.9984500000000001,0.9986248937409863
HarmBench,1,400,bge-base-en-v1.5,A1_naive_cosine_raw,0.892525,0.891865663476564
HarmBench,1,400,bge-base-en-v1.5,A1b_cosine_whitened,0.9954,0.9952045276114263
HarmBench,1,400,bge-base-en-v1.5,A2_rsfi_svd_raw_k20,0.9637749999999999,0.9674013786770702
HarmBench,1,400,bge-base-en-v1.5,A3_rsfi_svd_whitened_k20,0.908575,0.9058725567319118
HarmBench,1,400,bge-base-en-v1.5,B1_discriminant_mean_raw,0.989125,0.9888780032386825
HarmBench,1,400,bge-base-en-v1.5,B1b_discriminant_mean_whitened,0.9951749999999999,0.994975257657541
HarmBench,1,400,bge-base-en-v1.5,B2_contrastive_svd_raw_k20,0.990025,0.9874485488787687
HarmBench,1,400,bge-base-en-v1.5,B2b_contrastive_svd_whitened_k20,0.9600749999999999,0.9468274762299376
HarmBench,1,400,bge-base-en-v1.5,C1_logreg_raw,0.995475,0.9953447831628088
HarmBench,1,400,bge-base-en-v1.5,C1b_logreg_whitened,0.9940249999999999,0.9936102502932452
HarmBench,1,400,bge-base-en-v1.5,B1_raw,0.989125,0.9888780032386825
HarmBench,1,400,bge-base-en-v1.5,B1b_SigmaT_wh,0.9951749999999999,0.994975257657541
HarmBench,1,400,bge-base-en-v1.5,B1w_SigmaW_wh,0.995925,0.9958136581776249
HarmBench,2,400,bge-base-en-v1.5,A1_naive_cosine_raw,0.8812249999999999,0.876277234903139
HarmBench,2,400,bge-base-en-v1.5,A1b_cosine_whitened,0.99785,0.9979545205762885
HarmBench,2,400,bge-base-en-v1.5,A2_rsfi_svd_raw_k20,0.965825,0.967086335219704
HarmBench,2,400,bge-base-en-v1.5,A3_rsfi_svd_whitened_k20,0.922725,0.9257599431764049
HarmBench,2,400,bge-base-en-v1.5,B1_discriminant_mean_raw,0.98895,0.9900580268596985
HarmBench,2,400,bge-base-en-v1.5,B1b_discriminant_mean_whitened,0.9975,0.9976340014154099
HarmBench,2,400,bge-base-en-v1.5,B2_contrastive_svd_raw_k20,0.99255,0.9929392584250215
HarmBench,2,400,bge-base-en-v1.5,B2b_contrastive_svd_whitened_k20,0.973075,0.9706924665496428
HarmBench,2,400,bge-base-en-v1.5,C1_logreg_raw,0.995925,0.9961696048498432
HarmBench,2,400,bge-base-en-v1.5,C1b_logreg_whitened,0.997025,0.9972017439118506
HarmBench,2,400,bge-base-en-v1.5,B1_raw,0.98895,0.9900580268596985
HarmBench,2,400,bge-base-en-v1.5,B1b_SigmaT_wh,0.9975,0.9976340014154099
HarmBench,2,400,bge-base-en-v1.5,B1w_SigmaW_wh,0.9983,0.9983682812409822
HarmBench,3,400,bge-base-en-v1.5,A1_naive_cosine_raw,0.895075,0.889779078492155
HarmBench,3,400,bge-base-en-v1.5,A1b_cosine_whitened,0.998475,0.9985139352008878
HarmBench,3,400,bge-base-en-v1.5,A2_rsfi_svd_raw_k20,0.9679500000000001,0.972971215529409
HarmBench,3,400,bge-base-en-v1.5,A3_rsfi_svd_whitened_k20,0.938925,0.9341812572067425
HarmBench,3,400,bge-base-en-v1.5,B1_discriminant_mean_raw,0.98855,0.9885577811032765
HarmBench,3,400,bge-base-en-v1.5,B1b_discriminant_mean_whitened,0.9984500000000001,0.9984984489357881
HarmBench,3,400,bge-base-en-v1.5,B2_contrastive_svd_raw_k20,0.9886999999999999,0.9871219672820588
HarmBench,3,400,bge-base-en-v1.5,B2b_contrastive_svd_whitened_k20,0.971725,0.9635146180433154
HarmBench,3,400,bge-base-en-v1.5,C1_logreg_raw,0.9945999999999999,0.994650008352525
HarmBench,3,400,bge-base-en-v1.5,C1b_logreg_whitened,0.99825,0.9983126906404866
HarmBench,3,400,bge-base-en-v1.5,B1_raw,0.98855,0.9885577811032765
HarmBench,3,400,bge-base-en-v1.5,B1b_SigmaT_wh,0.9984500000000001,0.9984984489357881
HarmBench,3,400,bge-base-en-v1.5,B1w_SigmaW_wh,0.998775,0.9987837032451597
HarmBench,4,400,bge-base-en-v1.5,A1_naive_cosine_raw,0.8883500000000001,0.887034982160779
HarmBench,4,400,bge-base-en-v1.5,A1b_cosine_whitened,0.9974500000000001,0.997480089248375
HarmBench,4,400,bge-base-en-v1.5,A2_rsfi_svd_raw_k20,0.9642000000000001,0.9678718976740732
HarmBench,4,400,bge-base-en-v1.5,A3_rsfi_svd_whitened_k20,0.9036,0.9101088202060112
HarmBench,4,400,bge-base-en-v1.5,B1_discriminant_mean_raw,0.989975,0.9904040818681429
HarmBench,4,400,bge-base-en-v1.5,B1b_discriminant_mean_whitened,0.9972000000000001,0.9972187339299347
HarmBench,4,400,bge-base-en-v1.5,B2_contrastive_svd_raw_k20,0.9924,0.9926556755519137
HarmBench,4,400,bge-base-en-v1.5,B2b_contrastive_svd_whitened_k20,0.95665,0.9572799105427661
HarmBench,4,400,bge-base-en-v1.5,C1_logreg_raw,0.996025,0.9961168758837957
HarmBench,4,400,bge-base-en-v1.5,C1b_logreg_whitened,0.9972,0.9971830386853189
HarmBench,4,400,bge-base-en-v1.5,B1_raw,0.989975,0.9904040818681429
HarmBench,4,400,bge-base-en-v1.5,B1b_SigmaT_wh,0.9972000000000001,0.9972187339299347
HarmBench,4,400,bge-base-en-v1.5,B1w_SigmaW_wh,0.998475,0.9985079895149728
HarmBench,0,400,bge-large-en-v1.5,A1_naive_cosine_raw,0.934575,0.9308972513931859
HarmBench,0,400,bge-large-en-v1.5,A1b_cosine_whitened,0.998425,0.998682125586892
HarmBench,0,400,bge-large-en-v1.5,A2_rsfi_svd_raw_k20,0.9818,0.9844087027247589
HarmBench,0,400,bge-large-en-v1.5,A3_rsfi_svd_whitened_k20,0.9402,0.9359815769857924
HarmBench,0,400,bge-large-en-v1.5,B1_discriminant_mean_raw,0.992525,0.9931626107605939
HarmBench,0,400,bge-large-en-v1.5,B1b_discriminant_mean_whitened,0.99895,0.9990515723528378
HarmBench,0,400,bge-large-en-v1.5,B2_contrastive_svd_raw_k20,0.9957,0.9960189947017516
HarmBench,0,400,bge-large-en-v1.5,B2b_contrastive_svd_whitened_k20,0.9816750000000001,0.9720330405644132
HarmBench,0,400,bge-large-en-v1.5,C1_logreg_raw,0.9985,0.9985502803080852
HarmBench,0,400,bge-large-en-v1.5,C1b_logreg_whitened,0.998975,0.9990634735151565
HarmBench,0,400,bge-large-en-v1.5,B1_raw,0.992525,0.9931626107605939
HarmBench,0,400,bge-large-en-v1.5,B1b_SigmaT_wh,0.99895,0.9990515723528378
HarmBench,0,400,bge-large-en-v1.5,B1w_SigmaW_wh,0.9995499999999999,0.9995731459524806
HarmBench,1,400,bge-large-en-v1.5,A1_naive_cosine_raw,0.932825,0.9304895670110771
HarmBench,1,400,bge-large-en-v1.5,A1b_cosine_whitened,0.9984249999999999,0.998409768169939
HarmBench,1,400,bge-large-en-v1.5,A2_rsfi_svd_raw_k20,0.9784250000000001,0.9791583594290876
HarmBench,1,400,bge-large-en-v1.5,A3_rsfi_svd_whitened_k20,0.930775,0.9335988913490526
HarmBench,1,400,bge-large-en-v1.5,B1_discriminant_mean_raw,0.9934999999999999,0.9935204800777642
HarmBench,1,400,bge-large-en-v1.5,B1b_discriminant_mean_whitened,0.99845,0.9984278401814044
HarmBench,1,400,bge-large-en-v1.5,B2_contrastive_svd_raw_k20,0.993875,0.9919582507173301
HarmBench,1,400,bge-large-en-v1.5,B2b_contrastive_svd_whitened_k20,0.97405,0.9694355303447765
HarmBench,1,400,bge-large-en-v1.5,C1_logreg_raw,0.998275,0.9982481753470971
HarmBench,1,400,bge-large-en-v1.5,C1b_logreg_whitened,0.9983249999999999,0.9982996199210585
HarmBench,1,400,bge-large-en-v1.5,B1_raw,0.9934999999999999,0.9935204800777642
HarmBench,1,400,bge-large-en-v1.5,B1b_SigmaT_wh,0.99845,0.9984278401814044
HarmBench,1,400,bge-large-en-v1.5,B1w_SigmaW_wh,0.998775,0.9987450816341045
HarmBench,2,400,bge-large-en-v1.5,A1_naive_cosine_raw,0.9137375,0.9032874907280448
HarmBench,2,400,bge-large-en-v1.5,A1b_cosine_whitened,0.998525,0.9984864177281034
HarmBench,2,400,bge-large-en-v1.5,A2_rsfi_svd_raw_k20,0.9748249999999999,0.9757698405215901
HarmBench,2,400,bge-large-en-v1.5,A3_rsfi_svd_whitened_k20,0.9131250000000001,0.9152800227287694
HarmBench,2,400,bge-large-en-v1.5,B1_discriminant_mean_raw,0.989525,0.9907789662305001
HarmBench,2,400,bge-large-en-v1.5,B1b_discriminant_mean_whitened,0.99875,0.9987228511902669
HarmBench,2,400,bge-large-en-v1.5,B2_contrastive_svd_raw_k20,0.994025,0.9944052062143602
HarmBench,2,400,bge-large-en-v1.5,B2b_contrastive_svd_whitened_k20,0.966675,0.9632230425441548
HarmBench,2,400,bge-large-en-v1.5,C1_logreg_raw,0.99735,0.9974617533622239
HarmBench,2,400,bge-large-en-v1.5,C1b_logreg_whitened,0.998775,0.9987496566973473
HarmBench,2,400,bge-large-en-v1.5,B1_raw,0.989525,0.9907789662305001
HarmBench,2,400,bge-large-en-v1.5,B1b_SigmaT_wh,0.99875,0.9987228511902669
HarmBench,2,400,bge-large-en-v1.5,B1w_SigmaW_wh,0.999125,0.9991081409338414
HarmBench,3,400,bge-large-en-v1.5,A1_naive_cosine_raw,0.924575,0.9216047935380989
HarmBench,3,400,bge-large-en-v1.5,A1b_cosine_whitened,0.99785,0.9977591774407355
HarmBench,3,400,bge-large-en-v1.5,A2_rsfi_svd_raw_k20,0.9793999999999999,0.980856967340217
HarmBench,3,400,bge-large-en-v1.5,A3_rsfi_svd_whitened_k20,0.933925,0.9336978942025225
HarmBench,3,400,bge-large-en-v1.5,B1_discriminant_mean_raw,0.9915,0.9920079896094132
HarmBench,3,400,bge-large-en-v1.5,B1b_discriminant_mean_whitened,0.9977750000000001,0.9976920184087615
HarmBench,3,400,bge-large-en-v1.5,B2_contrastive_svd_raw_k20,0.9919,0.9903770142761082
HarmBench,3,400,bge-large-en-v1.5,B2b_contrastive_svd_whitened_k20,0.9772750000000001,0.9689131389816391
HarmBench,3,400,bge-large-en-v1.5,C1_logreg_raw,0.9965999999999999,0.9966698082586891
HarmBench,3,400,bge-large-en-v1.5,C1b_logreg_whitened,0.997575,0.9974863319250634
HarmBench,3,400,bge-large-en-v1.5,B1_raw,0.9915,0.9920079896094132
HarmBench,3,400,bge-large-en-v1.5,B1b_SigmaT_wh,0.9977750000000001,0.9976920184087615
HarmBench,3,400,bge-large-en-v1.5,B1w_SigmaW_wh,0.9982000000000001,0.9981201808292169
HarmBench,4,400,bge-large-en-v1.5,A1_naive_cosine_raw,0.9252999999999999,0.9156246524400484
HarmBench,4,400,bge-large-en-v1.5,A1b_cosine_whitened,0.998575,0.9986603857745515
HarmBench,4,400,bge-large-en-v1.5,A2_rsfi_svd_raw_k20,0.9771,0.9771007143118274
HarmBench,4,400,bge-large-en-v1.5,A3_rsfi_svd_whitened_k20,0.9177749999999999,0.9221476451528804
HarmBench,4,400,bge-large-en-v1.5,B1_discriminant_mean_raw,0.9884000000000001,0.9888240641536236
HarmBench,4,400,bge-large-en-v1.5,B1b_discriminant_mean_whitened,0.9986,0.998666081754068
HarmBench,4,400,bge-large-en-v1.5,B2_contrastive_svd_raw_k20,0.993675,0.9938412883468184
HarmBench,4,400,bge-large-en-v1.5,B2b_contrastive_svd_whitened_k20,0.973175,0.9706865836171552
HarmBench,4,400,bge-large-en-v1.5,C1_logreg_raw,0.9959749999999999,0.995999541792427
HarmBench,4,400,bge-large-en-v1.5,C1b_logreg_whitened,0.99865,0.998701019070714
HarmBench,4,400,bge-large-en-v1.5,B1_raw,0.9884000000000001,0.9888240641536236
HarmBench,4,400,bge-large-en-v1.5,B1b_SigmaT_wh,0.9986,0.998666081754068
HarmBench,4,400,bge-large-en-v1.5,B1w_SigmaW_wh,0.99885,0.9988733265202976
HarmBench,0,400,Qwen3-Embedding-8B,A1_naive_cosine_raw,0.850425,0.8720549967223871
HarmBench,0,400,Qwen3-Embedding-8B,A1b_cosine_whitened,0.999975,0.9999751243781094
HarmBench,0,400,Qwen3-Embedding-8B,A2_rsfi_svd_raw_k20,0.972875,0.9776530493891467
HarmBench,0,400,Qwen3-Embedding-8B,A3_rsfi_svd_whitened_k20,0.9038,0.9203356868670972
HarmBench,0,400,Qwen3-Embedding-8B,B1_discriminant_mean_raw,0.9999,0.9999019607843137
HarmBench,0,400,Qwen3-Embedding-8B,B1b_discriminant_mean_whitened,0.999975,0.9999751243781094
HarmBench,0,400,Qwen3-Embedding-8B,B2_contrastive_svd_raw_k20,0.9968250000000001,0.9967540589645091
HarmBench,0,400,Qwen3-Embedding-8B,B2b_contrastive_svd_whitened_k20,0.99005,0.986404027804289
HarmBench,0,400,Qwen3-Embedding-8B,C1_logreg_raw,1.0,1.0
HarmBench,0,400,Qwen3-Embedding-8B,C1b_logreg_whitened,0.999975,0.9999751243781094
HarmBench,0,400,Qwen3-Embedding-8B,B1_raw,0.9999,0.9999019607843137
HarmBench,0,400,Qwen3-Embedding-8B,B1b_SigmaT_wh,0.999975,0.9999751243781094
HarmBench,0,400,Qwen3-Embedding-8B,B1w_SigmaW_wh,1.0,1.0
HarmBench,1,400,Qwen3-Embedding-8B,A1_naive_cosine_raw,0.84415,0.8538863692975995
HarmBench,1,400,Qwen3-Embedding-8B,A1b_cosine_whitened,0.999675,0.9996712377417944
HarmBench,1,400,Qwen3-Embedding-8B,A2_rsfi_svd_raw_k20,0.97275,0.9721688878377809
HarmBench,1,400,Qwen3-Embedding-8B,A3_rsfi_svd_whitened_k20,0.896875,0.9076737641042903
HarmBench,1,400,Qwen3-Embedding-8B,B1_discriminant_mean_raw,0.9996499999999999,0.9996668555039347
HarmBench,1,400,Qwen3-Embedding-8B,B1b_discriminant_mean_whitened,0.999675,0.9996722806774323
HarmBench,1,400,Qwen3-Embedding-8B,B2_contrastive_svd_raw_k20,0.9956999999999999,0.9954187024977345
HarmBench,1,400,Qwen3-Embedding-8B,B2b_contrastive_svd_whitened_k20,0.988175,0.9849466902937012
HarmBench,1,400,Qwen3-Embedding-8B,C1_logreg_raw,1.0,1.0
HarmBench,1,400,Qwen3-Embedding-8B,C1b_logreg_whitened,0.99975,0.9997489593400888
HarmBench,1,400,Qwen3-Embedding-8B,B1_raw,0.9996499999999999,0.9996668555039347
HarmBench,1,400,Qwen3-Embedding-8B,B1b_SigmaT_wh,0.999675,0.9996722806774323
HarmBench,1,400,Qwen3-Embedding-8B,B1w_SigmaW_wh,0.9997499999999999,0.9997489593400888
HarmBench,2,400,Qwen3-Embedding-8B,A1_naive_cosine_raw,0.8487,0.8647064308336888
HarmBench,2,400,Qwen3-Embedding-8B,A1b_cosine_whitened,1.0,1.0
HarmBench,2,400,Qwen3-Embedding-8B,A2_rsfi_svd_raw_k20,0.9745000000000001,0.976798162535236
HarmBench,2,400,Qwen3-Embedding-8B,A3_rsfi_svd_whitened_k20,0.87515,0.8930922609157392
HarmBench,2,400,Qwen3-Embedding-8B,B1_discriminant_mean_raw,0.999875,0.9998780487804878
HarmBench,2,400,Qwen3-Embedding-8B,B1b_discriminant_mean_whitened,1.0,1.0
HarmBench,2,400,Qwen3-Embedding-8B,B2_contrastive_svd_raw_k20,0.9987499999999999,0.9987678847564851
HarmBench,2,400,Qwen3-Embedding-8B,B2b_contrastive_svd_whitened_k20,0.9942500000000001,0.9935938065155836
HarmBench,2,400,Qwen3-Embedding-8B,C1_logreg_raw,1.0,1.0
HarmBench,2,400,Qwen3-Embedding-8B,C1b_logreg_whitened,1.0,1.0
HarmBench,2,400,Qwen3-Embedding-8B,B1_raw,0.999875,0.9998780487804878
HarmBench,2,400,Qwen3-Embedding-8B,B1b_SigmaT_wh,1.0,1.0
HarmBench,2,400,Qwen3-Embedding-8B,B1w_SigmaW_wh,1.0,1.0
HarmBench,3,400,Qwen3-Embedding-8B,A1_naive_cosine_raw,0.824875,0.851600388292181
HarmBench,3,400,Qwen3-Embedding-8B,A1b_cosine_whitened,0.999425,0.9994390259782099
HarmBench,3,400,Qwen3-Embedding-8B,A2_rsfi_svd_raw_k20,0.969625,0.9740841121335527
HarmBench,3,400,Qwen3-Embedding-8B,A3_rsfi_svd_whitened_k20,0.9132,0.9207143717026934
HarmBench,3,400,Qwen3-Embedding-8B,B1_discriminant_mean_raw,0.999975,0.9999751243781094
HarmBench,3,400,Qwen3-Embedding-8B,B1b_discriminant_mean_whitened,0.999525,0.9995392978424235
HarmBench,3,400,Qwen3-Embedding-8B,B2_contrastive_svd_raw_k20,0.9993,0.9993135686097826
HarmBench,3,400,Qwen3-Embedding-8B,B2b_contrastive_svd_whitened_k20,0.989625,0.9865131067580207
HarmBench,3,400,Qwen3-Embedding-8B,C1_logreg_raw,1.0,1.0
HarmBench,3,400,Qwen3-Embedding-8B,C1b_logreg_whitened,0.9994999999999999,0.9995133911066721
HarmBench,3,400,Qwen3-Embedding-8B,B1_raw,0.999975,0.9999751243781094
HarmBench,3,400,Qwen3-Embedding-8B,B1b_SigmaT_wh,0.999525,0.9995392978424235
HarmBench,3,400,Qwen3-Embedding-8B,B1w_SigmaW_wh,0.9996249999999999,0.9996327789014395
HarmBench,4,400,Qwen3-Embedding-8B,A1_naive_cosine_raw,0.845175,0.8600177613281772
HarmBench,4,400,Qwen3-Embedding-8B,A1b_cosine_whitened,0.99985,0.9998512315024625
HarmBench,4,400,Qwen3-Embedding-8B,A2_rsfi_svd_raw_k20,0.9742999999999999,0.9763245201117413
HarmBench,4,400,Qwen3-Embedding-8B,A3_rsfi_svd_whitened_k20,0.896525,0.9107860471762784
HarmBench,4,400,Qwen3-Embedding-8B,B1_discriminant_mean_raw,0.999925,0.9999261083743842
HarmBench,4,400,Qwen3-Embedding-8B,B1b_discriminant_mean_whitened,0.999925,0.9999249987499687
HarmBench,4,400,Qwen3-Embedding-8B,B2_contrastive_svd_raw_k20,0.998275,0.9983131385404896
HarmBench,4,400,Qwen3-Embedding-8B,B2b_contrastive_svd_whitened_k20,0.993225,0.9925413220160828
HarmBench,4,400,Qwen3-Embedding-8B,C1_logreg_raw,0.999925,0.9999261083743842
HarmBench,4,400,Qwen3-Embedding-8B,C1b_logreg_whitened,0.99995,0.9999501243781094
HarmBench,4,400,Qwen3-Embedding-8B,B1_raw,0.999925,0.9999261083743842
HarmBench,4,400,Qwen3-Embedding-8B,B1b_SigmaT_wh,0.999925,0.9999249987499687
HarmBench,4,400,Qwen3-Embedding-8B,B1w_SigmaW_wh,0.999975,0.9999751243781094
