dataset,seed,n_test,model,pair,method_1,method_2,auc_1,auc_2,auc_diff,p_value
AdvBench,0,520,all-mpnet-base-v2,B1b_vs_C1b,B1b_discriminant_mean_whitened,C1b_logreg_whitened,0.99890625,0.99875,0.00015624999999996891,0.34406848049415517
AdvBench,0,520,all-mpnet-base-v2,B1_vs_A1,B1_discriminant_mean_raw,A1_naive_cosine_raw,0.9974999999999999,0.993515625,0.003984374999999929,0.004195568737593858
AdvBench,0,520,all-mpnet-base-v2,B1_vs_C1,B1_discriminant_mean_raw,C1_logreg_raw,0.9974999999999999,0.9979375,-0.0004375000000000906,0.3800175356055
AdvBench,0,520,all-mpnet-base-v2,A3_vs_A1,A3_rsfi_svd_whitened_k20,A1_naive_cosine_raw,0.9790000000000001,0.993515625,-0.014515624999999921,0.004303526097011234
AdvBench,0,520,all-mpnet-base-v2,B1b_vs_B1,B1b_discriminant_mean_whitened,B1_discriminant_mean_raw,0.99890625,0.9974999999999999,0.0014062500000000533,0.10443700255121136
AdvBench,0,520,all-mpnet-base-v2,B1b_vs_A1b,B1b_discriminant_mean_whitened,A1b_cosine_whitened,0.99890625,0.99890625,0.0,1.0
AdvBench,0,520,all-mpnet-base-v2,B1w_vs_B1b,B1w_SigmaW_wh,B1b_SigmaT_wh,0.998875,0.99890625,-3.125000000003819e-05,0.8516933831744791
AdvBench,0,520,all-mpnet-base-v2,B1b_vs_B1,B1b_SigmaT_wh,B1_raw,0.99890625,0.9974999999999999,0.0014062500000000533,0.10443700255121136
AdvBench,0,520,all-mpnet-base-v2,B1w_vs_B1,B1w_SigmaW_wh,B1_raw,0.998875,0.9974999999999999,0.001375000000000015,0.10960008336744109
AdvBench,1,520,all-mpnet-base-v2,B1b_vs_C1b,B1b_discriminant_mean_whitened,C1b_logreg_whitened,0.998109375,0.9979375,0.0001718749999999325,0.4643264521394208
AdvBench,1,520,all-mpnet-base-v2,B1_vs_A1,B1_discriminant_mean_raw,A1_naive_cosine_raw,0.9980781249999999,0.99390625,0.004171874999999936,0.0025347311414818385
AdvBench,1,520,all-mpnet-base-v2,B1_vs_C1,B1_discriminant_mean_raw,C1_logreg_raw,0.9980781249999999,0.9987343750000001,-0.0006562500000001359,0.06433495747513307
AdvBench,1,520,all-mpnet-base-v2,A3_vs_A1,A3_rsfi_svd_whitened_k20,A1_naive_cosine_raw,0.9572343750000001,0.99390625,-0.03667187499999991,2.863456847190804e-06
AdvBench,1,520,all-mpnet-base-v2,B1b_vs_B1,B1b_discriminant_mean_whitened,B1_discriminant_mean_raw,0.998109375,0.9980781249999999,3.125000000003819e-05,0.9623428689947793
AdvBench,1,520,all-mpnet-base-v2,B1b_vs_A1b,B1b_discriminant_mean_whitened,A1b_cosine_whitened,0.998109375,0.99790625,0.0002031249999999707,0.38235730470497087
AdvBench,1,520,all-mpnet-base-v2,B1w_vs_B1b,B1w_SigmaW_wh,B1b_SigmaT_wh,0.99865625,0.998109375,0.0005468750000000577,0.09653535570020955
AdvBench,1,520,all-mpnet-base-v2,B1b_vs_B1,B1b_SigmaT_wh,B1_raw,0.998109375,0.9980781249999999,3.125000000003819e-05,0.9623428689947793
AdvBench,1,520,all-mpnet-base-v2,B1w_vs_B1,B1w_SigmaW_wh,B1_raw,0.99865625,0.9980781249999999,0.0005781250000000959,0.34203064673556405
AdvBench,2,520,all-mpnet-base-v2,B1b_vs_C1b,B1b_discriminant_mean_whitened,C1b_logreg_whitened,0.99828125,0.998,0.00028125000000001066,0.24146836562957041
AdvBench,2,520,all-mpnet-base-v2,B1_vs_A1,B1_discriminant_mean_raw,A1_naive_cosine_raw,0.9973124999999999,0.993046875,0.00426562499999994,0.0033577848917965003
AdvBench,2,520,all-mpnet-base-v2,B1_vs_C1,B1_discriminant_mean_raw,C1_logreg_raw,0.9973124999999999,0.9983593749999999,-0.0010468750000000027,0.04350398247767884
AdvBench,2,520,all-mpnet-base-v2,A3_vs_A1,A3_rsfi_svd_whitened_k20,A1_naive_cosine_raw,0.9821718749999999,0.993046875,-0.010875000000000079,0.006842085220469141
AdvBench,2,520,all-mpnet-base-v2,B1b_vs_B1,B1b_discriminant_mean_whitened,B1_discriminant_mean_raw,0.99828125,0.9973124999999999,0.0009687500000000737,0.13574696461307267
AdvBench,2,520,all-mpnet-base-v2,B1b_vs_A1b,B1b_discriminant_mean_whitened,A1b_cosine_whitened,0.99828125,0.9983593749999999,-7.812499999992895e-05,0.6538329728628991
AdvBench,2,520,all-mpnet-base-v2,B1w_vs_B1b,B1w_SigmaW_wh,B1b_SigmaT_wh,0.9984218749999999,0.99828125,0.0001406249999998943,0.5138073892415478
AdvBench,2,520,all-mpnet-base-v2,B1b_vs_B1,B1b_SigmaT_wh,B1_raw,0.99828125,0.9973124999999999,0.0009687500000000737,0.13574696461307267
AdvBench,2,520,all-mpnet-base-v2,B1w_vs_B1,B1w_SigmaW_wh,B1_raw,0.9984218749999999,0.9973124999999999,0.001109374999999968,0.06501323466561737
AdvBench,3,520,all-mpnet-base-v2,B1b_vs_C1b,B1b_discriminant_mean_whitened,C1b_logreg_whitened,0.999234375,0.999359375,-0.00012500000000004174,0.3515333198375665
AdvBench,3,520,all-mpnet-base-v2,B1_vs_A1,B1_discriminant_mean_raw,A1_naive_cosine_raw,0.998046875,0.995578125,0.0024687500000000195,0.022186757917475042
AdvBench,3,520,all-mpnet-base-v2,B1_vs_C1,B1_discriminant_mean_raw,C1_logreg_raw,0.998046875,0.9992343750000001,-0.001187500000000119,0.03113349686452538
AdvBench,3,520,all-mpnet-base-v2,A3_vs_A1,A3_rsfi_svd_whitened_k20,A1_naive_cosine_raw,0.980328125,0.995578125,-0.015249999999999986,0.0009115249216331556
AdvBench,3,520,all-mpnet-base-v2,B1b_vs_B1,B1b_discriminant_mean_whitened,B1_discriminant_mean_raw,0.999234375,0.998046875,0.001187500000000008,0.13152335233416146
AdvBench,3,520,all-mpnet-base-v2,B1b_vs_A1b,B1b_discriminant_mean_whitened,A1b_cosine_whitened,0.999234375,0.999265625,-3.125000000003819e-05,0.8113817450175513
AdvBench,3,520,all-mpnet-base-v2,B1w_vs_B1b,B1w_SigmaW_wh,B1b_SigmaT_wh,0.9995,0.999234375,0.0002656250000000471,0.148113148798519
AdvBench,3,520,all-mpnet-base-v2,B1b_vs_B1,B1b_SigmaT_wh,B1_raw,0.999234375,0.998046875,0.001187500000000008,0.13152335233416146
AdvBench,3,520,all-mpnet-base-v2,B1w_vs_B1,B1w_SigmaW_wh,B1_raw,0.9995,0.998046875,0.001453125000000055,0.05899913726080319
AdvBench,4,520,all-mpnet-base-v2,B1b_vs_C1b,B1b_discriminant_mean_whitened,C1b_logreg_whitened,0.997671875,0.9976875000000001,-1.5625000000074607e-05,0.9100062951154249
AdvBench,4,520,all-mpnet-base-v2,B1_vs_A1,B1_discriminant_mean_raw,A1_naive_cosine_raw,0.997921875,0.99446875,0.003453124999999946,0.008336678100248962
AdvBench,4,520,all-mpnet-base-v2,B1_vs_C1,B1_discriminant_mean_raw,C1_logreg_raw,0.997921875,0.998625,-0.0007031250000000266,0.04024383572597401
AdvBench,4,520,all-mpnet-base-v2,A3_vs_A1,A3_rsfi_svd_whitened_k20,A1_naive_cosine_raw,0.98284375,0.99446875,-0.011624999999999996,0.0029982136058805953
AdvBench,4,520,all-mpnet-base-v2,B1b_vs_B1,B1b_discriminant_mean_whitened,B1_discriminant_mean_raw,0.997671875,0.997921875,-0.00024999999999997247,0.7178538994144765
AdvBench,4,520,all-mpnet-base-v2,B1b_vs_A1b,B1b_discriminant_mean_whitened,A1b_cosine_whitened,0.997671875,0.997578125,9.375000000000355e-05,0.5602093080103254
AdvBench,4,520,all-mpnet-base-v2,B1w_vs_B1b,B1w_SigmaW_wh,B1b_SigmaT_wh,0.99825,0.997671875,0.0005781249999999849,0.13054930927758646
AdvBench,4,520,all-mpnet-base-v2,B1b_vs_B1,B1b_SigmaT_wh,B1_raw,0.997671875,0.997921875,-0.00024999999999997247,0.7178538994144765
AdvBench,4,520,all-mpnet-base-v2,B1w_vs_B1,B1w_SigmaW_wh,B1_raw,0.99825,0.997921875,0.00032812500000001243,0.4637827578215721
AdvBench,0,520,bge-base-en-v1.5,B1b_vs_C1b,B1b_discriminant_mean_whitened,C1b_logreg_whitened,0.999828125,0.999734375,9.375000000000355e-05,0.21878228159221935
AdvBench,0,520,bge-base-en-v1.5,B1_vs_A1,B1_discriminant_mean_raw,A1_naive_cosine_raw,0.9978281250000001,0.9915625,0.006265625000000052,0.004549672858720433
AdvBench,0,520,bge-base-en-v1.5,B1_vs_C1,B1_discriminant_mean_raw,C1_logreg_raw,0.9978281250000001,0.999171875,-0.001343749999999977,0.026667306141848535
AdvBench,0,520,bge-base-en-v1.5,A3_vs_A1,A3_rsfi_svd_whitened_k20,A1_naive_cosine_raw,0.96775,0.9915625,-0.023812500000000014,0.00010275190884945218
AdvBench,0,520,bge-base-en-v1.5,B1b_vs_B1,B1b_discriminant_mean_whitened,B1_discriminant_mean_raw,0.999828125,0.9978281250000001,0.0019999999999998908,0.04239292068949774
AdvBench,0,520,bge-base-en-v1.5,B1b_vs_A1b,B1b_discriminant_mean_whitened,A1b_cosine_whitened,0.999828125,0.999765625,6.249999999996536e-05,0.37055238778510446
AdvBench,0,520,bge-base-en-v1.5,B1w_vs_B1b,B1w_SigmaW_wh,B1b_SigmaT_wh,0.99984375,0.999828125,1.5625000000074607e-05,0.7241093382970467
AdvBench,0,520,bge-base-en-v1.5,B1b_vs_B1,B1b_SigmaT_wh,B1_raw,0.999828125,0.9978281250000001,0.0019999999999998908,0.04239292068949774
AdvBench,0,520,bge-base-en-v1.5,B1w_vs_B1,B1w_SigmaW_wh,B1_raw,0.99984375,0.9978281250000001,0.0020156249999999654,0.0395838815609697
AdvBench,1,520,bge-base-en-v1.5,B1b_vs_C1b,B1b_discriminant_mean_whitened,C1b_logreg_whitened,0.999734375,0.99990625,-0.00017187500000004352,0.12427708542449079
AdvBench,1,520,bge-base-en-v1.5,B1_vs_A1,B1_discriminant_mean_raw,A1_naive_cosine_raw,0.9968281250000001,0.9877343749999999,0.009093750000000123,0.001116174590001462
AdvBench,1,520,bge-base-en-v1.5,B1_vs_C1,B1_discriminant_mean_raw,C1_logreg_raw,0.9968281250000001,0.999,-0.0021718749999999343,0.006020510335358109
AdvBench,1,520,bge-base-en-v1.5,A3_vs_A1,A3_rsfi_svd_whitened_k20,A1_naive_cosine_raw,0.943109375,0.9877343749999999,-0.044624999999999915,2.407877601751096e-07
AdvBench,1,520,bge-base-en-v1.5,B1b_vs_B1,B1b_discriminant_mean_whitened,B1_discriminant_mean_raw,0.999734375,0.9968281250000001,0.002906249999999888,0.016472548219915062
AdvBench,1,520,bge-base-en-v1.5,B1b_vs_A1b,B1b_discriminant_mean_whitened,A1b_cosine_whitened,0.999734375,0.9992031250000001,0.0005312499999998721,0.042032743671075234
AdvBench,1,520,bge-base-en-v1.5,B1w_vs_B1b,B1w_SigmaW_wh,B1b_SigmaT_wh,1.0,0.999734375,0.0002656250000000471,0.1451762727685093
AdvBench,1,520,bge-base-en-v1.5,B1b_vs_B1,B1b_SigmaT_wh,B1_raw,0.999734375,0.9968281250000001,0.002906249999999888,0.016472548219915062
AdvBench,1,520,bge-base-en-v1.5,B1w_vs_B1,B1w_SigmaW_wh,B1_raw,1.0,0.9968281250000001,0.003171874999999935,0.013449316101663777
AdvBench,2,520,bge-base-en-v1.5,B1b_vs_C1b,B1b_discriminant_mean_whitened,C1b_logreg_whitened,0.9995937500000001,0.9996406250000001,-4.6875000000001776e-05,0.3420842194527449
AdvBench,2,520,bge-base-en-v1.5,B1_vs_A1,B1_discriminant_mean_raw,A1_naive_cosine_raw,0.998234375,0.9936093749999999,0.004625000000000101,0.012649031166392488
AdvBench,2,520,bge-base-en-v1.5,B1_vs_C1,B1_discriminant_mean_raw,C1_logreg_raw,0.998234375,0.9994843750000001,-0.0012500000000000844,0.029032138747967506
AdvBench,2,520,bge-base-en-v1.5,A3_vs_A1,A3_rsfi_svd_whitened_k20,A1_naive_cosine_raw,0.9734999999999999,0.9936093749999999,-0.020109374999999985,0.0008020652713507381
AdvBench,2,520,bge-base-en-v1.5,B1b_vs_B1,B1b_discriminant_mean_whitened,B1_discriminant_mean_raw,0.9995937500000001,0.998234375,0.0013593750000000515,0.09657670437682464
AdvBench,2,520,bge-base-en-v1.5,B1b_vs_A1b,B1b_discriminant_mean_whitened,A1b_cosine_whitened,0.9995937500000001,0.999390625,0.0002031250000000817,0.17299533649992083
AdvBench,2,520,bge-base-en-v1.5,B1w_vs_B1b,B1w_SigmaW_wh,B1b_SigmaT_wh,0.9997968749999999,0.9995937500000001,0.00020312499999985967,0.30881260821540213
AdvBench,2,520,bge-base-en-v1.5,B1b_vs_B1,B1b_SigmaT_wh,B1_raw,0.9995937500000001,0.998234375,0.0013593750000000515,0.09657670437682464
AdvBench,2,520,bge-base-en-v1.5,B1w_vs_B1,B1w_SigmaW_wh,B1_raw,0.9997968749999999,0.998234375,0.0015624999999999112,0.05390180219691998
AdvBench,3,520,bge-base-en-v1.5,B1b_vs_C1b,B1b_discriminant_mean_whitened,C1b_logreg_whitened,0.999546875,0.9994999999999999,4.6875000000001776e-05,0.4225329179050987
AdvBench,3,520,bge-base-en-v1.5,B1_vs_A1,B1_discriminant_mean_raw,A1_naive_cosine_raw,0.9966562499999999,0.990078125,0.006578124999999879,0.003002927350015616
AdvBench,3,520,bge-base-en-v1.5,B1_vs_C1,B1_discriminant_mean_raw,C1_logreg_raw,0.9966562499999999,0.999078125,-0.002421875000000129,0.008706210767991385
AdvBench,3,520,bge-base-en-v1.5,A3_vs_A1,A3_rsfi_svd_whitened_k20,A1_naive_cosine_raw,0.9714375,0.990078125,-0.018640625000000077,0.0002994107785962985
AdvBench,3,520,bge-base-en-v1.5,B1b_vs_B1,B1b_discriminant_mean_whitened,B1_discriminant_mean_raw,0.999546875,0.9966562499999999,0.0028906250000000355,0.020890193253011224
AdvBench,3,520,bge-base-en-v1.5,B1b_vs_A1b,B1b_discriminant_mean_whitened,A1b_cosine_whitened,0.999546875,0.9993281249999999,0.0002187500000000453,0.08169453572210594
AdvBench,3,520,bge-base-en-v1.5,B1w_vs_B1b,B1w_SigmaW_wh,B1b_SigmaT_wh,0.9997499999999999,0.999546875,0.0002031249999999707,0.11202399092801119
AdvBench,3,520,bge-base-en-v1.5,B1b_vs_B1,B1b_SigmaT_wh,B1_raw,0.999546875,0.9966562499999999,0.0028906250000000355,0.020890193253011224
AdvBench,3,520,bge-base-en-v1.5,B1w_vs_B1,B1w_SigmaW_wh,B1_raw,0.9997499999999999,0.9966562499999999,0.0030937500000000062,0.016242036909981827
AdvBench,4,520,bge-base-en-v1.5,B1b_vs_C1b,B1b_discriminant_mean_whitened,C1b_logreg_whitened,0.9996875,0.999765625,-7.812500000003997e-05,0.4041724182780573
AdvBench,4,520,bge-base-en-v1.5,B1_vs_A1,B1_discriminant_mean_raw,A1_naive_cosine_raw,0.998171875,0.9921249999999999,0.006046875000000118,0.004600466810106063
AdvBench,4,520,bge-base-en-v1.5,B1_vs_C1,B1_discriminant_mean_raw,C1_logreg_raw,0.998171875,0.999171875,-0.0010000000000000009,0.029627217184929
AdvBench,4,520,bge-base-en-v1.5,A3_vs_A1,A3_rsfi_svd_whitened_k20,A1_naive_cosine_raw,0.969296875,0.9921249999999999,-0.022828124999999977,0.00014980003764342165
AdvBench,4,520,bge-base-en-v1.5,B1b_vs_B1,B1b_discriminant_mean_whitened,B1_discriminant_mean_raw,0.9996875,0.998171875,0.0015156249999999094,0.05505499014706561
AdvBench,4,520,bge-base-en-v1.5,B1b_vs_A1b,B1b_discriminant_mean_whitened,A1b_cosine_whitened,0.9996875,0.9995624999999999,0.00012500000000004174,0.2837992698527514
AdvBench,4,520,bge-base-en-v1.5,B1w_vs_B1b,B1w_SigmaW_wh,B1b_SigmaT_wh,0.99971875,0.9996875,3.125000000003819e-05,0.7896338038843933
AdvBench,4,520,bge-base-en-v1.5,B1b_vs_B1,B1b_SigmaT_wh,B1_raw,0.9996875,0.998171875,0.0015156249999999094,0.05505499014706561
AdvBench,4,520,bge-base-en-v1.5,B1w_vs_B1,B1w_SigmaW_wh,B1_raw,0.99971875,0.998171875,0.0015468749999999476,0.03790037594141138
AdvBench,0,520,bge-large-en-v1.5,B1b_vs_C1b,B1b_discriminant_mean_whitened,C1b_logreg_whitened,0.9989374999999999,0.998640625,0.00029687499999997424,0.10529478563002614
AdvBench,0,520,bge-large-en-v1.5,B1_vs_A1,B1_discriminant_mean_raw,A1_naive_cosine_raw,0.9990625000000001,0.99540625,0.0036562500000000275,0.00767242915077615
AdvBench,0,520,bge-large-en-v1.5,B1_vs_C1,B1_discriminant_mean_raw,C1_logreg_raw,0.9990625000000001,0.999625,-0.0005624999999999103,0.05390516939044643
AdvBench,0,520,bge-large-en-v1.5,A3_vs_A1,A3_rsfi_svd_whitened_k20,A1_naive_cosine_raw,0.9721562499999999,0.99540625,-0.023250000000000104,8.083376639334006e-05
AdvBench,0,520,bge-large-en-v1.5,B1b_vs_B1,B1b_discriminant_mean_whitened,B1_discriminant_mean_raw,0.9989374999999999,0.9990625000000001,-0.00012500000000015277,0.8023302126937093
AdvBench,0,520,bge-large-en-v1.5,B1b_vs_A1b,B1b_discriminant_mean_whitened,A1b_cosine_whitened,0.9989374999999999,0.998796875,0.0001406249999998943,0.29416961755810656
AdvBench,0,520,bge-large-en-v1.5,B1w_vs_B1b,B1w_SigmaW_wh,B1b_SigmaT_wh,0.999375,0.9989374999999999,0.0004375000000000906,0.1492227878797634
AdvBench,0,520,bge-large-en-v1.5,B1b_vs_B1,B1b_SigmaT_wh,B1_raw,0.9989374999999999,0.9990625000000001,-0.00012500000000015277,0.8023302126937093
AdvBench,0,520,bge-large-en-v1.5,B1w_vs_B1,B1w_SigmaW_wh,B1_raw,0.999375,0.9990625000000001,0.00031249999999993783,0.4042991215313143
AdvBench,1,520,bge-large-en-v1.5,B1b_vs_C1b,B1b_discriminant_mean_whitened,C1b_logreg_whitened,0.999671875,0.9996875000000001,-1.5625000000074607e-05,0.7896545295808806
AdvBench,1,520,bge-large-en-v1.5,B1_vs_A1,B1_discriminant_mean_raw,A1_naive_cosine_raw,0.9991875,0.995953125,0.0032343750000000115,0.020872646213090373
AdvBench,1,520,bge-large-en-v1.5,B1_vs_C1,B1_discriminant_mean_raw,C1_logreg_raw,0.9991875,0.99975,-0.0005625000000000213,0.08371563601503729
AdvBench,1,520,bge-large-en-v1.5,A3_vs_A1,A3_rsfi_svd_whitened_k20,A1_naive_cosine_raw,0.9415468749999999,0.995953125,-0.0544062500000001,2.211664851259343e-09
AdvBench,1,520,bge-large-en-v1.5,B1b_vs_B1,B1b_discriminant_mean_whitened,B1_discriminant_mean_raw,0.999671875,0.9991875,0.00048437499999998135,0.2194121482359206
AdvBench,1,520,bge-large-en-v1.5,B1b_vs_A1b,B1b_discriminant_mean_whitened,A1b_cosine_whitened,0.999671875,0.999578125,9.375000000000355e-05,0.23752997465003145
AdvBench,1,520,bge-large-en-v1.5,B1w_vs_B1b,B1w_SigmaW_wh,B1b_SigmaT_wh,0.999859375,0.999671875,0.0001875000000000071,0.22819591382692472
AdvBench,1,520,bge-large-en-v1.5,B1b_vs_B1,B1b_SigmaT_wh,B1_raw,0.999671875,0.9991875,0.00048437499999998135,0.2194121482359206
AdvBench,1,520,bge-large-en-v1.5,B1w_vs_B1,B1w_SigmaW_wh,B1_raw,0.999859375,0.9991875,0.0006718749999999885,0.12523001809906664
AdvBench,2,520,bge-large-en-v1.5,B1b_vs_C1b,B1b_discriminant_mean_whitened,C1b_logreg_whitened,0.999625,0.999625,0.0,1.0
AdvBench,2,520,bge-large-en-v1.5,B1_vs_A1,B1_discriminant_mean_raw,A1_naive_cosine_raw,0.9992500000000001,0.99740625,0.0018437500000000329,0.06568166736842507
AdvBench,2,520,bge-large-en-v1.5,B1_vs_C1,B1_discriminant_mean_raw,C1_logreg_raw,0.9992500000000001,0.99975,-0.0004999999999999449,0.08947043543967514
AdvBench,2,520,bge-large-en-v1.5,A3_vs_A1,A3_rsfi_svd_whitened_k20,A1_naive_cosine_raw,0.9555156250000001,0.99740625,-0.04189062499999996,6.497466453758705e-08
AdvBench,2,520,bge-large-en-v1.5,B1b_vs_B1,B1b_discriminant_mean_whitened,B1_discriminant_mean_raw,0.999625,0.9992500000000001,0.0003749999999999032,0.3532625189273655
AdvBench,2,520,bge-large-en-v1.5,B1b_vs_A1b,B1b_discriminant_mean_whitened,A1b_cosine_whitened,0.999625,0.99940625,0.00021874999999993427,0.3329432980365534
AdvBench,2,520,bge-large-en-v1.5,B1w_vs_B1b,B1w_SigmaW_wh,B1b_SigmaT_wh,0.999828125,0.999625,0.0002031249999999707,0.33419125367896774
AdvBench,2,520,bge-large-en-v1.5,B1b_vs_B1,B1b_SigmaT_wh,B1_raw,0.999625,0.9992500000000001,0.0003749999999999032,0.3532625189273655
AdvBench,2,520,bge-large-en-v1.5,B1w_vs_B1,B1w_SigmaW_wh,B1_raw,0.999828125,0.9992500000000001,0.0005781249999998739,0.14292488319415453
AdvBench,3,520,bge-large-en-v1.5,B1b_vs_C1b,B1b_discriminant_mean_whitened,C1b_logreg_whitened,0.9995937500000001,0.999578125,1.5625000000074607e-05,0.617516608021625
AdvBench,3,520,bge-large-en-v1.5,B1_vs_A1,B1_discriminant_mean_raw,A1_naive_cosine_raw,0.998890625,0.996546875,0.002343749999999978,0.02217687215008257
AdvBench,3,520,bge-large-en-v1.5,B1_vs_C1,B1_discriminant_mean_raw,C1_logreg_raw,0.998890625,0.999875,-0.0009843749999999263,0.03749789640906531
AdvBench,3,520,bge-large-en-v1.5,A3_vs_A1,A3_rsfi_svd_whitened_k20,A1_naive_cosine_raw,0.969421875,0.996546875,-0.027125000000000066,6.9180718329509006e-06
AdvBench,3,520,bge-large-en-v1.5,B1b_vs_B1,B1b_discriminant_mean_whitened,B1_discriminant_mean_raw,0.9995937500000001,0.998890625,0.0007031250000000266,0.06390843859045447
AdvBench,3,520,bge-large-en-v1.5,B1b_vs_A1b,B1b_discriminant_mean_whitened,A1b_cosine_whitened,0.9995937500000001,0.999609375,-1.5624999999963585e-05,0.7523106602295029
AdvBench,3,520,bge-large-en-v1.5,B1w_vs_B1b,B1w_SigmaW_wh,B1b_SigmaT_wh,0.999828125,0.9995937500000001,0.00023437499999989786,0.2396203393783527
AdvBench,3,520,bge-large-en-v1.5,B1b_vs_B1,B1b_SigmaT_wh,B1_raw,0.9995937500000001,0.998890625,0.0007031250000000266,0.06390843859045447
AdvBench,3,520,bge-large-en-v1.5,B1w_vs_B1,B1w_SigmaW_wh,B1_raw,0.999828125,0.998890625,0.0009374999999999245,0.048422023497229905
AdvBench,4,520,bge-large-en-v1.5,B1b_vs_C1b,B1b_discriminant_mean_whitened,C1b_logreg_whitened,0.9995624999999999,0.9995937500000001,-3.1250000000149214e-05,0.7731613401252084
AdvBench,4,520,bge-large-en-v1.5,B1_vs_A1,B1_discriminant_mean_raw,A1_naive_cosine_raw,0.999328125,0.9970156250000001,0.0023124999999999396,0.029610342220198316
AdvBench,4,520,bge-large-en-v1.5,B1_vs_C1,B1_discriminant_mean_raw,C1_logreg_raw,0.999328125,0.999828125,-0.0004999999999999449,0.09663972052542302
AdvBench,4,520,bge-large-en-v1.5,A3_vs_A1,A3_rsfi_svd_whitened_k20,A1_naive_cosine_raw,0.96615625,0.9970156250000001,-0.030859375000000022,9.338206088393974e-06
AdvBench,4,520,bge-large-en-v1.5,B1b_vs_B1,B1b_discriminant_mean_whitened,B1_discriminant_mean_raw,0.9995624999999999,0.999328125,0.00023437499999989786,0.5714828690161382
AdvBench,4,520,bge-large-en-v1.5,B1b_vs_A1b,B1b_discriminant_mean_whitened,A1b_cosine_whitened,0.9995624999999999,0.9995624999999999,0.0,1.0
AdvBench,4,520,bge-large-en-v1.5,B1w_vs_B1b,B1w_SigmaW_wh,B1b_SigmaT_wh,0.9998125,0.9995624999999999,0.0002500000000000835,0.1480606957168309
AdvBench,4,520,bge-large-en-v1.5,B1b_vs_B1,B1b_SigmaT_wh,B1_raw,0.9995624999999999,0.999328125,0.00023437499999989786,0.5714828690161382
AdvBench,4,520,bge-large-en-v1.5,B1w_vs_B1,B1w_SigmaW_wh,B1_raw,0.9998125,0.999328125,0.00048437499999998135,0.21549363881421457
AdvBench,0,520,Qwen3-Embedding-8B,B1b_vs_C1b,B1b_discriminant_mean_whitened,C1b_logreg_whitened,0.99990625,0.99990625,0.0,
AdvBench,0,520,Qwen3-Embedding-8B,B1_vs_A1,B1_discriminant_mean_raw,A1_naive_cosine_raw,0.99990625,0.99703125,0.002874999999999961,0.014149613622540524
AdvBench,0,520,Qwen3-Embedding-8B,B1_vs_C1,B1_discriminant_mean_raw,C1_logreg_raw,0.99990625,0.999984375,-7.812500000003997e-05,0.3605046643828016
AdvBench,0,520,Qwen3-Embedding-8B,A3_vs_A1,A3_rsfi_svd_whitened_k20,A1_naive_cosine_raw,0.971234375,0.99703125,-0.025796875000000052,1.7343764758592783e-05
AdvBench,0,520,Qwen3-Embedding-8B,B1b_vs_B1,B1b_discriminant_mean_whitened,B1_discriminant_mean_raw,0.99990625,0.99990625,0.0,1.0
AdvBench,0,520,Qwen3-Embedding-8B,B1b_vs_A1b,B1b_discriminant_mean_whitened,A1b_cosine_whitened,0.99990625,0.999921875,-1.5624999999963585e-05,0.4795001221879809
AdvBench,0,520,Qwen3-Embedding-8B,B1w_vs_B1b,B1w_SigmaW_wh,B1b_SigmaT_wh,0.99990625,0.99990625,0.0,
AdvBench,0,520,Qwen3-Embedding-8B,B1b_vs_B1,B1b_SigmaT_wh,B1_raw,0.99990625,0.99990625,0.0,1.0
AdvBench,0,520,Qwen3-Embedding-8B,B1w_vs_B1,B1w_SigmaW_wh,B1_raw,0.99990625,0.99990625,0.0,1.0
AdvBench,1,520,Qwen3-Embedding-8B,B1b_vs_C1b,B1b_discriminant_mean_whitened,C1b_logreg_whitened,0.999875,0.999875,0.0,
AdvBench,1,520,Qwen3-Embedding-8B,B1_vs_A1,B1_discriminant_mean_raw,A1_naive_cosine_raw,1.0,0.99659375,0.003406250000000055,0.05049149394884811
AdvBench,1,520,Qwen3-Embedding-8B,B1_vs_C1,B1_discriminant_mean_raw,C1_logreg_raw,1.0,0.99996875,3.125000000003819e-05,0.41397214303558005
AdvBench,1,520,Qwen3-Embedding-8B,A3_vs_A1,A3_rsfi_svd_whitened_k20,A1_naive_cosine_raw,0.961703125,0.99659375,-0.03489062499999995,1.3739267703538616e-06
AdvBench,1,520,Qwen3-Embedding-8B,B1b_vs_B1,B1b_discriminant_mean_whitened,B1_discriminant_mean_raw,0.999875,1.0,-0.00012500000000004174,0.3007323494337182
AdvBench,1,520,Qwen3-Embedding-8B,B1b_vs_A1b,B1b_discriminant_mean_whitened,A1b_cosine_whitened,0.999875,0.999921875,-4.6875000000001776e-05,0.3861037167032215
AdvBench,1,520,Qwen3-Embedding-8B,B1w_vs_B1b,B1w_SigmaW_wh,B1b_SigmaT_wh,0.999859375,0.999875,-1.5624999999963585e-05,0.4795001221879809
AdvBench,1,520,Qwen3-Embedding-8B,B1b_vs_B1,B1b_SigmaT_wh,B1_raw,0.999875,1.0,-0.00012500000000004174,0.3007323494337182
AdvBench,1,520,Qwen3-Embedding-8B,B1w_vs_B1,B1w_SigmaW_wh,B1_raw,0.999859375,1.0,-0.00014062500000000533,0.30094298001272146
AdvBench,2,520,Qwen3-Embedding-8B,B1b_vs_C1b,B1b_discriminant_mean_whitened,C1b_logreg_whitened,0.999984375,0.999984375,0.0,
AdvBench,2,520,Qwen3-Embedding-8B,B1_vs_A1,B1_discriminant_mean_raw,A1_naive_cosine_raw,0.999984375,0.99671875,0.0032656250000000497,0.07047038245396697
AdvBench,2,520,Qwen3-Embedding-8B,B1_vs_C1,B1_discriminant_mean_raw,C1_logreg_raw,0.999984375,0.999953125,3.125000000003819e-05,0.41397214303558005
AdvBench,2,520,Qwen3-Embedding-8B,A3_vs_A1,A3_rsfi_svd_whitened_k20,A1_naive_cosine_raw,0.978796875,0.99671875,-0.017921874999999976,6.72703467652358e-05
AdvBench,2,520,Qwen3-Embedding-8B,B1b_vs_B1,B1b_discriminant_mean_whitened,B1_discriminant_mean_raw,0.999984375,0.999984375,0.0,1.0
AdvBench,2,520,Qwen3-Embedding-8B,B1b_vs_A1b,B1b_discriminant_mean_whitened,A1b_cosine_whitened,0.999984375,0.999984375,0.0,
AdvBench,2,520,Qwen3-Embedding-8B,B1w_vs_B1b,B1w_SigmaW_wh,B1b_SigmaT_wh,1.0,0.999984375,1.5624999999963585e-05,0.4795001221879809
AdvBench,2,520,Qwen3-Embedding-8B,B1b_vs_B1,B1b_SigmaT_wh,B1_raw,0.999984375,0.999984375,0.0,1.0
AdvBench,2,520,Qwen3-Embedding-8B,B1w_vs_B1,B1w_SigmaW_wh,B1_raw,1.0,0.999984375,1.5624999999963585e-05,0.4795001221879809
AdvBench,3,520,Qwen3-Embedding-8B,B1b_vs_C1b,B1b_discriminant_mean_whitened,C1b_logreg_whitened,0.999984375,0.999984375,0.0,
AdvBench,3,520,Qwen3-Embedding-8B,B1_vs_A1,B1_discriminant_mean_raw,A1_naive_cosine_raw,0.9999375,0.99615625,0.0037812500000000693,0.03994809228616125
AdvBench,3,520,Qwen3-Embedding-8B,B1_vs_C1,B1_discriminant_mean_raw,C1_logreg_raw,0.9999375,1.0,-6.249999999996536e-05,0.37037100520110666
AdvBench,3,520,Qwen3-Embedding-8B,A3_vs_A1,A3_rsfi_svd_whitened_k20,A1_naive_cosine_raw,0.985875,0.99615625,-0.01028125000000002,0.0017843774812738022
AdvBench,3,520,Qwen3-Embedding-8B,B1b_vs_B1,B1b_discriminant_mean_whitened,B1_discriminant_mean_raw,0.999984375,0.9999375,4.6875000000001776e-05,0.5224783332702585
AdvBench,3,520,Qwen3-Embedding-8B,B1b_vs_A1b,B1b_discriminant_mean_whitened,A1b_cosine_whitened,0.999984375,0.999984375,0.0,
AdvBench,3,520,Qwen3-Embedding-8B,B1w_vs_B1b,B1w_SigmaW_wh,B1b_SigmaT_wh,0.999984375,0.999984375,0.0,
AdvBench,3,520,Qwen3-Embedding-8B,B1b_vs_B1,B1b_SigmaT_wh,B1_raw,0.999984375,0.9999375,4.6875000000001776e-05,0.5224783332702585
AdvBench,3,520,Qwen3-Embedding-8B,B1w_vs_B1,B1w_SigmaW_wh,B1_raw,0.999984375,0.9999375,4.6875000000001776e-05,0.5224783332702585
AdvBench,4,520,Qwen3-Embedding-8B,B1b_vs_C1b,B1b_discriminant_mean_whitened,C1b_logreg_whitened,0.99996875,0.99996875,0.0,
AdvBench,4,520,Qwen3-Embedding-8B,B1_vs_A1,B1_discriminant_mean_raw,A1_naive_cosine_raw,1.0,0.9966562499999999,0.0033437500000000897,0.050414826201824914
AdvBench,4,520,Qwen3-Embedding-8B,B1_vs_C1,B1_discriminant_mean_raw,C1_logreg_raw,1.0,0.999984375,1.5624999999963585e-05,0.4795001221879809
AdvBench,4,520,Qwen3-Embedding-8B,A3_vs_A1,A3_rsfi_svd_whitened_k20,A1_naive_cosine_raw,0.981921875,0.9966562499999999,-0.014734374999999855,0.0029614437580454123
AdvBench,4,520,Qwen3-Embedding-8B,B1b_vs_B1,B1b_discriminant_mean_whitened,B1_discriminant_mean_raw,0.99996875,1.0,-3.125000000003819e-05,0.41397214303558005
AdvBench,4,520,Qwen3-Embedding-8B,B1b_vs_A1b,B1b_discriminant_mean_whitened,A1b_cosine_whitened,0.99996875,0.999953125,1.5624999999963585e-05,0.4795001221879809
AdvBench,4,520,Qwen3-Embedding-8B,B1w_vs_B1b,B1w_SigmaW_wh,B1b_SigmaT_wh,1.0,0.99996875,3.125000000003819e-05,0.41397214303558005
AdvBench,4,520,Qwen3-Embedding-8B,B1b_vs_B1,B1b_SigmaT_wh,B1_raw,0.99996875,1.0,-3.125000000003819e-05,0.41397214303558005
AdvBench,4,520,Qwen3-Embedding-8B,B1w_vs_B1,B1w_SigmaW_wh,B1_raw,1.0,1.0,0.0,
HarmBench,0,400,all-mpnet-base-v2,B1b_vs_C1b,B1b_discriminant_mean_whitened,C1b_logreg_whitened,0.9982749999999999,0.99815,0.00012499999999993072,0.5256292746390838
HarmBench,0,400,all-mpnet-base-v2,B1_vs_A1,B1_discriminant_mean_raw,A1_naive_cosine_raw,0.99375,0.9453,0.04844999999999999,8.256363326353267e-08
HarmBench,0,400,all-mpnet-base-v2,B1_vs_C1,B1_discriminant_mean_raw,C1_logreg_raw,0.99375,0.9992500000000001,-0.00550000000000006,0.006916770104551162
HarmBench,0,400,all-mpnet-base-v2,A3_vs_A1,A3_rsfi_svd_whitened_k20,A1_naive_cosine_raw,0.9460999999999999,0.9453,0.0007999999999999119,0.9505050343519112
HarmBench,0,400,all-mpnet-base-v2,B1b_vs_B1,B1b_discriminant_mean_whitened,B1_discriminant_mean_raw,0.9982749999999999,0.99375,0.00452499999999989,0.06191089771272962
HarmBench,0,400,all-mpnet-base-v2,B1b_vs_A1b,B1b_discriminant_mean_whitened,A1b_cosine_whitened,0.9982749999999999,0.9980249999999999,0.00024999999999997247,0.300969734837927
HarmBench,0,400,all-mpnet-base-v2,B1w_vs_B1b,B1w_SigmaW_wh,B1b_SigmaT_wh,0.999075,0.9982749999999999,0.0008000000000001339,0.10591616618283095
HarmBench,0,400,all-mpnet-base-v2,B1b_vs_B1,B1b_SigmaT_wh,B1_raw,0.9982749999999999,0.99375,0.00452499999999989,0.06191089771272962
HarmBench,0,400,all-mpnet-base-v2,B1w_vs_B1,B1w_SigmaW_wh,B1_raw,0.999075,0.99375,0.005325000000000024,0.022037745221541227
HarmBench,1,400,all-mpnet-base-v2,B1b_vs_C1b,B1b_discriminant_mean_whitened,C1b_logreg_whitened,0.99735,0.997125,0.0002249999999999197,0.36737286732451535
HarmBench,1,400,all-mpnet-base-v2,B1_vs_A1,B1_discriminant_mean_raw,A1_naive_cosine_raw,0.99135,0.948475,0.042874999999999996,2.0557263917808655e-06
HarmBench,1,400,all-mpnet-base-v2,B1_vs_C1,B1_discriminant_mean_raw,C1_logreg_raw,0.99135,0.997825,-0.0064750000000000085,0.006117408289122217
HarmBench,1,400,all-mpnet-base-v2,A3_vs_A1,A3_rsfi_svd_whitened_k20,A1_naive_cosine_raw,0.9420000000000001,0.948475,-0.0064749999999998975,0.644388930405442
HarmBench,1,400,all-mpnet-base-v2,B1b_vs_B1,B1b_discriminant_mean_whitened,B1_discriminant_mean_raw,0.99735,0.99135,0.006000000000000005,0.04408815539608635
HarmBench,1,400,all-mpnet-base-v2,B1b_vs_A1b,B1b_discriminant_mean_whitened,A1b_cosine_whitened,0.99735,0.9975499999999999,-0.00019999999999997797,0.5534770781536387
HarmBench,1,400,all-mpnet-base-v2,B1w_vs_B1b,B1w_SigmaW_wh,B1b_SigmaT_wh,0.998,0.99735,0.0006500000000000394,0.07024712315025616
HarmBench,1,400,all-mpnet-base-v2,B1b_vs_B1,B1b_SigmaT_wh,B1_raw,0.99735,0.99135,0.006000000000000005,0.04408815539608635
HarmBench,1,400,all-mpnet-base-v2,B1w_vs_B1,B1w_SigmaW_wh,B1_raw,0.998,0.99135,0.006650000000000045,0.02189984704828052
HarmBench,2,400,all-mpnet-base-v2,B1b_vs_C1b,B1b_discriminant_mean_whitened,C1b_logreg_whitened,0.9991499999999999,0.998975,0.00017499999999992522,0.38830682118468784
HarmBench,2,400,all-mpnet-base-v2,B1_vs_A1,B1_discriminant_mean_raw,A1_naive_cosine_raw,0.9897250000000001,0.9467249999999999,0.04300000000000015,1.456138472466506e-06
HarmBench,2,400,all-mpnet-base-v2,B1_vs_C1,B1_discriminant_mean_raw,C1_logreg_raw,0.9897250000000001,0.9979,-0.008174999999999932,0.0026340635252002365
HarmBench,2,400,all-mpnet-base-v2,A3_vs_A1,A3_rsfi_svd_whitened_k20,A1_naive_cosine_raw,0.941075,0.9467249999999999,-0.005649999999999933,0.6788890791580577
HarmBench,2,400,all-mpnet-base-v2,B1b_vs_B1,B1b_discriminant_mean_whitened,B1_discriminant_mean_raw,0.9991499999999999,0.9897250000000001,0.009424999999999795,0.007975388747231804
HarmBench,2,400,all-mpnet-base-v2,B1b_vs_A1b,B1b_discriminant_mean_whitened,A1b_cosine_whitened,0.9991499999999999,0.99905,9.999999999987796e-05,0.4138248421824644
HarmBench,2,400,all-mpnet-base-v2,B1w_vs_B1b,B1w_SigmaW_wh,B1b_SigmaT_wh,0.9994999999999999,0.9991499999999999,0.0003500000000000725,0.12312331628853346
HarmBench,2,400,all-mpnet-base-v2,B1b_vs_B1,B1b_SigmaT_wh,B1_raw,0.9991499999999999,0.9897250000000001,0.009424999999999795,0.007975388747231804
HarmBench,2,400,all-mpnet-base-v2,B1w_vs_B1,B1w_SigmaW_wh,B1_raw,0.9994999999999999,0.9897250000000001,0.009774999999999867,0.006221928917551134
HarmBench,3,400,all-mpnet-base-v2,B1b_vs_C1b,B1b_discriminant_mean_whitened,C1b_logreg_whitened,0.9986,0.9985,9.999999999998899e-05,0.6229102949432246
HarmBench,3,400,all-mpnet-base-v2,B1_vs_A1,B1_discriminant_mean_raw,A1_naive_cosine_raw,0.9935499999999999,0.94385,0.049699999999999966,7.616223784978615e-08
HarmBench,3,400,all-mpnet-base-v2,B1_vs_C1,B1_discriminant_mean_raw,C1_logreg_raw,0.9935499999999999,0.9984500000000001,-0.0049000000000001265,0.008765166133633873
HarmBench,3,400,all-mpnet-base-v2,A3_vs_A1,A3_rsfi_svd_whitened_k20,A1_naive_cosine_raw,0.95195,0.94385,0.008099999999999996,0.5279432681492311
HarmBench,3,400,all-mpnet-base-v2,B1b_vs_B1,B1b_discriminant_mean_whitened,B1_discriminant_mean_raw,0.9986,0.9935499999999999,0.00505000000000011,0.04126809626192518
HarmBench,3,400,all-mpnet-base-v2,B1b_vs_A1b,B1b_discriminant_mean_whitened,A1b_cosine_whitened,0.9986,0.9982749999999999,0.00032500000000013074,0.3522331903137623
HarmBench,3,400,all-mpnet-base-v2,B1w_vs_B1b,B1w_SigmaW_wh,B1b_SigmaT_wh,0.998925,0.9986,0.0003249999999999087,0.33419125367903346
HarmBench,3,400,all-mpnet-base-v2,B1b_vs_B1,B1b_SigmaT_wh,B1_raw,0.9986,0.9935499999999999,0.00505000000000011,0.04126809626192518
HarmBench,3,400,all-mpnet-base-v2,B1w_vs_B1,B1w_SigmaW_wh,B1_raw,0.998925,0.9935499999999999,0.005375000000000019,0.02662358411539878
HarmBench,4,400,all-mpnet-base-v2,B1b_vs_C1b,B1b_discriminant_mean_whitened,C1b_logreg_whitened,0.9984249999999999,0.9982249999999999,0.00019999999999997797,0.22556123302801634
HarmBench,4,400,all-mpnet-base-v2,B1_vs_A1,B1_discriminant_mean_raw,A1_naive_cosine_raw,0.9897,0.945275,0.04442500000000005,6.27980943468387e-07
HarmBench,4,400,all-mpnet-base-v2,B1_vs_C1,B1_discriminant_mean_raw,C1_logreg_raw,0.9897,0.997675,-0.007974999999999954,0.002374790816028316
HarmBench,4,400,all-mpnet-base-v2,A3_vs_A1,A3_rsfi_svd_whitened_k20,A1_naive_cosine_raw,0.9605,0.945275,0.015225000000000044,0.1667232981626574
HarmBench,4,400,all-mpnet-base-v2,B1b_vs_B1,B1b_discriminant_mean_whitened,B1_discriminant_mean_raw,0.9984249999999999,0.9897,0.008724999999999872,0.010692609534573627
HarmBench,4,400,all-mpnet-base-v2,B1b_vs_A1b,B1b_discriminant_mean_whitened,A1b_cosine_whitened,0.9984249999999999,0.9984999999999999,-7.500000000004725e-05,0.7574738946183519
HarmBench,4,400,all-mpnet-base-v2,B1w_vs_B1b,B1w_SigmaW_wh,B1b_SigmaT_wh,0.9990249999999999,0.9984249999999999,0.0006000000000000449,0.128648835662303
HarmBench,4,400,all-mpnet-base-v2,B1b_vs_B1,B1b_SigmaT_wh,B1_raw,0.9984249999999999,0.9897,0.008724999999999872,0.010692609534573627
HarmBench,4,400,all-mpnet-base-v2,B1w_vs_B1,B1w_SigmaW_wh,B1_raw,0.9990249999999999,0.9897,0.009324999999999917,0.006350785235002432
HarmBench,0,400,bge-base-en-v1.5,B1b_vs_C1b,B1b_discriminant_mean_whitened,C1b_logreg_whitened,0.99745,0.99635,0.0010999999999999899,0.01840567147243588
HarmBench,0,400,bge-base-en-v1.5,B1_vs_A1,B1_discriminant_mean_raw,A1_naive_cosine_raw,0.9920499999999999,0.9009,0.09114999999999984,5.661338065010568e-11
HarmBench,0,400,bge-base-en-v1.5,B1_vs_C1,B1_discriminant_mean_raw,C1_logreg_raw,0.9920499999999999,0.998,-0.005950000000000122,0.003434715880580308
HarmBench,0,400,bge-base-en-v1.5,A3_vs_A1,A3_rsfi_svd_whitened_k20,A1_naive_cosine_raw,0.937025,0.9009,0.03612499999999996,0.03135850073381641
HarmBench,0,400,bge-base-en-v1.5,B1b_vs_B1,B1b_discriminant_mean_whitened,B1_discriminant_mean_raw,0.99745,0.9920499999999999,0.005400000000000071,0.07391976796717703
HarmBench,0,400,bge-base-en-v1.5,B1b_vs_A1b,B1b_discriminant_mean_whitened,A1b_cosine_whitened,0.99745,0.99725,0.00019999999999997797,0.3448340614304206
HarmBench,0,400,bge-base-en-v1.5,B1w_vs_B1b,B1w_SigmaW_wh,B1b_SigmaT_wh,0.9984500000000001,0.99745,0.001000000000000112,0.031950404308555225
HarmBench,0,400,bge-base-en-v1.5,B1b_vs_B1,B1b_SigmaT_wh,B1_raw,0.99745,0.9920499999999999,0.005400000000000071,0.07391976796717703
HarmBench,0,400,bge-base-en-v1.5,B1w_vs_B1,B1w_SigmaW_wh,B1_raw,0.9984500000000001,0.9920499999999999,0.006400000000000183,0.03156677994150958
HarmBench,1,400,bge-base-en-v1.5,B1b_vs_C1b,B1b_discriminant_mean_whitened,C1b_logreg_whitened,0.9951749999999999,0.9940249999999999,0.0011499999999999844,0.04559978472351722
HarmBench,1,400,bge-base-en-v1.5,B1_vs_A1,B1_discriminant_mean_raw,A1_naive_cosine_raw,0.989125,0.892525,0.09660000000000002,1.1804512922708454e-10
HarmBench,1,400,bge-base-en-v1.5,B1_vs_C1,B1_discriminant_mean_raw,C1_logreg_raw,0.989125,0.995475,-0.006349999999999967,0.001481486416749167
HarmBench,1,400,bge-base-en-v1.5,A3_vs_A1,A3_rsfi_svd_whitened_k20,A1_naive_cosine_raw,0.908575,0.892525,0.01605000000000001,0.39132451084202846
HarmBench,1,400,bge-base-en-v1.5,B1b_vs_B1,B1b_discriminant_mean_whitened,B1_discriminant_mean_raw,0.9951749999999999,0.989125,0.006049999999999889,0.0858094474706752
HarmBench,1,400,bge-base-en-v1.5,B1b_vs_A1b,B1b_discriminant_mean_whitened,A1b_cosine_whitened,0.9951749999999999,0.9954,-0.00022500000000003073,0.36737286732427865
HarmBench,1,400,bge-base-en-v1.5,B1w_vs_B1b,B1w_SigmaW_wh,B1b_SigmaT_wh,0.995925,0.9951749999999999,0.0007500000000000284,0.12821756774794157
HarmBench,1,400,bge-base-en-v1.5,B1b_vs_B1,B1b_SigmaT_wh,B1_raw,0.9951749999999999,0.989125,0.006049999999999889,0.0858094474706752
HarmBench,1,400,bge-base-en-v1.5,B1w_vs_B1,B1w_SigmaW_wh,B1_raw,0.995925,0.989125,0.006799999999999917,0.04736592393074912
HarmBench,2,400,bge-base-en-v1.5,B1b_vs_C1b,B1b_discriminant_mean_whitened,C1b_logreg_whitened,0.9975,0.997025,0.0004750000000000032,0.04381306034976107
HarmBench,2,400,bge-base-en-v1.5,B1_vs_A1,B1_discriminant_mean_raw,A1_naive_cosine_raw,0.98895,0.8812249999999999,0.10772500000000007,3.184563723834799e-12
HarmBench,2,400,bge-base-en-v1.5,B1_vs_C1,B1_discriminant_mean_raw,C1_logreg_raw,0.98895,0.995925,-0.0069749999999999535,0.0019252832566150069
HarmBench,2,400,bge-base-en-v1.5,A3_vs_A1,A3_rsfi_svd_whitened_k20,A1_naive_cosine_raw,0.922725,0.8812249999999999,0.04150000000000009,0.0253785187001645
HarmBench,2,400,bge-base-en-v1.5,B1b_vs_B1,B1b_discriminant_mean_whitened,B1_discriminant_mean_raw,0.9975,0.98895,0.008550000000000058,0.018066581463079157
HarmBench,2,400,bge-base-en-v1.5,B1b_vs_A1b,B1b_discriminant_mean_whitened,A1b_cosine_whitened,0.9975,0.99785,-0.00034999999999996145,0.19097217355171248
HarmBench,2,400,bge-base-en-v1.5,B1w_vs_B1b,B1w_SigmaW_wh,B1b_SigmaT_wh,0.9983,0.9975,0.0007999999999999119,0.03925997140011628
HarmBench,2,400,bge-base-en-v1.5,B1b_vs_B1,B1b_SigmaT_wh,B1_raw,0.9975,0.98895,0.008550000000000058,0.018066581463079157
HarmBench,2,400,bge-base-en-v1.5,B1w_vs_B1,B1w_SigmaW_wh,B1_raw,0.9983,0.98895,0.00934999999999997,0.00855490564176753
HarmBench,3,400,bge-base-en-v1.5,B1b_vs_C1b,B1b_discriminant_mean_whitened,C1b_logreg_whitened,0.9984500000000001,0.99825,0.000200000000000089,0.33797213008598415
HarmBench,3,400,bge-base-en-v1.5,B1_vs_A1,B1_discriminant_mean_raw,A1_naive_cosine_raw,0.98855,0.895075,0.09347500000000009,1.2851608666153425e-10
HarmBench,3,400,bge-base-en-v1.5,B1_vs_C1,B1_discriminant_mean_raw,C1_logreg_raw,0.98855,0.9945999999999999,-0.006049999999999889,0.0005878521239448542
HarmBench,3,400,bge-base-en-v1.5,A3_vs_A1,A3_rsfi_svd_whitened_k20,A1_naive_cosine_raw,0.938925,0.895075,0.043850000000000056,0.011407284138017282
HarmBench,3,400,bge-base-en-v1.5,B1b_vs_B1,B1b_discriminant_mean_whitened,B1_discriminant_mean_raw,0.9984500000000001,0.98855,0.00990000000000002,0.004507702209031406
HarmBench,3,400,bge-base-en-v1.5,B1b_vs_A1b,B1b_discriminant_mean_whitened,A1b_cosine_whitened,0.9984500000000001,0.998475,-2.4999999999941735e-05,0.8315489568861596
HarmBench,3,400,bge-base-en-v1.5,B1w_vs_B1b,B1w_SigmaW_wh,B1b_SigmaT_wh,0.998775,0.9984500000000001,0.0003249999999999087,0.43197292693838674
HarmBench,3,400,bge-base-en-v1.5,B1b_vs_B1,B1b_SigmaT_wh,B1_raw,0.9984500000000001,0.98855,0.00990000000000002,0.004507702209031406
HarmBench,3,400,bge-base-en-v1.5,B1w_vs_B1,B1w_SigmaW_wh,B1_raw,0.998775,0.98855,0.010224999999999929,0.002333319886565821
HarmBench,4,400,bge-base-en-v1.5,B1b_vs_C1b,B1b_discriminant_mean_whitened,C1b_logreg_whitened,0.9972000000000001,0.9972,1.1102230246251565e-16,0.9999999999996274
HarmBench,4,400,bge-base-en-v1.5,B1_vs_A1,B1_discriminant_mean_raw,A1_naive_cosine_raw,0.989975,0.8883500000000001,0.10162499999999997,5.020428517354958e-12
HarmBench,4,400,bge-base-en-v1.5,B1_vs_C1,B1_discriminant_mean_raw,C1_logreg_raw,0.989975,0.996025,-0.00605,0.000899916798938527
HarmBench,4,400,bge-base-en-v1.5,A3_vs_A1,A3_rsfi_svd_whitened_k20,A1_naive_cosine_raw,0.9036,0.8883500000000001,0.015249999999999875,0.37138963198168007
HarmBench,4,400,bge-base-en-v1.5,B1b_vs_B1,B1b_discriminant_mean_whitened,B1_discriminant_mean_raw,0.9972000000000001,0.989975,0.007225000000000037,0.013839391275563662
HarmBench,4,400,bge-base-en-v1.5,B1b_vs_A1b,B1b_discriminant_mean_whitened,A1b_cosine_whitened,0.9972000000000001,0.9974500000000001,-0.00024999999999997247,0.36843291121042876
HarmBench,4,400,bge-base-en-v1.5,B1w_vs_B1b,B1w_SigmaW_wh,B1b_SigmaT_wh,0.998475,0.9972000000000001,0.001274999999999915,0.027701914025928254
HarmBench,4,400,bge-base-en-v1.5,B1b_vs_B1,B1b_SigmaT_wh,B1_raw,0.9972000000000001,0.989975,0.007225000000000037,0.013839391275563662
HarmBench,4,400,bge-base-en-v1.5,B1w_vs_B1,B1w_SigmaW_wh,B1_raw,0.998475,0.989975,0.008499999999999952,0.003580961625702095
HarmBench,0,400,bge-large-en-v1.5,B1b_vs_C1b,B1b_discriminant_mean_whitened,C1b_logreg_whitened,0.99895,0.998975,-2.4999999999941735e-05,0.7241716396588953
HarmBench,0,400,bge-large-en-v1.5,B1_vs_A1,B1_discriminant_mean_raw,A1_naive_cosine_raw,0.992525,0.934575,0.057949999999999946,9.399849032476482e-08
HarmBench,0,400,bge-large-en-v1.5,B1_vs_C1,B1_discriminant_mean_raw,C1_logreg_raw,0.992525,0.9985,-0.005975000000000064,0.006219977270927046
HarmBench,0,400,bge-large-en-v1.5,A3_vs_A1,A3_rsfi_svd_whitened_k20,A1_naive_cosine_raw,0.9402,0.934575,0.005624999999999991,0.6976328899200956
HarmBench,0,400,bge-large-en-v1.5,B1b_vs_B1,B1b_discriminant_mean_whitened,B1_discriminant_mean_raw,0.99895,0.992525,0.006425000000000014,0.029076336793864677
HarmBench,0,400,bge-large-en-v1.5,B1b_vs_A1b,B1b_discriminant_mean_whitened,A1b_cosine_whitened,0.99895,0.998425,0.0005249999999999977,0.30648310763952713
HarmBench,0,400,bge-large-en-v1.5,B1w_vs_B1b,B1w_SigmaW_wh,B1b_SigmaT_wh,0.9995499999999999,0.99895,0.0005999999999999339,0.19433313688281206
HarmBench,0,400,bge-large-en-v1.5,B1b_vs_B1,B1b_SigmaT_wh,B1_raw,0.99895,0.992525,0.006425000000000014,0.029076336793864677
HarmBench,0,400,bge-large-en-v1.5,B1w_vs_B1,B1w_SigmaW_wh,B1_raw,0.9995499999999999,0.992525,0.007024999999999948,0.01664182821013993
HarmBench,1,400,bge-large-en-v1.5,B1b_vs_C1b,B1b_discriminant_mean_whitened,C1b_logreg_whitened,0.99845,0.9983249999999999,0.00012500000000004174,0.3760836420445146
HarmBench,1,400,bge-large-en-v1.5,B1_vs_A1,B1_discriminant_mean_raw,A1_naive_cosine_raw,0.9934999999999999,0.932825,0.06067499999999992,1.0679495154874985e-07
HarmBench,1,400,bge-large-en-v1.5,B1_vs_C1,B1_discriminant_mean_raw,C1_logreg_raw,0.9934999999999999,0.998275,-0.004775000000000085,0.003624816554731458
HarmBench,1,400,bge-large-en-v1.5,A3_vs_A1,A3_rsfi_svd_whitened_k20,A1_naive_cosine_raw,0.930775,0.932825,-0.0020499999999999963,0.8982189006953292
HarmBench,1,400,bge-large-en-v1.5,B1b_vs_B1,B1b_discriminant_mean_whitened,B1_discriminant_mean_raw,0.99845,0.9934999999999999,0.00495000000000001,0.04077302346831302
HarmBench,1,400,bge-large-en-v1.5,B1b_vs_A1b,B1b_discriminant_mean_whitened,A1b_cosine_whitened,0.99845,0.9984249999999999,2.5000000000052758e-05,0.8554669420912817
HarmBench,1,400,bge-large-en-v1.5,B1w_vs_B1b,B1w_SigmaW_wh,B1b_SigmaT_wh,0.998775,0.99845,0.0003250000000000197,0.2042010970544743
HarmBench,1,400,bge-large-en-v1.5,B1b_vs_B1,B1b_SigmaT_wh,B1_raw,0.99845,0.9934999999999999,0.00495000000000001,0.04077302346831302
HarmBench,1,400,bge-large-en-v1.5,B1w_vs_B1,B1w_SigmaW_wh,B1_raw,0.998775,0.9934999999999999,0.00527500000000003,0.02699422193597667
HarmBench,2,400,bge-large-en-v1.5,B1b_vs_C1b,B1b_discriminant_mean_whitened,C1b_logreg_whitened,0.99875,0.998775,-2.4999999999941735e-05,0.8030110245289721
HarmBench,2,400,bge-large-en-v1.5,B1_vs_A1,B1_discriminant_mean_raw,A1_naive_cosine_raw,0.989525,0.9137375,0.07578750000000001,7.519759703811246e-09
HarmBench,2,400,bge-large-en-v1.5,B1_vs_C1,B1_discriminant_mean_raw,C1_logreg_raw,0.989525,0.99735,-0.007824999999999971,0.003633278797899875
HarmBench,2,400,bge-large-en-v1.5,A3_vs_A1,A3_rsfi_svd_whitened_k20,A1_naive_cosine_raw,0.9131250000000001,0.9137375,-0.0006124999999999048,0.9736987310296545
HarmBench,2,400,bge-large-en-v1.5,B1b_vs_B1,B1b_discriminant_mean_whitened,B1_discriminant_mean_raw,0.99875,0.989525,0.009225000000000039,0.011183052677326
HarmBench,2,400,bge-large-en-v1.5,B1b_vs_A1b,B1b_discriminant_mean_whitened,A1b_cosine_whitened,0.99875,0.998525,0.00022500000000003073,0.3249780530286235
HarmBench,2,400,bge-large-en-v1.5,B1w_vs_B1b,B1w_SigmaW_wh,B1b_SigmaT_wh,0.999125,0.99875,0.0003750000000000142,0.08558871315356131
HarmBench,2,400,bge-large-en-v1.5,B1b_vs_B1,B1b_SigmaT_wh,B1_raw,0.99875,0.989525,0.009225000000000039,0.011183052677326
HarmBench,2,400,bge-large-en-v1.5,B1w_vs_B1,B1w_SigmaW_wh,B1_raw,0.999125,0.989525,0.009600000000000053,0.009037363493923811
HarmBench,3,400,bge-large-en-v1.5,B1b_vs_C1b,B1b_discriminant_mean_whitened,C1b_logreg_whitened,0.9977750000000001,0.997575,0.000200000000000089,0.1271070603843647
HarmBench,3,400,bge-large-en-v1.5,B1_vs_A1,B1_discriminant_mean_raw,A1_naive_cosine_raw,0.9915,0.924575,0.06692500000000001,1.179697139974678e-08
HarmBench,3,400,bge-large-en-v1.5,B1_vs_C1,B1_discriminant_mean_raw,C1_logreg_raw,0.9915,0.9965999999999999,-0.005099999999999882,0.0016299772529486667
HarmBench,3,400,bge-large-en-v1.5,A3_vs_A1,A3_rsfi_svd_whitened_k20,A1_naive_cosine_raw,0.933925,0.924575,0.00934999999999997,0.567044777793134
HarmBench,3,400,bge-large-en-v1.5,B1b_vs_B1,B1b_discriminant_mean_whitened,B1_discriminant_mean_raw,0.9977750000000001,0.9915,0.0062750000000000306,0.02407836073570757
HarmBench,3,400,bge-large-en-v1.5,B1b_vs_A1b,B1b_discriminant_mean_whitened,A1b_cosine_whitened,0.9977750000000001,0.99785,-7.499999999993623e-05,0.6515593103889499
HarmBench,3,400,bge-large-en-v1.5,B1w_vs_B1b,B1w_SigmaW_wh,B1b_SigmaT_wh,0.9982000000000001,0.9977750000000001,0.0004250000000000087,0.10450181476540443
HarmBench,3,400,bge-large-en-v1.5,B1b_vs_B1,B1b_SigmaT_wh,B1_raw,0.9977750000000001,0.9915,0.0062750000000000306,0.02407836073570757
HarmBench,3,400,bge-large-en-v1.5,B1w_vs_B1,B1w_SigmaW_wh,B1_raw,0.9982000000000001,0.9915,0.006700000000000039,0.013439450938551367
HarmBench,4,400,bge-large-en-v1.5,B1b_vs_C1b,B1b_discriminant_mean_whitened,C1b_logreg_whitened,0.9986,0.99865,-4.999999999999449e-05,0.6552065574934964
HarmBench,4,400,bge-large-en-v1.5,B1_vs_A1,B1_discriminant_mean_raw,A1_naive_cosine_raw,0.9884000000000001,0.9252999999999999,0.06310000000000016,5.5287129097081333e-08
HarmBench,4,400,bge-large-en-v1.5,B1_vs_C1,B1_discriminant_mean_raw,C1_logreg_raw,0.9884000000000001,0.9959749999999999,-0.007574999999999887,0.0011173809413036473
HarmBench,4,400,bge-large-en-v1.5,A3_vs_A1,A3_rsfi_svd_whitened_k20,A1_naive_cosine_raw,0.9177749999999999,0.9252999999999999,-0.007525000000000004,0.6449342184637856
HarmBench,4,400,bge-large-en-v1.5,B1b_vs_B1,B1b_discriminant_mean_whitened,B1_discriminant_mean_raw,0.9986,0.9884000000000001,0.010199999999999987,0.004415896161595212
HarmBench,4,400,bge-large-en-v1.5,B1b_vs_A1b,B1b_discriminant_mean_whitened,A1b_cosine_whitened,0.9986,0.998575,2.5000000000052758e-05,0.8600097460765466
HarmBench,4,400,bge-large-en-v1.5,B1w_vs_B1b,B1w_SigmaW_wh,B1b_SigmaT_wh,0.99885,0.9986,0.00024999999999997247,0.36050466438309847
HarmBench,4,400,bge-large-en-v1.5,B1b_vs_B1,B1b_SigmaT_wh,B1_raw,0.9986,0.9884000000000001,0.010199999999999987,0.004415896161595212
HarmBench,4,400,bge-large-en-v1.5,B1w_vs_B1,B1w_SigmaW_wh,B1_raw,0.99885,0.9884000000000001,0.01044999999999996,0.00317447349287292
HarmBench,0,400,Qwen3-Embedding-8B,B1b_vs_C1b,B1b_discriminant_mean_whitened,C1b_logreg_whitened,0.999975,0.999975,0.0,
HarmBench,0,400,Qwen3-Embedding-8B,B1_vs_A1,B1_discriminant_mean_raw,A1_naive_cosine_raw,0.9999,0.850425,0.14947500000000002,1.7763568394002505e-15
HarmBench,0,400,Qwen3-Embedding-8B,B1_vs_C1,B1_discriminant_mean_raw,C1_logreg_raw,0.9999,1.0,-9.999999999998899e-05,0.37037100520089306
HarmBench,0,400,Qwen3-Embedding-8B,A3_vs_A1,A3_rsfi_svd_whitened_k20,A1_naive_cosine_raw,0.9038,0.850425,0.05337500000000006,0.00696751058421885
HarmBench,0,400,Qwen3-Embedding-8B,B1b_vs_B1,B1b_discriminant_mean_whitened,B1_discriminant_mean_raw,0.999975,0.9999,7.499999999993623e-05,0.5226211803104668
HarmBench,0,400,Qwen3-Embedding-8B,B1b_vs_A1b,B1b_discriminant_mean_whitened,A1b_cosine_whitened,0.999975,0.999975,0.0,
HarmBench,0,400,Qwen3-Embedding-8B,B1w_vs_B1b,B1w_SigmaW_wh,B1b_SigmaT_wh,1.0,0.999975,2.5000000000052758e-05,0.47950012218602645
HarmBench,0,400,Qwen3-Embedding-8B,B1b_vs_B1,B1b_SigmaT_wh,B1_raw,0.999975,0.9999,7.499999999993623e-05,0.5226211803104668
HarmBench,0,400,Qwen3-Embedding-8B,B1w_vs_B1,B1w_SigmaW_wh,B1_raw,1.0,0.9999,9.999999999998899e-05,0.37037100520089306
HarmBench,1,400,Qwen3-Embedding-8B,B1b_vs_C1b,B1b_discriminant_mean_whitened,C1b_logreg_whitened,0.999675,0.99975,-7.500000000004725e-05,0.2873254527949427
HarmBench,1,400,Qwen3-Embedding-8B,B1_vs_A1,B1_discriminant_mean_raw,A1_naive_cosine_raw,0.9996499999999999,0.84415,0.15549999999999997,4.440892098500626e-16
HarmBench,1,400,Qwen3-Embedding-8B,B1_vs_C1,B1_discriminant_mean_raw,C1_logreg_raw,0.9996499999999999,1.0,-0.0003500000000000725,0.2755603601137804
HarmBench,1,400,Qwen3-Embedding-8B,A3_vs_A1,A3_rsfi_svd_whitened_k20,A1_naive_cosine_raw,0.896875,0.84415,0.05272500000000002,0.010270692847771157
HarmBench,1,400,Qwen3-Embedding-8B,B1b_vs_B1,B1b_discriminant_mean_whitened,B1_discriminant_mean_raw,0.999675,0.9996499999999999,2.5000000000052758e-05,0.9390159299981535
HarmBench,1,400,Qwen3-Embedding-8B,B1b_vs_A1b,B1b_discriminant_mean_whitened,A1b_cosine_whitened,0.999675,0.999675,0.0,1.0
HarmBench,1,400,Qwen3-Embedding-8B,B1w_vs_B1b,B1w_SigmaW_wh,B1b_SigmaT_wh,0.9997499999999999,0.999675,7.499999999993623e-05,0.28732545279565636
HarmBench,1,400,Qwen3-Embedding-8B,B1b_vs_B1,B1b_SigmaT_wh,B1_raw,0.999675,0.9996499999999999,2.5000000000052758e-05,0.9390159299981535
HarmBench,1,400,Qwen3-Embedding-8B,B1w_vs_B1,B1w_SigmaW_wh,B1_raw,0.9997499999999999,0.9996499999999999,9.999999999998899e-05,0.737609163657442
HarmBench,2,400,Qwen3-Embedding-8B,B1b_vs_C1b,B1b_discriminant_mean_whitened,C1b_logreg_whitened,1.0,1.0,0.0,
HarmBench,2,400,Qwen3-Embedding-8B,B1_vs_A1,B1_discriminant_mean_raw,A1_naive_cosine_raw,0.999875,0.8487,0.15117499999999995,1.1102230246251565e-15
HarmBench,2,400,Qwen3-Embedding-8B,B1_vs_C1,B1_discriminant_mean_raw,C1_logreg_raw,0.999875,1.0,-0.00012500000000004174,0.360504664382886
HarmBench,2,400,Qwen3-Embedding-8B,A3_vs_A1,A3_rsfi_svd_whitened_k20,A1_naive_cosine_raw,0.87515,0.8487,0.026449999999999974,0.20657153163491326
HarmBench,2,400,Qwen3-Embedding-8B,B1b_vs_B1,B1b_discriminant_mean_whitened,B1_discriminant_mean_raw,1.0,0.999875,0.00012500000000004174,0.360504664382886
HarmBench,2,400,Qwen3-Embedding-8B,B1b_vs_A1b,B1b_discriminant_mean_whitened,A1b_cosine_whitened,1.0,1.0,0.0,
HarmBench,2,400,Qwen3-Embedding-8B,B1w_vs_B1b,B1w_SigmaW_wh,B1b_SigmaT_wh,1.0,1.0,0.0,
HarmBench,2,400,Qwen3-Embedding-8B,B1b_vs_B1,B1b_SigmaT_wh,B1_raw,1.0,0.999875,0.00012500000000004174,0.360504664382886
HarmBench,2,400,Qwen3-Embedding-8B,B1w_vs_B1,B1w_SigmaW_wh,B1_raw,1.0,0.999875,0.00012500000000004174,0.360504664382886
HarmBench,3,400,Qwen3-Embedding-8B,B1b_vs_C1b,B1b_discriminant_mean_whitened,C1b_logreg_whitened,0.999525,0.9994999999999999,2.5000000000052758e-05,0.47950012218602645
HarmBench,3,400,Qwen3-Embedding-8B,B1_vs_A1,B1_discriminant_mean_raw,A1_naive_cosine_raw,0.999975,0.824875,0.17509999999999992,0.0
HarmBench,3,400,Qwen3-Embedding-8B,B1_vs_C1,B1_discriminant_mean_raw,C1_logreg_raw,0.999975,1.0,-2.5000000000052758e-05,0.47950012218602645
HarmBench,3,400,Qwen3-Embedding-8B,A3_vs_A1,A3_rsfi_svd_whitened_k20,A1_naive_cosine_raw,0.9132,0.824875,0.08832499999999999,2.9503155338561626e-05
HarmBench,3,400,Qwen3-Embedding-8B,B1b_vs_B1,B1b_discriminant_mean_whitened,B1_discriminant_mean_raw,0.999525,0.999975,-0.00044999999999995044,0.22687938750955627
HarmBench,3,400,Qwen3-Embedding-8B,B1b_vs_A1b,B1b_discriminant_mean_whitened,A1b_cosine_whitened,0.999525,0.999425,9.999999999998899e-05,0.2834886563494359
HarmBench,3,400,Qwen3-Embedding-8B,B1w_vs_B1b,B1w_SigmaW_wh,B1b_SigmaT_wh,0.9996249999999999,0.999525,9.999999999987796e-05,0.283488656349971
HarmBench,3,400,Qwen3-Embedding-8B,B1b_vs_B1,B1b_SigmaT_wh,B1_raw,0.999525,0.999975,-0.00044999999999995044,0.22687938750955627
HarmBench,3,400,Qwen3-Embedding-8B,B1w_vs_B1,B1w_SigmaW_wh,B1_raw,0.9996249999999999,0.999975,-0.0003500000000000725,0.23796615603905935
HarmBench,4,400,Qwen3-Embedding-8B,B1b_vs_C1b,B1b_discriminant_mean_whitened,C1b_logreg_whitened,0.999925,0.99995,-2.5000000000052758e-05,0.47950012218602667
HarmBench,4,400,Qwen3-Embedding-8B,B1_vs_A1,B1_discriminant_mean_raw,A1_naive_cosine_raw,0.999925,0.845175,0.15474999999999994,4.440892098500626e-16
HarmBench,4,400,Qwen3-Embedding-8B,B1_vs_C1,B1_discriminant_mean_raw,C1_logreg_raw,0.999925,0.999925,0.0,1.0
HarmBench,4,400,Qwen3-Embedding-8B,A3_vs_A1,A3_rsfi_svd_whitened_k20,A1_naive_cosine_raw,0.896525,0.845175,0.05135000000000001,0.012148991790925878
HarmBench,4,400,Qwen3-Embedding-8B,B1b_vs_B1,B1b_discriminant_mean_whitened,B1_discriminant_mean_raw,0.999925,0.999925,0.0,1.0
HarmBench,4,400,Qwen3-Embedding-8B,B1b_vs_A1b,B1b_discriminant_mean_whitened,A1b_cosine_whitened,0.999925,0.99985,7.499999999993623e-05,0.3418095162425525
HarmBench,4,400,Qwen3-Embedding-8B,B1w_vs_B1b,B1w_SigmaW_wh,B1b_SigmaT_wh,0.999975,0.999925,4.999999999999449e-05,0.41382484218194593
HarmBench,4,400,Qwen3-Embedding-8B,B1b_vs_B1,B1b_SigmaT_wh,B1_raw,0.999925,0.999925,0.0,1.0
HarmBench,4,400,Qwen3-Embedding-8B,B1w_vs_B1,B1w_SigmaW_wh,B1_raw,0.999975,0.999925,4.999999999999449e-05,0.5933776281025605
