train_ds,target_ds,embedder,method,mean_auc,std_auc
AdvBench,AdvBench,Qwen3-Embedding-8B,A1_raw,0.996875,0.001919716775985467
AdvBench,AdvBench,Qwen3-Embedding-8B,B1_raw,0.9999749999999998,4.330127018920581e-05
AdvBench,AdvBench,Qwen3-Embedding-8B,B1b_SigmaT,0.9999399999999999,5.1841103383289275e-05
AdvBench,AdvBench,Qwen3-Embedding-8B,B1w_SigmaW,0.9999499999999999,7.071067811863715e-05
AdvBench,AdvBench,Qwen3-Embedding-8B,DELONG_B1w_vs_A1,0.09755963293886291,0.045290411627207934
AdvBench,AdvBench,all-mpnet-base-v2,A1_raw,0.99419,0.0014260522430822793
AdvBench,AdvBench,all-mpnet-base-v2,B1_raw,0.9979250000000001,0.0010324424923452405
AdvBench,AdvBench,all-mpnet-base-v2,B1b_SigmaT,0.9986900000000001,0.0006825045787392296
AdvBench,AdvBench,all-mpnet-base-v2,B1w_SigmaW,0.9989049999999999,0.0006440593916713486
AdvBench,AdvBench,all-mpnet-base-v2,DELONG_B1w_vs_A1,0.01667665353676852,0.008366991645943164
AdvBench,AdvBench,bge-base-en-v1.5,A1_raw,0.9909649999999999,0.0014421771735816885
AdvBench,AdvBench,bge-base-en-v1.5,B1_raw,0.997765,0.0010272231987255773
AdvBench,AdvBench,bge-base-en-v1.5,B1b_SigmaT,0.99977,0.00020263884129159728
AdvBench,AdvBench,bge-base-en-v1.5,B1w_SigmaW,0.9998950000000001,0.00014295978455497818
AdvBench,AdvBench,bge-base-en-v1.5,DELONG_B1w_vs_A1,0.00508276662780668,0.00393965476596252
AdvBench,AdvBench,bge-large-en-v1.5,A1_raw,0.996355,0.0008563001810113566
AdvBench,AdvBench,bge-large-en-v1.5,B1_raw,0.9992050000000001,0.0003572464135579445
AdvBench,AdvBench,bge-large-en-v1.5,B1b_SigmaT,0.999555,0.00016143884290960932
AdvBench,AdvBench,bge-large-en-v1.5,B1w_SigmaW,0.9997999999999999,5.590169943752117e-05
AdvBench,AdvBench,bge-large-en-v1.5,DELONG_B1w_vs_A1,0.028104108494981,0.012048349365583856
AdvBench,HarmBench,Qwen3-Embedding-8B,A1_raw,0.7974499999999999,0.013483149205582495
AdvBench,HarmBench,Qwen3-Embedding-8B,B1_raw,0.9359249999999999,0.009516383898309293
AdvBench,HarmBench,Qwen3-Embedding-8B,B1b_SigmaT,0.958855,0.017372773238605276
AdvBench,HarmBench,Qwen3-Embedding-8B,B1w_SigmaW,0.96388,0.015166022880109306
AdvBench,HarmBench,Qwen3-Embedding-8B,DELONG_B1w_vs_A1,3.9470648971473563e-13,7.465060461758644e-13
AdvBench,HarmBench,all-mpnet-base-v2,A1_raw,0.85443,0.018625951317986354
AdvBench,HarmBench,all-mpnet-base-v2,B1_raw,0.9502050000000001,0.008650332363556884
AdvBench,HarmBench,all-mpnet-base-v2,B1b_SigmaT,0.9302400000000001,0.013516825163476822
AdvBench,HarmBench,all-mpnet-base-v2,B1w_SigmaW,0.944825,0.009215306560283293
AdvBench,HarmBench,all-mpnet-base-v2,DELONG_B1w_vs_A1,8.598411766147507e-07,1.0560795854225948e-06
AdvBench,HarmBench,bge-base-en-v1.5,A1_raw,0.8499000000000001,0.0140118811192502
AdvBench,HarmBench,bge-base-en-v1.5,B1_raw,0.9014049999999999,0.01331983248768546
AdvBench,HarmBench,bge-base-en-v1.5,B1b_SigmaT,0.9430099999999999,0.0114971953101615
AdvBench,HarmBench,bge-base-en-v1.5,B1w_SigmaW,0.9503449999999999,0.00946875453795267
AdvBench,HarmBench,bge-base-en-v1.5,DELONG_B1w_vs_A1,3.301488125728724e-06,7.3629269854957694e-06
AdvBench,HarmBench,bge-large-en-v1.5,A1_raw,0.867125,0.011818351725177237
AdvBench,HarmBench,bge-large-en-v1.5,B1_raw,0.91346,0.01669137689047848
AdvBench,HarmBench,bge-large-en-v1.5,B1b_SigmaT,0.896765,0.046943458676369385
AdvBench,HarmBench,bge-large-en-v1.5,B1w_SigmaW,0.9188750000000001,0.03539239413348581
AdvBench,HarmBench,bge-large-en-v1.5,DELONG_B1w_vs_A1,0.07685031000356171,0.10110973100116474
AdvBench,ToxicChat,Qwen3-Embedding-8B,A1_raw,0.7008,0.0131182125306766
AdvBench,ToxicChat,Qwen3-Embedding-8B,B1_raw,0.886185,0.01831131480806329
AdvBench,ToxicChat,Qwen3-Embedding-8B,B1b_SigmaT,0.88368,0.020538130696341344
AdvBench,ToxicChat,Qwen3-Embedding-8B,B1w_SigmaW,0.89219,0.01783121034871157
AdvBench,ToxicChat,Qwen3-Embedding-8B,DELONG_B1w_vs_A1,4.597355118818313e-09,9.991684903377307e-09
AdvBench,ToxicChat,all-mpnet-base-v2,A1_raw,0.8097949999999999,0.022581383372149735
AdvBench,ToxicChat,all-mpnet-base-v2,B1_raw,0.8036300000000001,0.01693079110673806
AdvBench,ToxicChat,all-mpnet-base-v2,B1b_SigmaT,0.7081850000000001,0.05111944835383109
AdvBench,ToxicChat,all-mpnet-base-v2,B1w_SigmaW,0.7257299999999999,0.05156260575746719
AdvBench,ToxicChat,all-mpnet-base-v2,DELONG_B1w_vs_A1,0.16390382678993168,0.3288604873872058
AdvBench,ToxicChat,bge-base-en-v1.5,A1_raw,0.6849350000000001,0.018644491478718318
AdvBench,ToxicChat,bge-base-en-v1.5,B1_raw,0.6593349999999999,0.025226707078015508
AdvBench,ToxicChat,bge-base-en-v1.5,B1b_SigmaT,0.7134050000000001,0.051003098557832756
AdvBench,ToxicChat,bge-base-en-v1.5,B1w_SigmaW,0.71275,0.042700135392057
AdvBench,ToxicChat,bge-base-en-v1.5,DELONG_B1w_vs_A1,0.5320525672229992,0.4530404620963784
AdvBench,ToxicChat,bge-large-en-v1.5,A1_raw,0.76166,0.01771561458149278
AdvBench,ToxicChat,bge-large-en-v1.5,B1_raw,0.7407199999999999,0.023888225394532767
AdvBench,ToxicChat,bge-large-en-v1.5,B1b_SigmaT,0.81369,0.048060689497758956
AdvBench,ToxicChat,bge-large-en-v1.5,B1w_SigmaW,0.82241,0.03436432834350184
AdvBench,ToxicChat,bge-large-en-v1.5,DELONG_B1w_vs_A1,0.10791220442091046,0.0958803796896606
AdvBench,Wild,Qwen3-Embedding-8B,A1_raw,0.7662475,0.04425711401147841
AdvBench,Wild,Qwen3-Embedding-8B,B1_raw,0.7765025,0.027329381796429273
AdvBench,Wild,Qwen3-Embedding-8B,B1b_SigmaT,0.7829824999999999,0.02075380913832444
AdvBench,Wild,Qwen3-Embedding-8B,B1w_SigmaW,0.7857925,0.023407249811757073
AdvBench,Wild,Qwen3-Embedding-8B,DELONG_B1w_vs_A1,0.44645687838016473,0.33480293275543477
AdvBench,Wild,all-mpnet-base-v2,A1_raw,0.5205675,0.022251695160144556
AdvBench,Wild,all-mpnet-base-v2,B1_raw,0.6519524999999999,0.03266780764376452
AdvBench,Wild,all-mpnet-base-v2,B1b_SigmaT,0.6413325,0.027654025475507132
AdvBench,Wild,all-mpnet-base-v2,B1w_SigmaW,0.6539275,0.0321038748634803
AdvBench,Wild,all-mpnet-base-v2,DELONG_B1w_vs_A1,0.0013856833020772733,0.0030826303763530414
AdvBench,Wild,bge-base-en-v1.5,A1_raw,0.5638275,0.024936380613974463
AdvBench,Wild,bge-base-en-v1.5,B1_raw,0.6593075,0.029227903780035265
AdvBench,Wild,bge-base-en-v1.5,B1b_SigmaT,0.64413,0.02592137239566997
AdvBench,Wild,bge-base-en-v1.5,B1w_SigmaW,0.65722,0.029752366765099562
AdvBench,Wild,bge-base-en-v1.5,DELONG_B1w_vs_A1,0.03161593838899962,0.04001222880401168
AdvBench,Wild,bge-large-en-v1.5,A1_raw,0.5900875,0.023675572524756425
AdvBench,Wild,bge-large-en-v1.5,B1_raw,0.6691675,0.03531225730005095
AdvBench,Wild,bge-large-en-v1.5,B1b_SigmaT,0.66611,0.0395169558148778
AdvBench,Wild,bge-large-en-v1.5,B1w_SigmaW,0.6786325,0.044054191237894724
AdvBench,Wild,bge-large-en-v1.5,DELONG_B1w_vs_A1,0.06381523111144805,0.11909299450552989
AdvBench,XSTest,Qwen3-Embedding-8B,A1_raw,0.7759349999999999,0.007009738761180776
AdvBench,XSTest,Qwen3-Embedding-8B,B1_raw,0.8160149999999999,0.005906818094371912
AdvBench,XSTest,Qwen3-Embedding-8B,B1b_SigmaT,0.820775,0.015888567037338507
AdvBench,XSTest,Qwen3-Embedding-8B,B1w_SigmaW,0.8234999999999999,0.012260492955016135
AdvBench,XSTest,Qwen3-Embedding-8B,DELONG_B1w_vs_A1,0.026403376486264462,0.02805744890742192
AdvBench,XSTest,all-mpnet-base-v2,A1_raw,0.758725,0.007228091898973108
AdvBench,XSTest,all-mpnet-base-v2,B1_raw,0.77932,0.006332219200248882
AdvBench,XSTest,all-mpnet-base-v2,B1b_SigmaT,0.748085,0.018243060324408325
AdvBench,XSTest,all-mpnet-base-v2,B1w_SigmaW,0.76338,0.017631234712861175
AdvBench,XSTest,all-mpnet-base-v2,DELONG_B1w_vs_A1,0.40884048012668,0.2807233921803999
AdvBench,XSTest,bge-base-en-v1.5,A1_raw,0.77354,0.006161260017236764
AdvBench,XSTest,bge-base-en-v1.5,B1_raw,0.75996,0.0028879382784263636
AdvBench,XSTest,bge-base-en-v1.5,B1b_SigmaT,0.7139900000000001,0.02571509527495477
AdvBench,XSTest,bge-base-en-v1.5,B1w_SigmaW,0.730715,0.013447148861375791
AdvBench,XSTest,bge-base-en-v1.5,DELONG_B1w_vs_A1,0.05225862530963719,0.0548150318259457
AdvBench,XSTest,bge-large-en-v1.5,A1_raw,0.763445,0.005623483128809069
AdvBench,XSTest,bge-large-en-v1.5,B1_raw,0.768985,0.002717570146288818
AdvBench,XSTest,bge-large-en-v1.5,B1b_SigmaT,0.7115750000000001,0.024187697027621278
AdvBench,XSTest,bge-large-en-v1.5,B1w_SigmaW,0.723855,0.011705079025790517
AdvBench,XSTest,bge-large-en-v1.5,DELONG_B1w_vs_A1,0.07490376835071236,0.07270872993901371
HarmBench,AdvBench,Qwen3-Embedding-8B,A1_raw,0.9724499999999999,0.006765630051961198
HarmBench,AdvBench,Qwen3-Embedding-8B,B1_raw,0.99992,3.708099243544897e-05
HarmBench,AdvBench,Qwen3-Embedding-8B,B1b_SigmaT,0.999615,0.000197325872606725
HarmBench,AdvBench,Qwen3-Embedding-8B,B1w_SigmaW,0.9997,0.00015103807466984928
HarmBench,AdvBench,Qwen3-Embedding-8B,DELONG_B1w_vs_A1,0.00021872679961279805,0.00019045030278685217
HarmBench,AdvBench,all-mpnet-base-v2,A1_raw,0.972705,0.005941469725581399
HarmBench,AdvBench,all-mpnet-base-v2,B1_raw,0.9945,0.0011243053410884257
HarmBench,AdvBench,all-mpnet-base-v2,B1b_SigmaT,0.99649,0.001367662239004972
HarmBench,AdvBench,all-mpnet-base-v2,B1w_SigmaW,0.9973700000000001,0.0013068808285378948
HarmBench,AdvBench,all-mpnet-base-v2,DELONG_B1w_vs_A1,0.0017925855270468274,0.0022840484748403427
HarmBench,AdvBench,bge-base-en-v1.5,A1_raw,0.92727,0.015604340341712594
HarmBench,AdvBench,bge-base-en-v1.5,B1_raw,0.9957049999999998,0.002699328620231308
HarmBench,AdvBench,bge-base-en-v1.5,B1b_SigmaT,0.9957800000000001,0.0015214507878995446
HarmBench,AdvBench,bge-base-en-v1.5,B1w_SigmaW,0.9969300000000001,0.001299326748743353
HarmBench,AdvBench,bge-base-en-v1.5,DELONG_B1w_vs_A1,5.556383280591603e-07,1.1398307176275106e-06
HarmBench,AdvBench,bge-large-en-v1.5,A1_raw,0.9514950000000001,0.013529105199531898
HarmBench,AdvBench,bge-large-en-v1.5,B1_raw,0.9925650000000001,0.003036887798388329
HarmBench,AdvBench,bge-large-en-v1.5,B1b_SigmaT,0.99671,0.0013400792886989878
HarmBench,AdvBench,bge-large-en-v1.5,B1w_SigmaW,0.9972899999999999,0.0012162442188968637
HarmBench,AdvBench,bge-large-en-v1.5,DELONG_B1w_vs_A1,5.435885859942928e-05,7.45765445910472e-05
HarmBench,HarmBench,Qwen3-Embedding-8B,A1_raw,0.842665,0.01026679416858055
HarmBench,HarmBench,Qwen3-Embedding-8B,B1_raw,0.999865,0.00012574776339954486
HarmBench,HarmBench,Qwen3-Embedding-8B,B1b_SigmaT,0.99982,0.00020946360065652822
HarmBench,HarmBench,Qwen3-Embedding-8B,B1w_SigmaW,0.9998699999999999,0.00017266296649831852
HarmBench,HarmBench,Qwen3-Embedding-8B,DELONG_B1w_vs_A1,7.105427357601002e-16,6.161487731364981e-16
HarmBench,HarmBench,all-mpnet-base-v2,A1_raw,0.9459250000000001,0.001750803387019785
HarmBench,HarmBench,all-mpnet-base-v2,B1_raw,0.991615,0.001975601174326477
HarmBench,HarmBench,all-mpnet-base-v2,B1b_SigmaT,0.9983599999999999,0.0006544558808659256
HarmBench,HarmBench,all-mpnet-base-v2,B1w_SigmaW,0.998905,0.0005515319573696678
HarmBench,HarmBench,all-mpnet-base-v2,DELONG_B1w_vs_A1,3.432330357266977e-07,2.754625837466215e-07
HarmBench,HarmBench,bge-base-en-v1.5,A1_raw,0.891615,0.007376029589148911
HarmBench,HarmBench,bge-base-en-v1.5,B1_raw,0.98973,0.0013972517668623097
HarmBench,HarmBench,bge-base-en-v1.5,B1b_SigmaT,0.997155,0.001204730260265732
HarmBench,HarmBench,bge-base-en-v1.5,B1w_SigmaW,0.9979849999999999,0.0011643936190138115
HarmBench,HarmBench,bge-base-en-v1.5,DELONG_B1w_vs_A1,2.8705304799814257e-11,2.9400396069306044e-11
HarmBench,HarmBench,bge-large-en-v1.5,A1_raw,0.9262024999999999,0.008258264799581092
HarmBench,HarmBench,bge-large-en-v1.5,B1_raw,0.99109,0.002104801059482858
HarmBench,HarmBench,bge-large-en-v1.5,B1b_SigmaT,0.998505,0.0004480513363443989
HarmBench,HarmBench,bge-large-en-v1.5,B1w_SigmaW,0.9989000000000001,0.0004952903189039794
HarmBench,HarmBench,bge-large-en-v1.5,DELONG_B1w_vs_A1,2.0254591825974445e-08,1.9827141141128333e-08
HarmBench,ToxicChat,Qwen3-Embedding-8B,A1_raw,0.6610699999999999,0.009714718215161929
HarmBench,ToxicChat,Qwen3-Embedding-8B,B1_raw,0.914565,0.016938672468644098
HarmBench,ToxicChat,Qwen3-Embedding-8B,B1b_SigmaT,0.857655,0.024137033268403166
HarmBench,ToxicChat,Qwen3-Embedding-8B,B1w_SigmaW,0.86344,0.023183834615955988
HarmBench,ToxicChat,Qwen3-Embedding-8B,DELONG_B1w_vs_A1,9.304466259685286e-08,1.4755778922620328e-07
HarmBench,ToxicChat,all-mpnet-base-v2,A1_raw,0.8313600000000001,0.028057210525994875
HarmBench,ToxicChat,all-mpnet-base-v2,B1_raw,0.859375,0.01749288248116929
HarmBench,ToxicChat,all-mpnet-base-v2,B1b_SigmaT,0.778625,0.021471783810387116
HarmBench,ToxicChat,all-mpnet-base-v2,B1w_SigmaW,0.793875,0.01902337378069411
HarmBench,ToxicChat,all-mpnet-base-v2,DELONG_B1w_vs_A1,0.2766132046551143,0.2945648881070814
HarmBench,ToxicChat,bge-base-en-v1.5,A1_raw,0.6894699999999999,0.021414308884481897
HarmBench,ToxicChat,bge-base-en-v1.5,B1_raw,0.7221949999999999,0.02453331535891549
HarmBench,ToxicChat,bge-base-en-v1.5,B1b_SigmaT,0.6871,0.029654299856850464
HarmBench,ToxicChat,bge-base-en-v1.5,B1w_SigmaW,0.7116,0.0276289476817341
HarmBench,ToxicChat,bge-base-en-v1.5,DELONG_B1w_vs_A1,0.45313572951889025,0.261732118785359
HarmBench,ToxicChat,bge-large-en-v1.5,A1_raw,0.74886,0.014247089615075769
HarmBench,ToxicChat,bge-large-en-v1.5,B1_raw,0.7645799999999999,0.014698590493649457
HarmBench,ToxicChat,bge-large-en-v1.5,B1b_SigmaT,0.781025,0.017878714648989723
HarmBench,ToxicChat,bge-large-en-v1.5,B1w_SigmaW,0.797475,0.010222126735665067
HarmBench,ToxicChat,bge-large-en-v1.5,DELONG_B1w_vs_A1,0.14897280916293432,0.2534995589894373
HarmBench,Wild,Qwen3-Embedding-8B,A1_raw,0.7367825,0.052011627756444995
HarmBench,Wild,Qwen3-Embedding-8B,B1_raw,0.7646625,0.021057868556076585
HarmBench,Wild,Qwen3-Embedding-8B,B1b_SigmaT,0.6938375000000001,0.03587136741190674
HarmBench,Wild,Qwen3-Embedding-8B,B1w_SigmaW,0.6971225000000001,0.032946960690631195
HarmBench,Wild,Qwen3-Embedding-8B,DELONG_B1w_vs_A1,0.20995004193215064,0.33265455021544316
HarmBench,Wild,all-mpnet-base-v2,A1_raw,0.5072225,0.01498913252159708
HarmBench,Wild,all-mpnet-base-v2,B1_raw,0.6628875,0.02755331763145778
HarmBench,Wild,all-mpnet-base-v2,B1b_SigmaT,0.5626575,0.02048873470959103
HarmBench,Wild,all-mpnet-base-v2,B1w_SigmaW,0.5768425,0.013945882008679156
HarmBench,Wild,all-mpnet-base-v2,DELONG_B1w_vs_A1,0.05709250032414488,0.03694438454524222
HarmBench,Wild,bge-base-en-v1.5,A1_raw,0.5415575,0.023563525508187386
HarmBench,Wild,bge-base-en-v1.5,B1_raw,0.6636875,0.0260110268083557
HarmBench,Wild,bge-base-en-v1.5,B1b_SigmaT,0.60069,0.05580605183915996
HarmBench,Wild,bge-base-en-v1.5,B1w_SigmaW,0.615625,0.04599226922130507
HarmBench,Wild,bge-base-en-v1.5,DELONG_B1w_vs_A1,0.16812825168246687,0.31476059581763655
HarmBench,Wild,bge-large-en-v1.5,A1_raw,0.5791575,0.02551132193507423
HarmBench,Wild,bge-large-en-v1.5,B1_raw,0.6679975,0.027882103074822032
HarmBench,Wild,bge-large-en-v1.5,B1b_SigmaT,0.614925,0.061583540186278686
HarmBench,Wild,bge-large-en-v1.5,B1w_SigmaW,0.630975,0.06068072245882542
HarmBench,Wild,bge-large-en-v1.5,DELONG_B1w_vs_A1,0.19641690441809548,0.3329109347215335
HarmBench,XSTest,Qwen3-Embedding-8B,A1_raw,0.767,0.006681855094208464
HarmBench,XSTest,Qwen3-Embedding-8B,B1_raw,0.8203099999999999,0.006764073292033364
HarmBench,XSTest,Qwen3-Embedding-8B,B1b_SigmaT,0.8234199999999999,0.009177918473161512
HarmBench,XSTest,Qwen3-Embedding-8B,B1w_SigmaW,0.8278549999999999,0.007941532440278757
HarmBench,XSTest,Qwen3-Embedding-8B,DELONG_B1w_vs_A1,0.01563946868261922,0.012409788437378293
HarmBench,XSTest,all-mpnet-base-v2,A1_raw,0.755495,0.007256385119327707
HarmBench,XSTest,all-mpnet-base-v2,B1_raw,0.79552,0.007411043280132734
HarmBench,XSTest,all-mpnet-base-v2,B1b_SigmaT,0.8032299999999999,0.014877598512528858
HarmBench,XSTest,all-mpnet-base-v2,B1w_SigmaW,0.8138,0.011770102484685524
HarmBench,XSTest,all-mpnet-base-v2,DELONG_B1w_vs_A1,0.005628994628540119,0.007137410998453735
HarmBench,XSTest,bge-base-en-v1.5,A1_raw,0.7689549999999999,0.00926659659745693
HarmBench,XSTest,bge-base-en-v1.5,B1_raw,0.7525,0.004548213935161822
HarmBench,XSTest,bge-base-en-v1.5,B1b_SigmaT,0.70753,0.02815493629010731
HarmBench,XSTest,bge-base-en-v1.5,B1w_SigmaW,0.72862,0.029946109931007728
HarmBench,XSTest,bge-base-en-v1.5,DELONG_B1w_vs_A1,0.2740270622163414,0.2828643013277536
HarmBench,XSTest,bge-large-en-v1.5,A1_raw,0.751835,0.005699660077583621
HarmBench,XSTest,bge-large-en-v1.5,B1_raw,0.75682,0.00505090957155247
HarmBench,XSTest,bge-large-en-v1.5,B1b_SigmaT,0.67766,0.03450238035266553
HarmBench,XSTest,bge-large-en-v1.5,B1w_SigmaW,0.69936,0.02957635563249803
HarmBench,XSTest,bge-large-en-v1.5,DELONG_B1w_vs_A1,0.15818896359402154,0.15004483023577034
ToxicChat,AdvBench,Qwen3-Embedding-8B,A1_raw,0.8520749999999999,0.012461026743410873
ToxicChat,AdvBench,Qwen3-Embedding-8B,B1_raw,0.962245,0.014108977638369097
ToxicChat,AdvBench,Qwen3-Embedding-8B,B1b_SigmaT,0.9902050000000001,0.008971054146531545
ToxicChat,AdvBench,Qwen3-Embedding-8B,B1w_SigmaW,0.993835,0.005717560668676842
ToxicChat,AdvBench,Qwen3-Embedding-8B,DELONG_B1w_vs_A1,8.529177364380304e-13,9.868800805328566e-13
ToxicChat,AdvBench,all-mpnet-base-v2,A1_raw,0.85686,0.021659752422407797
ToxicChat,AdvBench,all-mpnet-base-v2,B1_raw,0.9157,0.014033765086390754
ToxicChat,AdvBench,all-mpnet-base-v2,B1b_SigmaT,0.9667199999999999,0.01884308062658548
ToxicChat,AdvBench,all-mpnet-base-v2,B1w_SigmaW,0.9730650000000001,0.01613383091519186
ToxicChat,AdvBench,all-mpnet-base-v2,DELONG_B1w_vs_A1,2.9267133557270166e-05,6.544322568719573e-05
ToxicChat,AdvBench,bge-base-en-v1.5,A1_raw,0.72117,0.025314733852047543
ToxicChat,AdvBench,bge-base-en-v1.5,B1_raw,0.746275,0.03910183020013259
ToxicChat,AdvBench,bge-base-en-v1.5,B1b_SigmaT,0.93847,0.03223369452141653
ToxicChat,AdvBench,bge-base-en-v1.5,B1w_SigmaW,0.94451,0.028953721695146553
ToxicChat,AdvBench,bge-base-en-v1.5,DELONG_B1w_vs_A1,1.3322676295501878e-16,1.9860273225978183e-16
ToxicChat,AdvBench,bge-large-en-v1.5,A1_raw,0.82729,0.023977688848177147
ToxicChat,AdvBench,bge-large-en-v1.5,B1_raw,0.865865,0.03023422419213035
ToxicChat,AdvBench,bge-large-en-v1.5,B1b_SigmaT,0.956885,0.029034067274496655
ToxicChat,AdvBench,bge-large-en-v1.5,B1w_SigmaW,0.9665050000000001,0.02279944078261567
ToxicChat,AdvBench,bge-large-en-v1.5,DELONG_B1w_vs_A1,6.523693390877766e-05,0.00014587420998018785
ToxicChat,HarmBench,Qwen3-Embedding-8B,A1_raw,0.6603,0.01690234820964236
ToxicChat,HarmBench,Qwen3-Embedding-8B,B1_raw,0.8805349999999998,0.012345338188968288
ToxicChat,HarmBench,Qwen3-Embedding-8B,B1b_SigmaT,0.8998900000000001,0.029691458157187135
ToxicChat,HarmBench,Qwen3-Embedding-8B,B1w_SigmaW,0.9075899999999999,0.02585055971347619
ToxicChat,HarmBench,Qwen3-Embedding-8B,DELONG_B1w_vs_A1,2.1277646311546047e-12,4.757826355381463e-12
ToxicChat,HarmBench,all-mpnet-base-v2,A1_raw,0.761565,0.00945604304135717
ToxicChat,HarmBench,all-mpnet-base-v2,B1_raw,0.85775,0.009480390946580267
ToxicChat,HarmBench,all-mpnet-base-v2,B1b_SigmaT,0.8560800000000001,0.046701801357121125
ToxicChat,HarmBench,all-mpnet-base-v2,B1w_SigmaW,0.8785149999999999,0.03745770364691353
ToxicChat,HarmBench,all-mpnet-base-v2,DELONG_B1w_vs_A1,0.002625662221955709,0.005817075918979067
ToxicChat,HarmBench,bge-base-en-v1.5,A1_raw,0.71048,0.01744142339374856
ToxicChat,HarmBench,bge-base-en-v1.5,B1_raw,0.69699,0.027895421891414363
ToxicChat,HarmBench,bge-base-en-v1.5,B1b_SigmaT,0.8404999999999999,0.05107736778652555
ToxicChat,HarmBench,bge-base-en-v1.5,B1w_SigmaW,0.848295,0.05091616700518606
ToxicChat,HarmBench,bge-base-en-v1.5,DELONG_B1w_vs_A1,0.0004418752408648312,0.0006139748897656873
ToxicChat,HarmBench,bge-large-en-v1.5,A1_raw,0.761555,0.012121422152536398
ToxicChat,HarmBench,bge-large-en-v1.5,B1_raw,0.7691600000000001,0.012037215728730647
ToxicChat,HarmBench,bge-large-en-v1.5,B1b_SigmaT,0.8449349999999999,0.04380609475289934
ToxicChat,HarmBench,bge-large-en-v1.5,B1w_SigmaW,0.85344,0.039016409208178025
ToxicChat,HarmBench,bge-large-en-v1.5,DELONG_B1w_vs_A1,0.011746708389253482,0.020704138040131957
ToxicChat,ToxicChat,Qwen3-Embedding-8B,A1_raw,0.8031413043478259,0.004024106970405002
ToxicChat,ToxicChat,Qwen3-Embedding-8B,B1_raw,0.9678097826086957,0.004223537724715874
ToxicChat,ToxicChat,Qwen3-Embedding-8B,B1b_SigmaT,0.9714021739130436,0.004176153935931646
ToxicChat,ToxicChat,Qwen3-Embedding-8B,B1w_SigmaW,0.9749239130434783,0.002919292858544842
ToxicChat,ToxicChat,Qwen3-Embedding-8B,DELONG_B1w_vs_A1,3.819167204710538e-15,4.953635486491825e-15
ToxicChat,ToxicChat,all-mpnet-base-v2,A1_raw,0.9167119565217391,0.008970375820871434
ToxicChat,ToxicChat,all-mpnet-base-v2,B1_raw,0.9530108695652174,0.005209261101992738
ToxicChat,ToxicChat,all-mpnet-base-v2,B1b_SigmaT,0.9624728260869567,0.0016272614045195327
ToxicChat,ToxicChat,all-mpnet-base-v2,B1w_SigmaW,0.9687989130434783,0.003936908280620545
ToxicChat,ToxicChat,all-mpnet-base-v2,DELONG_B1w_vs_A1,2.072982656633471e-05,2.558183250444923e-05
ToxicChat,ToxicChat,bge-base-en-v1.5,A1_raw,0.8755760869565217,0.011555311526746168
ToxicChat,ToxicChat,bge-base-en-v1.5,B1_raw,0.9497934782608695,0.0068437973397383785
ToxicChat,ToxicChat,bge-base-en-v1.5,B1b_SigmaT,0.9525,0.009341820618935714
ToxicChat,ToxicChat,bge-base-en-v1.5,B1w_SigmaW,0.9621467391304348,0.007437664312492938
ToxicChat,ToxicChat,bge-base-en-v1.5,DELONG_B1w_vs_A1,1.6728484607320126e-06,2.3039263435160705e-06
ToxicChat,ToxicChat,bge-large-en-v1.5,A1_raw,0.8792228260869566,0.00820329532746926
ToxicChat,ToxicChat,bge-large-en-v1.5,B1_raw,0.9560434782608696,0.003219655765247605
ToxicChat,ToxicChat,bge-large-en-v1.5,B1b_SigmaT,0.9548858695652174,0.005793507575992386
ToxicChat,ToxicChat,bge-large-en-v1.5,B1w_SigmaW,0.9636304347826087,0.0036067982996668456
ToxicChat,ToxicChat,bge-large-en-v1.5,DELONG_B1w_vs_A1,3.81159585760571e-07,3.570520230664122e-07
ToxicChat,Wild,Qwen3-Embedding-8B,A1_raw,0.7734375,0.044715633626562855
ToxicChat,Wild,Qwen3-Embedding-8B,B1_raw,0.7817275,0.01646241790032677
ToxicChat,Wild,Qwen3-Embedding-8B,B1b_SigmaT,0.8070425,0.030037598314445847
ToxicChat,Wild,Qwen3-Embedding-8B,B1w_SigmaW,0.8123574999999998,0.0320953250587216
ToxicChat,Wild,Qwen3-Embedding-8B,DELONG_B1w_vs_A1,0.2544910941281899,0.3665829271648256
ToxicChat,Wild,all-mpnet-base-v2,A1_raw,0.6905375,0.0070871141870298675
ToxicChat,Wild,all-mpnet-base-v2,B1_raw,0.7456075,0.012870040306852234
ToxicChat,Wild,all-mpnet-base-v2,B1b_SigmaT,0.7861925,0.020977245112263957
ToxicChat,Wild,all-mpnet-base-v2,B1w_SigmaW,0.7788275,0.015892643738535155
ToxicChat,Wild,all-mpnet-base-v2,DELONG_B1w_vs_A1,0.0003769464697422275,0.0006682156771724971
ToxicChat,Wild,bge-base-en-v1.5,A1_raw,0.6810674999999999,0.0029112470480878293
ToxicChat,Wild,bge-base-en-v1.5,B1_raw,0.7174225,0.009640666632811216
ToxicChat,Wild,bge-base-en-v1.5,B1b_SigmaT,0.7815350000000001,0.02371495341814954
ToxicChat,Wild,bge-base-en-v1.5,B1w_SigmaW,0.78228,0.025213560649479907
ToxicChat,Wild,bge-base-en-v1.5,DELONG_B1w_vs_A1,0.0035601148037716504,0.007922287177848682
ToxicChat,Wild,bge-large-en-v1.5,A1_raw,0.6817624999999999,0.020669756363465044
ToxicChat,Wild,bge-large-en-v1.5,B1_raw,0.7167475,0.01813285045504432
ToxicChat,Wild,bge-large-en-v1.5,B1b_SigmaT,0.788925,0.017914896472628547
ToxicChat,Wild,bge-large-en-v1.5,B1w_SigmaW,0.789325,0.01861187247095253
ToxicChat,Wild,bge-large-en-v1.5,DELONG_B1w_vs_A1,0.006068440187047263,0.01356613384491551
ToxicChat,XSTest,Qwen3-Embedding-8B,A1_raw,0.7283099999999999,0.00773592673827774
ToxicChat,XSTest,Qwen3-Embedding-8B,B1_raw,0.728485,0.013449286691122282
ToxicChat,XSTest,Qwen3-Embedding-8B,B1b_SigmaT,0.748265,0.017388076014901718
ToxicChat,XSTest,Qwen3-Embedding-8B,B1w_SigmaW,0.763385,0.01911344095133053
ToxicChat,XSTest,Qwen3-Embedding-8B,DELONG_B1w_vs_A1,0.23707200341403686,0.2067008425730832
ToxicChat,XSTest,all-mpnet-base-v2,A1_raw,0.72336,0.00895655486222244
ToxicChat,XSTest,all-mpnet-base-v2,B1_raw,0.750565,0.00947670828927425
ToxicChat,XSTest,all-mpnet-base-v2,B1b_SigmaT,0.7579149999999999,0.018313123709515006
ToxicChat,XSTest,all-mpnet-base-v2,B1w_SigmaW,0.769055,0.013051716841090358
ToxicChat,XSTest,all-mpnet-base-v2,DELONG_B1w_vs_A1,0.029644193367132442,0.02429261812149273
ToxicChat,XSTest,bge-base-en-v1.5,A1_raw,0.7643600000000002,0.007640815565108224
ToxicChat,XSTest,bge-base-en-v1.5,B1_raw,0.663715,0.011663841026865919
ToxicChat,XSTest,bge-base-en-v1.5,B1b_SigmaT,0.69895,0.02942428843659603
ToxicChat,XSTest,bge-base-en-v1.5,B1w_SigmaW,0.7154999999999999,0.025424262526177577
ToxicChat,XSTest,bge-base-en-v1.5,DELONG_B1w_vs_A1,0.16638348760555738,0.28938153836526076
ToxicChat,XSTest,bge-large-en-v1.5,A1_raw,0.74363,0.007902717096037298
ToxicChat,XSTest,bge-large-en-v1.5,B1_raw,0.687275,0.014496712989502222
ToxicChat,XSTest,bge-large-en-v1.5,B1b_SigmaT,0.71484,0.016857820885274603
ToxicChat,XSTest,bge-large-en-v1.5,B1w_SigmaW,0.7326699999999999,0.015115104200765502
ToxicChat,XSTest,bge-large-en-v1.5,DELONG_B1w_vs_A1,0.545717737135576,0.18605369629297608
Wild,AdvBench,Qwen3-Embedding-8B,A1_raw,0.783825,0.008468323328735174
Wild,AdvBench,Qwen3-Embedding-8B,B1_raw,0.9545999999999999,0.006648966085039088
Wild,AdvBench,Qwen3-Embedding-8B,B1b_SigmaT,0.672485,0.15520959880915872
Wild,AdvBench,Qwen3-Embedding-8B,B1w_SigmaW,0.720065,0.1333888589331958
Wild,AdvBench,Qwen3-Embedding-8B,DELONG_B1w_vs_A1,0.13242870357015252,0.18773884099236698
Wild,AdvBench,all-mpnet-base-v2,A1_raw,0.813705,0.02213007992529622
Wild,AdvBench,all-mpnet-base-v2,B1_raw,0.77583,0.04456308169325816
Wild,AdvBench,all-mpnet-base-v2,B1b_SigmaT,0.49304000000000003,0.12243580409749433
Wild,AdvBench,all-mpnet-base-v2,B1w_SigmaW,0.50982,0.1204962258226373
Wild,AdvBench,all-mpnet-base-v2,DELONG_B1w_vs_A1,7.582060046473772e-09,1.6948051417632728e-08
Wild,AdvBench,bge-base-en-v1.5,A1_raw,0.7451399999999999,0.03406712858460483
Wild,AdvBench,bge-base-en-v1.5,B1_raw,0.74353,0.04980873229163735
Wild,AdvBench,bge-base-en-v1.5,B1b_SigmaT,0.62768,0.13223452106957548
Wild,AdvBench,bge-base-en-v1.5,B1w_SigmaW,0.63254,0.12355596732857542
Wild,AdvBench,bge-base-en-v1.5,DELONG_B1w_vs_A1,0.09870616132770749,0.14918008050256712
Wild,AdvBench,bge-large-en-v1.5,A1_raw,0.8157949999999999,0.02672551098669587
Wild,AdvBench,bge-large-en-v1.5,B1_raw,0.79145,0.049501502502449356
Wild,AdvBench,bge-large-en-v1.5,B1b_SigmaT,0.5917600000000001,0.167907071210536
Wild,AdvBench,bge-large-en-v1.5,B1w_SigmaW,0.60246,0.16458561373947603
Wild,AdvBench,bge-large-en-v1.5,DELONG_B1w_vs_A1,0.17593391260563082,0.3933823094706152
Wild,HarmBench,Qwen3-Embedding-8B,A1_raw,0.59991,0.009847423520901297
Wild,HarmBench,Qwen3-Embedding-8B,B1_raw,0.799825,0.022697914276426423
Wild,HarmBench,Qwen3-Embedding-8B,B1b_SigmaT,0.60328,0.11323050108076006
Wild,HarmBench,Qwen3-Embedding-8B,B1w_SigmaW,0.629155,0.11600444280285126
Wild,HarmBench,Qwen3-Embedding-8B,DELONG_B1w_vs_A1,0.07122308956371573,0.1001531025167431
Wild,HarmBench,all-mpnet-base-v2,A1_raw,0.692375,0.015265934298299588
Wild,HarmBench,all-mpnet-base-v2,B1_raw,0.7032849999999999,0.03233322884433287
Wild,HarmBench,all-mpnet-base-v2,B1b_SigmaT,0.56045,0.08579044235810883
Wild,HarmBench,all-mpnet-base-v2,B1w_SigmaW,0.569885,0.09412367628551277
Wild,HarmBench,all-mpnet-base-v2,DELONG_B1w_vs_A1,0.17507722393320885,0.3778424407591988
Wild,HarmBench,bge-base-en-v1.5,A1_raw,0.682225,0.01129027512950857
Wild,HarmBench,bge-base-en-v1.5,B1_raw,0.670965,0.027427521534035826
Wild,HarmBench,bge-base-en-v1.5,B1b_SigmaT,0.558925,0.10242588326443665
Wild,HarmBench,bge-base-en-v1.5,B1w_SigmaW,0.5632900000000001,0.09923403933378913
Wild,HarmBench,bge-base-en-v1.5,DELONG_B1w_vs_A1,0.01939896532848622,0.03536035324472936
Wild,HarmBench,bge-large-en-v1.5,A1_raw,0.741115,0.011292054728879104
Wild,HarmBench,bge-large-en-v1.5,B1_raw,0.739875,0.03394683803390235
Wild,HarmBench,bge-large-en-v1.5,B1b_SigmaT,0.60113,0.1032887569510835
Wild,HarmBench,bge-large-en-v1.5,B1w_SigmaW,0.6180100000000001,0.10272693110864356
Wild,HarmBench,bge-large-en-v1.5,DELONG_B1w_vs_A1,0.10844015873676394,0.1895130212876038
Wild,ToxicChat,Qwen3-Embedding-8B,A1_raw,0.631525,0.0177653806601491
Wild,ToxicChat,Qwen3-Embedding-8B,B1_raw,0.8584250000000001,0.02712252868926497
Wild,ToxicChat,Qwen3-Embedding-8B,B1b_SigmaT,0.7063649999999999,0.032607378382813954
Wild,ToxicChat,Qwen3-Embedding-8B,B1w_SigmaW,0.7403299999999999,0.028496970233693294
Wild,ToxicChat,Qwen3-Embedding-8B,DELONG_B1w_vs_A1,0.009093077351141163,0.014429930476171178
Wild,ToxicChat,all-mpnet-base-v2,A1_raw,0.750135,0.02122163253616462
Wild,ToxicChat,all-mpnet-base-v2,B1_raw,0.676635,0.023432140053780845
Wild,ToxicChat,all-mpnet-base-v2,B1b_SigmaT,0.6769749999999999,0.047587527909106545
Wild,ToxicChat,all-mpnet-base-v2,B1w_SigmaW,0.70277,0.044956031992381115
Wild,ToxicChat,all-mpnet-base-v2,DELONG_B1w_vs_A1,0.4300107169814568,0.3927750719150603
Wild,ToxicChat,bge-base-en-v1.5,A1_raw,0.73716,0.014156520140910353
Wild,ToxicChat,bge-base-en-v1.5,B1_raw,0.7123899999999999,0.030007075207357348
Wild,ToxicChat,bge-base-en-v1.5,B1b_SigmaT,0.70225,0.053597834028064895
Wild,ToxicChat,bge-base-en-v1.5,B1w_SigmaW,0.72523,0.059023232713906866
Wild,ToxicChat,bge-base-en-v1.5,DELONG_B1w_vs_A1,0.3298505893087038,0.4335133880740202
Wild,ToxicChat,bge-large-en-v1.5,A1_raw,0.73244,0.01300418922886004
Wild,ToxicChat,bge-large-en-v1.5,B1_raw,0.697885,0.032776475939307465
Wild,ToxicChat,bge-large-en-v1.5,B1b_SigmaT,0.715725,0.06087980730504982
Wild,ToxicChat,bge-large-en-v1.5,B1w_SigmaW,0.7476050000000001,0.06181594505060974
Wild,ToxicChat,bge-large-en-v1.5,DELONG_B1w_vs_A1,0.307609050690698,0.393223919043146
Wild,Wild,Qwen3-Embedding-8B,A1_raw,0.8035225,0.02396605411827316
Wild,Wild,Qwen3-Embedding-8B,B1_raw,0.8846425,0.02312159366804114
Wild,Wild,Qwen3-Embedding-8B,B1b_SigmaT,0.8376175,0.017807270284914536
Wild,Wild,Qwen3-Embedding-8B,B1w_SigmaW,0.8532875000000001,0.019951166945820477
Wild,Wild,Qwen3-Embedding-8B,DELONG_B1w_vs_A1,0.03443867430041178,0.03498450022593777
Wild,Wild,all-mpnet-base-v2,A1_raw,0.79242,0.029316175942216596
Wild,Wild,all-mpnet-base-v2,B1_raw,0.8740249999999999,0.026770866569369816
Wild,Wild,all-mpnet-base-v2,B1b_SigmaT,0.831385,0.01374764297979836
Wild,Wild,all-mpnet-base-v2,B1w_SigmaW,0.851755,0.016369649889353192
Wild,Wild,all-mpnet-base-v2,DELONG_B1w_vs_A1,0.041503655635348705,0.08465672649303049
Wild,Wild,bge-base-en-v1.5,A1_raw,0.786655,0.029047725545642916
Wild,Wild,bge-base-en-v1.5,B1_raw,0.8761099999999999,0.02366370077513237
Wild,Wild,bge-base-en-v1.5,B1b_SigmaT,0.8480425,0.008853449186616501
Wild,Wild,bge-base-en-v1.5,B1w_SigmaW,0.8671475,0.010193167135390268
Wild,Wild,bge-base-en-v1.5,DELONG_B1w_vs_A1,0.002072100771551108,0.0038177455647750206
Wild,Wild,bge-large-en-v1.5,A1_raw,0.778825,0.02339054797081506
Wild,Wild,bge-large-en-v1.5,B1_raw,0.88401,0.021679878704111765
Wild,Wild,bge-large-en-v1.5,B1b_SigmaT,0.8398925,0.009003643359773855
Wild,Wild,bge-large-en-v1.5,B1w_SigmaW,0.8567075,0.004764661582945809
Wild,Wild,bge-large-en-v1.5,DELONG_B1w_vs_A1,0.01208506165946371,0.020305824730080163
Wild,XSTest,Qwen3-Embedding-8B,A1_raw,0.71541,0.005681015534215701
Wild,XSTest,Qwen3-Embedding-8B,B1_raw,0.715765,0.03347924543653868
Wild,XSTest,Qwen3-Embedding-8B,B1b_SigmaT,0.56071,0.04534981601395974
Wild,XSTest,Qwen3-Embedding-8B,B1w_SigmaW,0.575415,0.047072485992350185
Wild,XSTest,Qwen3-Embedding-8B,DELONG_B1w_vs_A1,0.0017744674321965067,0.0023264499204391836
Wild,XSTest,all-mpnet-base-v2,A1_raw,0.62923,0.01367599859242461
Wild,XSTest,all-mpnet-base-v2,B1_raw,0.59118,0.038825665641428475
Wild,XSTest,all-mpnet-base-v2,B1b_SigmaT,0.563805,0.07851759038584923
Wild,XSTest,all-mpnet-base-v2,B1w_SigmaW,0.571795,0.0769018701007979
Wild,XSTest,all-mpnet-base-v2,DELONG_B1w_vs_A1,0.23942725135383186,0.302872497770471
Wild,XSTest,bge-base-en-v1.5,A1_raw,0.720875,0.014881805166040854
Wild,XSTest,bge-base-en-v1.5,B1_raw,0.50403,0.018438744873228243
Wild,XSTest,bge-base-en-v1.5,B1b_SigmaT,0.58041,0.06579962148447359
Wild,XSTest,bge-base-en-v1.5,B1w_SigmaW,0.57722,0.05982236308438514
Wild,XSTest,bge-base-en-v1.5,DELONG_B1w_vs_A1,0.0016446607061987577,0.0030532675538330915
Wild,XSTest,bge-large-en-v1.5,A1_raw,0.700755,0.01132350155649746
Wild,XSTest,bge-large-en-v1.5,B1_raw,0.51065,0.02241794063913989
Wild,XSTest,bge-large-en-v1.5,B1b_SigmaT,0.550475,0.05339228057500451
Wild,XSTest,bge-large-en-v1.5,B1w_SigmaW,0.5461050000000001,0.044911445506685646
Wild,XSTest,bge-large-en-v1.5,DELONG_B1w_vs_A1,0.003137681438633538,0.00676347736729018
XSTest,AdvBench,Qwen3-Embedding-8B,A1_raw,0.8814949999999999,0.00783602258802255
XSTest,AdvBench,Qwen3-Embedding-8B,B1_raw,0.998465,0.0003978850336466704
XSTest,AdvBench,Qwen3-Embedding-8B,B1b_SigmaT,0.931645,0.02406875827706949
XSTest,AdvBench,Qwen3-Embedding-8B,B1w_SigmaW,0.946815,0.018746312970821744
XSTest,AdvBench,Qwen3-Embedding-8B,DELONG_B1w_vs_A1,0.010051945453713155,0.022314916663851728
XSTest,AdvBench,all-mpnet-base-v2,A1_raw,0.988645,0.003272919186292272
XSTest,AdvBench,all-mpnet-base-v2,B1_raw,0.994165,0.0013533061368367065
XSTest,AdvBench,all-mpnet-base-v2,B1b_SigmaT,0.9544,0.015540039012177575
XSTest,AdvBench,all-mpnet-base-v2,B1w_SigmaW,0.963245,0.012312765225569795
XSTest,AdvBench,all-mpnet-base-v2,DELONG_B1w_vs_A1,0.02002150779819214,0.02305526285004917
XSTest,AdvBench,bge-base-en-v1.5,A1_raw,0.95572,0.006108303774371419
XSTest,AdvBench,bge-base-en-v1.5,B1_raw,0.97889,0.003938813273055749
XSTest,AdvBench,bge-base-en-v1.5,B1b_SigmaT,0.8906050000000001,0.015166404072818293
XSTest,AdvBench,bge-base-en-v1.5,B1w_SigmaW,0.914335,0.013387244395318975
XSTest,AdvBench,bge-base-en-v1.5,DELONG_B1w_vs_A1,0.006952836062424179,0.011676580893054704
XSTest,AdvBench,bge-large-en-v1.5,A1_raw,0.9871800000000001,0.003075375993273038
XSTest,AdvBench,bge-large-en-v1.5,B1_raw,0.9879049999999999,0.0017996006501443756
XSTest,AdvBench,bge-large-en-v1.5,B1b_SigmaT,0.91982,0.013533804897367194
XSTest,AdvBench,bge-large-en-v1.5,B1w_SigmaW,0.9357849999999999,0.011126946458934766
XSTest,AdvBench,bge-large-en-v1.5,DELONG_B1w_vs_A1,1.0725487056806316e-05,1.9145236640520805e-05
XSTest,HarmBench,Qwen3-Embedding-8B,A1_raw,0.6569999999999999,0.01719562989541243
XSTest,HarmBench,Qwen3-Embedding-8B,B1_raw,0.873725,0.014127477658803806
XSTest,HarmBench,Qwen3-Embedding-8B,B1b_SigmaT,0.791315,0.031783258171559435
XSTest,HarmBench,Qwen3-Embedding-8B,B1w_SigmaW,0.807175,0.029875214434376865
XSTest,HarmBench,Qwen3-Embedding-8B,DELONG_B1w_vs_A1,8.737937966518672e-07,1.8720487805781211e-06
XSTest,HarmBench,all-mpnet-base-v2,A1_raw,0.8172750000000001,0.008248825673997455
XSTest,HarmBench,all-mpnet-base-v2,B1_raw,0.90161,0.005398859833335116
XSTest,HarmBench,all-mpnet-base-v2,B1b_SigmaT,0.8356600000000001,0.022436992334089686
XSTest,HarmBench,all-mpnet-base-v2,B1w_SigmaW,0.84191,0.022166617637790407
XSTest,HarmBench,all-mpnet-base-v2,DELONG_B1w_vs_A1,0.43437470625882807,0.3163585150594633
XSTest,HarmBench,bge-base-en-v1.5,A1_raw,0.84612,0.011831623409321269
XSTest,HarmBench,bge-base-en-v1.5,B1_raw,0.8244849999999999,0.009872335083454116
XSTest,HarmBench,bge-base-en-v1.5,B1b_SigmaT,0.6859500000000001,0.0278601586050762
XSTest,HarmBench,bge-base-en-v1.5,B1w_SigmaW,0.72383,0.0285428044785372
XSTest,HarmBench,bge-base-en-v1.5,DELONG_B1w_vs_A1,3.199284102007831e-05,6.2897423213483e-05
XSTest,HarmBench,bge-large-en-v1.5,A1_raw,0.8851800000000001,0.009816733163328858
XSTest,HarmBench,bge-large-en-v1.5,B1_raw,0.84968,0.005491681208883054
XSTest,HarmBench,bge-large-en-v1.5,B1b_SigmaT,0.84855,0.013292338018573033
XSTest,HarmBench,bge-large-en-v1.5,B1w_SigmaW,0.8542249999999999,0.011465355424059062
XSTest,HarmBench,bge-large-en-v1.5,DELONG_B1w_vs_A1,0.16143882554658,0.16654601980670936
XSTest,ToxicChat,Qwen3-Embedding-8B,A1_raw,0.6179175,0.01649508828409232
XSTest,ToxicChat,Qwen3-Embedding-8B,B1_raw,0.8045449999999998,0.010842471466413884
XSTest,ToxicChat,Qwen3-Embedding-8B,B1b_SigmaT,0.6117049999999999,0.048037135374624465
XSTest,ToxicChat,Qwen3-Embedding-8B,B1w_SigmaW,0.6178,0.04771681438444937
XSTest,ToxicChat,Qwen3-Embedding-8B,DELONG_B1w_vs_A1,0.3195279094465419,0.2728144293371642
XSTest,ToxicChat,all-mpnet-base-v2,A1_raw,0.855955,0.01455702579512726
XSTest,ToxicChat,all-mpnet-base-v2,B1_raw,0.86356,0.013868372290935974
XSTest,ToxicChat,all-mpnet-base-v2,B1b_SigmaT,0.61608,0.0275498321229005
XSTest,ToxicChat,all-mpnet-base-v2,B1w_SigmaW,0.6416700000000001,0.03827099668809262
XSTest,ToxicChat,all-mpnet-base-v2,DELONG_B1w_vs_A1,3.9203396084985796e-11,8.762322944925204e-11
XSTest,ToxicChat,bge-base-en-v1.5,A1_raw,0.79532,0.009705014811941243
XSTest,ToxicChat,bge-base-en-v1.5,B1_raw,0.739105,0.015404579270463719
XSTest,ToxicChat,bge-base-en-v1.5,B1b_SigmaT,0.56577,0.03900757698832369
XSTest,ToxicChat,bge-base-en-v1.5,B1w_SigmaW,0.60118,0.030904567825808547
XSTest,ToxicChat,bge-base-en-v1.5,DELONG_B1w_vs_A1,1.5107117068424714e-07,3.2923428019839487e-07
XSTest,ToxicChat,bge-large-en-v1.5,A1_raw,0.8158199999999999,0.003987887912166128
XSTest,ToxicChat,bge-large-en-v1.5,B1_raw,0.72749,0.014180759411963844
XSTest,ToxicChat,bge-large-en-v1.5,B1b_SigmaT,0.608985,0.0228172399185353
XSTest,ToxicChat,bge-large-en-v1.5,B1w_SigmaW,0.6363900000000001,0.022604760284064062
XSTest,ToxicChat,bge-large-en-v1.5,DELONG_B1w_vs_A1,8.397371038526558e-08,1.7082011437110473e-07
XSTest,Wild,Qwen3-Embedding-8B,A1_raw,0.7365725,0.04774006392041176
XSTest,Wild,Qwen3-Embedding-8B,B1_raw,0.7499875,0.044010676084048024
XSTest,Wild,Qwen3-Embedding-8B,B1b_SigmaT,0.6315175,0.033160871614751036
XSTest,Wild,Qwen3-Embedding-8B,B1w_SigmaW,0.6341475,0.034782745812399554
XSTest,Wild,Qwen3-Embedding-8B,DELONG_B1w_vs_A1,0.0015701689533338646,0.0034935605375572506
XSTest,Wild,all-mpnet-base-v2,A1_raw,0.7054474999999999,0.01485265759047853
XSTest,Wild,all-mpnet-base-v2,B1_raw,0.5763325,0.03394101685276974
XSTest,Wild,all-mpnet-base-v2,B1b_SigmaT,0.5393225,0.05061125615907994
XSTest,Wild,all-mpnet-base-v2,B1w_SigmaW,0.5485925,0.04567885999015298
XSTest,Wild,all-mpnet-base-v2,DELONG_B1w_vs_A1,4.4274157455631605e-05,6.061329846636699e-05
XSTest,Wild,bge-base-en-v1.5,A1_raw,0.6636025,0.015241461236541642
XSTest,Wild,bge-base-en-v1.5,B1_raw,0.5168625,0.02067460889896105
XSTest,Wild,bge-base-en-v1.5,B1b_SigmaT,0.553145,0.043111342583767906
XSTest,Wild,bge-base-en-v1.5,B1w_SigmaW,0.568625,0.03589672578209602
XSTest,Wild,bge-base-en-v1.5,DELONG_B1w_vs_A1,0.038805036698789375,0.06134514312699431
XSTest,Wild,bge-large-en-v1.5,A1_raw,0.6950274999999999,0.02102001538712574
XSTest,Wild,bge-large-en-v1.5,B1_raw,0.5284025,0.01860393817515528
XSTest,Wild,bge-large-en-v1.5,B1b_SigmaT,0.588715,0.03901180450357301
XSTest,Wild,bge-large-en-v1.5,B1w_SigmaW,0.5842499999999999,0.03767009029886973
XSTest,Wild,bge-large-en-v1.5,DELONG_B1w_vs_A1,0.0020877954125741345,0.004409512184942925
