dataset,embedder,seed,method,roc_auc,tpr_fpr1,tpr_fpr5,tpr_fpr10,fpr_tpr90,brier,ece10
AdvBench,all-mpnet-base-v2,0,A1_raw,0.993515625,0.95,0.975,0.984375,0.005,0.08309192992821957,0.223832300477303
AdvBench,all-mpnet-base-v2,0,B1_raw,0.9974999999999999,0.9875,0.990625,0.990625,0.005,0.06557946285479894,0.20769335699196045
AdvBench,all-mpnet-base-v2,0,B1b_SigmaT,0.99890625,0.9875,0.996875,1.0,0.005,0.12914831392778078,0.31505647089618904
AdvBench,all-mpnet-base-v2,0,B1w_SigmaW,0.998875,0.990625,0.996875,1.0,0.005,0.0700685783657755,0.22658209858032374
AdvBench,all-mpnet-base-v2,1,A1_raw,0.99390625,0.940625,0.971875,0.98125,0.005,0.08459779529059648,0.22242162754902473
AdvBench,all-mpnet-base-v2,1,B1_raw,0.9980781249999999,0.984375,0.99375,0.996875,0.0,0.06438374582839845,0.20925073185219215
AdvBench,all-mpnet-base-v2,1,B1b_SigmaT,0.998109375,0.984375,0.99375,0.99375,0.005,0.14586930877200904,0.3097264184544866
AdvBench,all-mpnet-base-v2,1,B1w_SigmaW,0.99865625,0.99375,0.99375,0.996875,0.005,0.07600544527482943,0.2242885244007294
AdvBench,all-mpnet-base-v2,2,A1_raw,0.993046875,0.95,0.95625,0.984375,0.01,0.08366733883517852,0.2106214786664798
AdvBench,all-mpnet-base-v2,2,B1_raw,0.9973124999999999,0.96875,0.990625,0.99375,0.0,0.05982581010423354,0.18849194324933566
AdvBench,all-mpnet-base-v2,2,B1b_SigmaT,0.99828125,0.99375,0.996875,0.996875,0.0,0.13192950846387286,0.3084040426004391
AdvBench,all-mpnet-base-v2,2,B1w_SigmaW,0.9984218749999999,0.990625,0.996875,0.996875,0.0,0.07378836119306635,0.23404353957336682
AdvBench,all-mpnet-base-v2,3,A1_raw,0.995578125,0.953125,0.978125,0.984375,0.0,0.07961223064448329,0.2225854429201438
AdvBench,all-mpnet-base-v2,3,B1_raw,0.998046875,0.971875,0.99375,0.996875,0.0,0.06692052672021966,0.2111822563366821
AdvBench,all-mpnet-base-v2,3,B1b_SigmaT,0.999234375,0.990625,0.99375,0.996875,0.0,0.1289950714849758,0.2973308389576582
AdvBench,all-mpnet-base-v2,3,B1w_SigmaW,0.9995,0.996875,0.996875,0.996875,0.0,0.07655221761866285,0.2368499124351029
AdvBench,all-mpnet-base-v2,4,A1_raw,0.99446875,0.9375,0.975,0.98125,0.005,0.08048983962543083,0.2164061991354594
AdvBench,all-mpnet-base-v2,4,B1_raw,0.997921875,0.971875,0.99375,0.996875,0.0,0.060454904329300944,0.19523031125561552
AdvBench,all-mpnet-base-v2,4,B1b_SigmaT,0.997671875,0.9875,0.99375,0.996875,0.0,0.1376009653699612,0.31672720175523017
AdvBench,all-mpnet-base-v2,4,B1w_SigmaW,0.99825,0.990625,0.99375,0.996875,0.0,0.07187618935248319,0.2263832223386719
AdvBench,bge-base-en-v1.5,0,A1_raw,0.9915625,0.890625,0.953125,0.9625,0.015,0.10481397373789618,0.2491939983975429
AdvBench,bge-base-en-v1.5,0,B1_raw,0.9978281250000001,0.971875,0.984375,0.996875,0.005,0.06991921167153718,0.2058073694602801
AdvBench,bge-base-en-v1.5,0,B1b_SigmaT,0.999828125,0.996875,1.0,1.0,0.0,0.14918943198105616,0.31749934832064003
AdvBench,bge-base-en-v1.5,0,B1w_SigmaW,0.99984375,0.99375,1.0,1.0,0.0,0.07852771975807693,0.23892887249015843
AdvBench,bge-base-en-v1.5,1,A1_raw,0.9877343749999999,0.875,0.95,0.9625,0.015,0.1155958348819982,0.23996066007619868
AdvBench,bge-base-en-v1.5,1,B1_raw,0.9968281250000001,0.9625,0.9875,0.9875,0.005,0.07709600849753508,0.2205929214421373
AdvBench,bge-base-en-v1.5,1,B1b_SigmaT,0.999734375,0.990625,1.0,1.0,0.0,0.1280529525159175,0.3076729373003428
AdvBench,bge-base-en-v1.5,1,B1w_SigmaW,1.0,1.0,1.0,1.0,0.0,0.07465115513487947,0.24842154741860356
AdvBench,bge-base-en-v1.5,2,A1_raw,0.9936093749999999,0.9375,0.959375,0.984375,0.005,0.11220160402568366,0.2437530915897626
AdvBench,bge-base-en-v1.5,2,B1_raw,0.998234375,0.975,0.990625,0.996875,0.0,0.06966898405381954,0.21425534787659464
AdvBench,bge-base-en-v1.5,2,B1b_SigmaT,0.9995937500000001,0.990625,0.996875,1.0,0.0,0.12337610224245253,0.3024499054854879
AdvBench,bge-base-en-v1.5,2,B1w_SigmaW,0.9997968749999999,0.990625,1.0,1.0,0.0,0.06901919098981699,0.2271957780019595
AdvBench,bge-base-en-v1.5,3,A1_raw,0.990078125,0.909375,0.95625,0.965625,0.005,0.10343506685830402,0.23519715956197335
AdvBench,bge-base-en-v1.5,3,B1_raw,0.9966562499999999,0.9625,0.978125,0.9875,0.0,0.07327003183029264,0.20418909352559309
AdvBench,bge-base-en-v1.5,3,B1b_SigmaT,0.999546875,0.9875,1.0,1.0,0.0,0.12032882034753115,0.29417752265357056
AdvBench,bge-base-en-v1.5,3,B1w_SigmaW,0.9997499999999999,0.99375,1.0,1.0,0.0,0.07381656105733007,0.2332216642223872
AdvBench,bge-base-en-v1.5,4,A1_raw,0.9921249999999999,0.925,0.965625,0.975,0.005,0.11273100386768194,0.24029718515678095
AdvBench,bge-base-en-v1.5,4,B1_raw,0.998171875,0.975,0.990625,0.99375,0.0,0.07196149955708601,0.21653009504079818
AdvBench,bge-base-en-v1.5,4,B1b_SigmaT,0.9996875,0.99375,0.996875,1.0,0.0,0.11726681505086405,0.3024915900009756
AdvBench,bge-base-en-v1.5,4,B1w_SigmaW,0.99971875,0.99375,0.996875,1.0,0.0,0.07043402468433765,0.23760761671627942
AdvBench,bge-large-en-v1.5,0,A1_raw,0.99540625,0.928125,0.96875,0.9875,0.0,0.10378847088875286,0.24091615605239686
AdvBench,bge-large-en-v1.5,0,B1_raw,0.9990625000000001,0.98125,0.99375,1.0,0.0,0.06356264000472372,0.2073186228481623
AdvBench,bge-large-en-v1.5,0,B1b_SigmaT,0.9989374999999999,0.9875,0.99375,0.996875,0.0,0.1531213352820964,0.320661025093152
AdvBench,bge-large-en-v1.5,0,B1w_SigmaW,0.999375,0.990625,0.99375,1.0,0.0,0.07592347846548562,0.2315327926037403
AdvBench,bge-large-en-v1.5,1,A1_raw,0.995953125,0.95,0.978125,0.9875,0.0,0.1110691965281789,0.24276173481574428
AdvBench,bge-large-en-v1.5,1,B1_raw,0.9991875,0.99375,0.996875,1.0,0.0,0.06676597236617433,0.21521692575457005
AdvBench,bge-large-en-v1.5,1,B1b_SigmaT,0.999671875,0.996875,0.996875,1.0,0.0,0.13167894920943674,0.3187839476248393
AdvBench,bge-large-en-v1.5,1,B1w_SigmaW,0.999859375,0.996875,1.0,1.0,0.0,0.0709970927148321,0.2368379515094253
AdvBench,bge-large-en-v1.5,2,A1_raw,0.99740625,0.959375,0.990625,0.99375,0.0,0.09900145141321487,0.2447517366650013
AdvBench,bge-large-en-v1.5,2,B1_raw,0.9992500000000001,0.9875,0.996875,1.0,0.0,0.06536751227892705,0.21251851512262457
AdvBench,bge-large-en-v1.5,2,B1b_SigmaT,0.999625,0.996875,0.996875,0.996875,0.0,0.12066116027510498,0.31105343074752734
AdvBench,bge-large-en-v1.5,2,B1w_SigmaW,0.999828125,0.996875,0.996875,1.0,0.0,0.0647652189488373,0.22939014135358424
AdvBench,bge-large-en-v1.5,3,A1_raw,0.996546875,0.959375,0.975,0.9875,0.0,0.09947099756249428,0.2348362797584671
AdvBench,bge-large-en-v1.5,3,B1_raw,0.998890625,0.975,0.99375,0.996875,0.0,0.06510483960826705,0.21260951614150636
AdvBench,bge-large-en-v1.5,3,B1b_SigmaT,0.9995937500000001,0.99375,0.996875,1.0,0.0,0.1297945975006639,0.3146076810617859
AdvBench,bge-large-en-v1.5,3,B1w_SigmaW,0.999828125,0.99375,1.0,1.0,0.0,0.07405234949105148,0.24089806320575566
AdvBench,bge-large-en-v1.5,4,A1_raw,0.9970156250000001,0.965625,0.98125,0.9875,0.0,0.10025451098230327,0.23918857517150732
AdvBench,bge-large-en-v1.5,4,B1_raw,0.999328125,0.99375,0.996875,0.996875,0.0,0.0636530236962339,0.21167999607725785
AdvBench,bge-large-en-v1.5,4,B1b_SigmaT,0.9995624999999999,0.9875,0.996875,1.0,0.0,0.12549748740707226,0.3071280316951183
AdvBench,bge-large-en-v1.5,4,B1w_SigmaW,0.9998125,0.990625,1.0,1.0,0.0,0.06822711562199979,0.22929842262887037
AdvBench,Qwen3-Embedding-8B,0,A1_raw,0.99703125,0.9625,0.98125,0.990625,0.0,0.06482590595112374,0.19908519593568946
AdvBench,Qwen3-Embedding-8B,0,B1_raw,0.99990625,0.996875,1.0,1.0,0.0,0.055355978484492904,0.20449606157266176
AdvBench,Qwen3-Embedding-8B,0,B1b_SigmaT,0.99990625,1.0,1.0,1.0,0.0,0.15730894483027263,0.331560866921567
AdvBench,Qwen3-Embedding-8B,0,B1w_SigmaW,0.99990625,1.0,1.0,1.0,0.0,0.08096030674181827,0.24033597252116753
AdvBench,Qwen3-Embedding-8B,1,A1_raw,0.99659375,0.96875,0.984375,0.9875,0.0,0.06395941178436469,0.19267376329606542
AdvBench,Qwen3-Embedding-8B,1,B1_raw,1.0,1.0,1.0,1.0,0.0,0.05055572268826263,0.19691221255522506
AdvBench,Qwen3-Embedding-8B,1,B1b_SigmaT,0.999875,1.0,1.0,1.0,0.0,0.16217328767148906,0.3326807590917899
AdvBench,Qwen3-Embedding-8B,1,B1w_SigmaW,0.999859375,1.0,1.0,1.0,0.0,0.08533074602273599,0.23888737103686886
AdvBench,Qwen3-Embedding-8B,2,A1_raw,0.99671875,0.975,0.9875,0.990625,0.0,0.06632917365936611,0.2037111027022967
AdvBench,Qwen3-Embedding-8B,2,B1_raw,0.999984375,1.0,1.0,1.0,0.0,0.05550939093307042,0.2077899886725041
AdvBench,Qwen3-Embedding-8B,2,B1b_SigmaT,0.999984375,1.0,1.0,1.0,0.0,0.15255560087374254,0.32920965460630564
AdvBench,Qwen3-Embedding-8B,2,B1w_SigmaW,1.0,1.0,1.0,1.0,0.0,0.07587596224855922,0.23890346095252496
AdvBench,Qwen3-Embedding-8B,3,A1_raw,0.99615625,0.965625,0.9875,0.9875,0.0,0.06640374157920541,0.19976262152194973
AdvBench,Qwen3-Embedding-8B,3,B1_raw,0.9999375,0.996875,1.0,1.0,0.0,0.049761386347801084,0.191646359115839
AdvBench,Qwen3-Embedding-8B,3,B1b_SigmaT,0.999984375,1.0,1.0,1.0,0.0,0.19591464656499116,0.36554857521102974
AdvBench,Qwen3-Embedding-8B,3,B1w_SigmaW,0.999984375,1.0,1.0,1.0,0.0,0.09027208763792884,0.2561911929971897
AdvBench,Qwen3-Embedding-8B,4,A1_raw,0.9966562499999999,0.975,0.984375,0.990625,0.0,0.06441587671390409,0.20128774631481905
AdvBench,Qwen3-Embedding-8B,4,B1_raw,1.0,1.0,1.0,1.0,0.0,0.050758777002757424,0.19732147257488505
AdvBench,Qwen3-Embedding-8B,4,B1b_SigmaT,0.99996875,1.0,1.0,1.0,0.0,0.16069971066012403,0.3364339053057708
AdvBench,Qwen3-Embedding-8B,4,B1w_SigmaW,1.0,1.0,1.0,1.0,0.0,0.0855003986909905,0.25379900535425315
HarmBench,all-mpnet-base-v2,0,A1_raw,0.9453,0.51,0.72,0.81,0.18,0.1293177342577864,0.1656789947859943
HarmBench,all-mpnet-base-v2,0,B1_raw,0.99375,0.9,0.965,0.985,0.01,0.0888650130196831,0.22083054795861243
HarmBench,all-mpnet-base-v2,0,B1b_SigmaT,0.9982749999999999,0.985,0.985,0.995,0.0,0.10209509633149776,0.2811099414899945
HarmBench,all-mpnet-base-v2,0,B1w_SigmaW,0.999075,0.985,0.995,1.0,0.0,0.07780289160675531,0.2364600124768913
HarmBench,all-mpnet-base-v2,1,A1_raw,0.948475,0.485,0.665,0.785,0.135,0.1296992770742638,0.18728867910802366
HarmBench,all-mpnet-base-v2,1,B1_raw,0.99135,0.89,0.97,0.985,0.02,0.09162202906302674,0.2197065319679678
HarmBench,all-mpnet-base-v2,1,B1b_SigmaT,0.99735,0.955,0.985,0.985,0.0,0.10424591729355709,0.2746207247115672
HarmBench,all-mpnet-base-v2,1,B1w_SigmaW,0.998,0.965,0.985,0.995,0.0,0.07986324385794248,0.23725244363769893
HarmBench,all-mpnet-base-v2,2,A1_raw,0.9467249999999999,0.43,0.735,0.85,0.155,0.12857680683009243,0.1764616012573242
HarmBench,all-mpnet-base-v2,2,B1_raw,0.9897250000000001,0.875,0.965,0.98,0.02,0.09314437667668296,0.214861426949501
HarmBench,all-mpnet-base-v2,2,B1b_SigmaT,0.9991499999999999,0.97,0.995,1.0,0.0,0.10578534745939833,0.29089655756950383
HarmBench,all-mpnet-base-v2,2,B1w_SigmaW,0.9994999999999999,0.985,1.0,1.0,0.0,0.08215366825357574,0.24874065421521663
HarmBench,all-mpnet-base-v2,3,A1_raw,0.94385,0.455,0.715,0.835,0.165,0.12916426336281883,0.16289567295461893
HarmBench,all-mpnet-base-v2,3,B1_raw,0.9935499999999999,0.915,0.97,0.985,0.01,0.08218022700875334,0.20304087072610855
HarmBench,all-mpnet-base-v2,3,B1b_SigmaT,0.9986,0.975,0.985,0.995,0.0,0.09789878942242253,0.27375523272901775
HarmBench,all-mpnet-base-v2,3,B1w_SigmaW,0.998925,0.975,0.99,1.0,0.0,0.08884883521902133,0.25717049777507783
HarmBench,all-mpnet-base-v2,4,A1_raw,0.945275,0.36,0.695,0.835,0.14,0.12745979781520522,0.18259073743596674
HarmBench,all-mpnet-base-v2,4,B1_raw,0.9897,0.8,0.95,0.985,0.03,0.09237923240382759,0.21418206226080658
HarmBench,all-mpnet-base-v2,4,B1b_SigmaT,0.9984249999999999,0.975,0.985,1.0,0.0,0.11953238949920376,0.2885856194607914
HarmBench,all-mpnet-base-v2,4,B1w_SigmaW,0.9990249999999999,0.96,1.0,1.0,0.0,0.09616973346293499,0.2766389751620591
HarmBench,bge-base-en-v1.5,0,A1_raw,0.9009,0.43,0.6,0.715,0.265,0.17848997797421215,0.1815869659371674
HarmBench,bge-base-en-v1.5,0,B1_raw,0.9920499999999999,0.925,0.97,0.98,0.01,0.08587491548334233,0.21302810449153184
HarmBench,bge-base-en-v1.5,0,B1b_SigmaT,0.99745,0.96,0.995,0.995,0.0,0.09908983363212584,0.2637830268871039
HarmBench,bge-base-en-v1.5,0,B1w_SigmaW,0.9984500000000001,0.975,0.995,0.995,0.0,0.07463157573627337,0.22772539062425493
HarmBench,bge-base-en-v1.5,1,A1_raw,0.892525,0.33,0.485,0.72,0.27,0.19583456494376514,0.185835048481822
HarmBench,bge-base-en-v1.5,1,B1_raw,0.989125,0.875,0.945,0.985,0.02,0.09391398023036247,0.2220739474147558
HarmBench,bge-base-en-v1.5,1,B1b_SigmaT,0.9951749999999999,0.89,0.985,0.99,0.02,0.12047971597609969,0.2940692981891334
HarmBench,bge-base-en-v1.5,1,B1w_SigmaW,0.995925,0.94,0.985,0.995,0.01,0.09306443672054897,0.26754896303638814
HarmBench,bge-base-en-v1.5,2,A1_raw,0.8812249999999999,0.28,0.465,0.66,0.355,0.19289403809042446,0.1759963296353817
HarmBench,bge-base-en-v1.5,2,B1_raw,0.98895,0.845,0.96,0.975,0.03,0.09395647229187659,0.21868949729949236
HarmBench,bge-base-en-v1.5,2,B1b_SigmaT,0.9975,0.955,0.975,0.995,0.0,0.10275622999473999,0.25929204359650604
HarmBench,bge-base-en-v1.5,2,B1w_SigmaW,0.9983,0.97,0.98,1.0,0.0,0.0922400486663168,0.24896862369962033
HarmBench,bge-base-en-v1.5,3,A1_raw,0.895075,0.345,0.535,0.685,0.295,0.1893313510023628,0.1922522486373782
HarmBench,bge-base-en-v1.5,3,B1_raw,0.98855,0.865,0.95,0.975,0.03,0.09004320206280408,0.2071937740594149
HarmBench,bge-base-en-v1.5,3,B1b_SigmaT,0.9984500000000001,0.96,0.995,1.0,0.0,0.09142949620967458,0.2559227161481976
HarmBench,bge-base-en-v1.5,3,B1w_SigmaW,0.998775,0.96,1.0,1.0,0.0,0.08415758933398326,0.24135558111593125
HarmBench,bge-base-en-v1.5,4,A1_raw,0.8883500000000001,0.315,0.5,0.64,0.315,0.18863515277885956,0.17318178262561562
HarmBench,bge-base-en-v1.5,4,B1_raw,0.989975,0.835,0.925,0.985,0.04,0.09721578621297597,0.22308546004816887
HarmBench,bge-base-en-v1.5,4,B1b_SigmaT,0.9972000000000001,0.915,0.99,1.0,0.005,0.11813640368913295,0.28945026399567725
HarmBench,bge-base-en-v1.5,4,B1w_SigmaW,0.998475,0.975,0.995,1.0,0.0,0.09427951374277171,0.2561558751575649
HarmBench,bge-large-en-v1.5,0,A1_raw,0.934575,0.39,0.64,0.8,0.145,0.16731178901406132,0.2114726956188679
HarmBench,bge-large-en-v1.5,0,B1_raw,0.992525,0.885,0.97,0.975,0.015,0.09211181416091038,0.2259906585514546
HarmBench,bge-large-en-v1.5,0,B1b_SigmaT,0.99895,0.995,0.995,0.995,0.0,0.11612546766540476,0.31188144795596595
HarmBench,bge-large-en-v1.5,0,B1w_SigmaW,0.9995499999999999,0.995,0.995,1.0,0.0,0.08700901422016559,0.26692086186259983
HarmBench,bge-large-en-v1.5,1,A1_raw,0.932825,0.37,0.61,0.835,0.165,0.19044350202124638,0.22504090640693905
HarmBench,bge-large-en-v1.5,1,B1_raw,0.9934999999999999,0.85,0.975,0.985,0.025,0.08764633159884633,0.2268040694575757
HarmBench,bge-large-en-v1.5,1,B1b_SigmaT,0.99845,0.965,1.0,1.0,0.005,0.12320119267020652,0.31110421111807224
HarmBench,bge-large-en-v1.5,1,B1w_SigmaW,0.998775,0.97,1.0,1.0,0.005,0.09309600141265248,0.2733522409945726
HarmBench,bge-large-en-v1.5,2,A1_raw,0.9137375,0.255,0.475,0.77,0.23,0.1906472677735571,0.21220767819322647
HarmBench,bge-large-en-v1.5,2,B1_raw,0.989525,0.875,0.965,0.98,0.025,0.09282674063528579,0.21099705055356027
HarmBench,bge-large-en-v1.5,2,B1b_SigmaT,0.99875,0.955,1.0,1.0,0.0,0.11971069138527532,0.29416917787864805
HarmBench,bge-large-en-v1.5,2,B1w_SigmaW,0.999125,0.97,1.0,1.0,0.0,0.08285730455148343,0.24621208865195512
HarmBench,bge-large-en-v1.5,3,A1_raw,0.924575,0.33,0.605,0.815,0.215,0.19047135237742022,0.21367076644208285
HarmBench,bge-large-en-v1.5,3,B1_raw,0.9915,0.865,0.97,0.975,0.025,0.08840005906613235,0.20484226529486477
HarmBench,bge-large-en-v1.5,3,B1b_SigmaT,0.9977750000000001,0.97,0.99,1.0,0.005,0.09548219458608752,0.2691738792508841
HarmBench,bge-large-en-v1.5,3,B1w_SigmaW,0.9982000000000001,0.98,0.995,1.0,0.005,0.08655077072818224,0.25862407792359593
HarmBench,bge-large-en-v1.5,4,A1_raw,0.9252999999999999,0.265,0.56,0.775,0.165,0.17694080716722774,0.21295258730649946
HarmBench,bge-large-en-v1.5,4,B1_raw,0.9884000000000001,0.85,0.965,0.98,0.04,0.09227273267616966,0.21506111996248362
HarmBench,bge-large-en-v1.5,4,B1b_SigmaT,0.9986,0.99,0.99,0.995,0.0,0.13421152210796886,0.29135501974262296
HarmBench,bge-large-en-v1.5,4,B1w_SigmaW,0.99885,0.98,0.995,1.0,0.0,0.08926402609473891,0.2551305662468076
HarmBench,Qwen3-Embedding-8B,0,A1_raw,0.850425,0.42,0.56,0.585,0.44,0.1643856130668142,0.08492779649794102
HarmBench,Qwen3-Embedding-8B,0,B1_raw,0.9999,0.995,1.0,1.0,0.0,0.07597917050019451,0.25372154384851453
HarmBench,Qwen3-Embedding-8B,0,B1b_SigmaT,0.999975,1.0,1.0,1.0,0.0,0.2237343544312421,0.3852374077774584
HarmBench,Qwen3-Embedding-8B,0,B1w_SigmaW,1.0,1.0,1.0,1.0,0.0,0.13440914531248102,0.3223569179885089
HarmBench,Qwen3-Embedding-8B,1,A1_raw,0.84415,0.195,0.54,0.59,0.455,0.17395762788495403,0.11066136106848717
HarmBench,Qwen3-Embedding-8B,1,B1_raw,0.9996499999999999,0.995,0.995,1.0,0.0,0.08042489747123537,0.2533994964510202
HarmBench,Qwen3-Embedding-8B,1,B1b_SigmaT,0.999675,1.0,1.0,1.0,0.0,0.23956925794262746,0.3897019303776324
HarmBench,Qwen3-Embedding-8B,1,B1w_SigmaW,0.9997499999999999,1.0,1.0,1.0,0.0,0.13648707950487798,0.3115828937478364
HarmBench,Qwen3-Embedding-8B,2,A1_raw,0.8487,0.37,0.545,0.6,0.445,0.16747437568463616,0.1052464697510004
HarmBench,Qwen3-Embedding-8B,2,B1_raw,0.999875,0.995,1.0,1.0,0.0,0.07761575229278117,0.2590483656153083
HarmBench,Qwen3-Embedding-8B,2,B1b_SigmaT,1.0,1.0,1.0,1.0,0.0,0.22464060682224626,0.3850171125680209
HarmBench,Qwen3-Embedding-8B,2,B1w_SigmaW,1.0,1.0,1.0,1.0,0.0,0.13065187823841476,0.32721678525209424
HarmBench,Qwen3-Embedding-8B,3,A1_raw,0.824875,0.37,0.515,0.575,0.555,0.17533884621348783,0.09182700129225847
HarmBench,Qwen3-Embedding-8B,3,B1_raw,0.999975,1.0,1.0,1.0,0.0,0.07690841995295768,0.2549317304603756
HarmBench,Qwen3-Embedding-8B,3,B1b_SigmaT,0.999525,0.995,0.995,1.0,0.0,0.15711449672367006,0.3385654850490391
HarmBench,Qwen3-Embedding-8B,3,B1w_SigmaW,0.9996249999999999,0.995,1.0,1.0,0.0,0.1186181300832872,0.29662659182213247
HarmBench,Qwen3-Embedding-8B,4,A1_raw,0.845175,0.355,0.495,0.56,0.4,0.17423160131330417,0.11098534028977156
HarmBench,Qwen3-Embedding-8B,4,B1_raw,0.999925,0.995,1.0,1.0,0.0,0.06782414339428293,0.22630576614290474
HarmBench,Qwen3-Embedding-8B,4,B1b_SigmaT,0.999925,1.0,1.0,1.0,0.0,0.23673764384696105,0.38935254063457253
HarmBench,Qwen3-Embedding-8B,4,B1w_SigmaW,0.999975,1.0,1.0,1.0,0.0,0.13701851120397368,0.3274483161699027
