dataset,seed,n_test,model,method,roc_auc,pr_auc
AdvBench_BB_Safe,0,1320,all-mpnet-base-v2,A1_naive_cosine_raw,0.999384375,0.9985154876935726
AdvBench_BB_Safe,0,1320,all-mpnet-base-v2,A1b_cosine_whitened,1.0,1.0
AdvBench_BB_Safe,0,1320,all-mpnet-base-v2,A2_rsfi_svd_raw_k20,1.0,1.0
AdvBench_BB_Safe,0,1320,all-mpnet-base-v2,A3_rsfi_svd_whitened_k20,0.9952625,0.9881811718049199
AdvBench_BB_Safe,0,1320,all-mpnet-base-v2,B1_discriminant_mean_raw,1.0,1.0
AdvBench_BB_Safe,0,1320,all-mpnet-base-v2,B1b_discriminant_mean_whitened,1.0,1.0
AdvBench_BB_Safe,0,1320,all-mpnet-base-v2,B2_contrastive_svd_raw_k20,1.0,1.0
AdvBench_BB_Safe,0,1320,all-mpnet-base-v2,B2b_contrastive_svd_whitened_k20,0.9926343750000001,0.9734088179810015
AdvBench_BB_Safe,0,1320,all-mpnet-base-v2,C1_logreg_raw,1.0,1.0
AdvBench_BB_Safe,0,1320,all-mpnet-base-v2,C1b_logreg_whitened,1.0,1.0
AdvBench_BB_Safe,0,1320,all-mpnet-base-v2,B1_raw,1.0,1.0
AdvBench_BB_Safe,0,1320,all-mpnet-base-v2,B1b_SigmaT_wh,1.0,1.0
AdvBench_BB_Safe,0,1320,all-mpnet-base-v2,B1w_SigmaW_wh,1.0,1.0
AdvBench_BB_Safe,1,1320,all-mpnet-base-v2,A1_naive_cosine_raw,0.999903125,0.9997223772321429
AdvBench_BB_Safe,1,1320,all-mpnet-base-v2,A1b_cosine_whitened,1.0,1.0
AdvBench_BB_Safe,1,1320,all-mpnet-base-v2,A2_rsfi_svd_raw_k20,1.0,1.0
AdvBench_BB_Safe,1,1320,all-mpnet-base-v2,A3_rsfi_svd_whitened_k20,0.9793437500000001,0.9523520429953193
AdvBench_BB_Safe,1,1320,all-mpnet-base-v2,B1_discriminant_mean_raw,1.0,1.0
AdvBench_BB_Safe,1,1320,all-mpnet-base-v2,B1b_discriminant_mean_whitened,1.0,1.0
AdvBench_BB_Safe,1,1320,all-mpnet-base-v2,B2_contrastive_svd_raw_k20,1.0,1.0
AdvBench_BB_Safe,1,1320,all-mpnet-base-v2,B2b_contrastive_svd_whitened_k20,0.9846250000000001,0.9419094178401364
AdvBench_BB_Safe,1,1320,all-mpnet-base-v2,C1_logreg_raw,1.0,1.0
AdvBench_BB_Safe,1,1320,all-mpnet-base-v2,C1b_logreg_whitened,1.0,1.0
AdvBench_BB_Safe,1,1320,all-mpnet-base-v2,B1_raw,1.0,1.0
AdvBench_BB_Safe,1,1320,all-mpnet-base-v2,B1b_SigmaT_wh,1.0,1.0
AdvBench_BB_Safe,1,1320,all-mpnet-base-v2,B1w_SigmaW_wh,1.0,1.0
AdvBench_BB_Safe,2,1320,all-mpnet-base-v2,A1_naive_cosine_raw,0.99961875,0.9990291241053436
AdvBench_BB_Safe,2,1320,all-mpnet-base-v2,A1b_cosine_whitened,1.0,1.0
AdvBench_BB_Safe,2,1320,all-mpnet-base-v2,A2_rsfi_svd_raw_k20,1.0,1.0
AdvBench_BB_Safe,2,1320,all-mpnet-base-v2,A3_rsfi_svd_whitened_k20,0.9880125,0.9727923790037178
AdvBench_BB_Safe,2,1320,all-mpnet-base-v2,B1_discriminant_mean_raw,1.0,1.0
AdvBench_BB_Safe,2,1320,all-mpnet-base-v2,B1b_discriminant_mean_whitened,1.0,1.0
AdvBench_BB_Safe,2,1320,all-mpnet-base-v2,B2_contrastive_svd_raw_k20,1.0,1.0
AdvBench_BB_Safe,2,1320,all-mpnet-base-v2,B2b_contrastive_svd_whitened_k20,0.99108125,0.9673424138019161
AdvBench_BB_Safe,2,1320,all-mpnet-base-v2,C1_logreg_raw,1.0,1.0
AdvBench_BB_Safe,2,1320,all-mpnet-base-v2,C1b_logreg_whitened,1.0,1.0
AdvBench_BB_Safe,2,1320,all-mpnet-base-v2,B1_raw,1.0,1.0
AdvBench_BB_Safe,2,1320,all-mpnet-base-v2,B1b_SigmaT_wh,1.0,1.0
AdvBench_BB_Safe,2,1320,all-mpnet-base-v2,B1w_SigmaW_wh,1.0,1.0
AdvBench_BB_Safe,3,1320,all-mpnet-base-v2,A1_naive_cosine_raw,0.999853125,0.9995721587045223
AdvBench_BB_Safe,3,1320,all-mpnet-base-v2,A1b_cosine_whitened,1.0,1.0
AdvBench_BB_Safe,3,1320,all-mpnet-base-v2,A2_rsfi_svd_raw_k20,1.0,1.0
AdvBench_BB_Safe,3,1320,all-mpnet-base-v2,A3_rsfi_svd_whitened_k20,0.9966250000000001,0.9909806078493771
AdvBench_BB_Safe,3,1320,all-mpnet-base-v2,B1_discriminant_mean_raw,1.0,1.0
AdvBench_BB_Safe,3,1320,all-mpnet-base-v2,B1b_discriminant_mean_whitened,1.0,1.0
AdvBench_BB_Safe,3,1320,all-mpnet-base-v2,B2_contrastive_svd_raw_k20,1.0,1.0
AdvBench_BB_Safe,3,1320,all-mpnet-base-v2,B2b_contrastive_svd_whitened_k20,0.992340625,0.9727416559088239
AdvBench_BB_Safe,3,1320,all-mpnet-base-v2,C1_logreg_raw,1.0,1.0
AdvBench_BB_Safe,3,1320,all-mpnet-base-v2,C1b_logreg_whitened,1.0,1.0
AdvBench_BB_Safe,3,1320,all-mpnet-base-v2,B1_raw,1.0,1.0
AdvBench_BB_Safe,3,1320,all-mpnet-base-v2,B1b_SigmaT_wh,1.0,1.0
AdvBench_BB_Safe,3,1320,all-mpnet-base-v2,B1w_SigmaW_wh,1.0,1.0
AdvBench_BB_Safe,4,1320,all-mpnet-base-v2,A1_naive_cosine_raw,0.99974375,0.9993103003769679
AdvBench_BB_Safe,4,1320,all-mpnet-base-v2,A1b_cosine_whitened,1.0,1.0
AdvBench_BB_Safe,4,1320,all-mpnet-base-v2,A2_rsfi_svd_raw_k20,1.0,1.0
AdvBench_BB_Safe,4,1320,all-mpnet-base-v2,A3_rsfi_svd_whitened_k20,0.9949125000000001,0.9869665831960812
AdvBench_BB_Safe,4,1320,all-mpnet-base-v2,B1_discriminant_mean_raw,1.0,1.0
AdvBench_BB_Safe,4,1320,all-mpnet-base-v2,B1b_discriminant_mean_whitened,1.0,1.0
AdvBench_BB_Safe,4,1320,all-mpnet-base-v2,B2_contrastive_svd_raw_k20,1.0,1.0
AdvBench_BB_Safe,4,1320,all-mpnet-base-v2,B2b_contrastive_svd_whitened_k20,0.9906999999999999,0.9662806905251312
AdvBench_BB_Safe,4,1320,all-mpnet-base-v2,C1_logreg_raw,1.0,1.0
AdvBench_BB_Safe,4,1320,all-mpnet-base-v2,C1b_logreg_whitened,1.0,1.0
AdvBench_BB_Safe,4,1320,all-mpnet-base-v2,B1_raw,1.0,1.0
AdvBench_BB_Safe,4,1320,all-mpnet-base-v2,B1b_SigmaT_wh,1.0,1.0
AdvBench_BB_Safe,4,1320,all-mpnet-base-v2,B1w_SigmaW_wh,1.0,1.0
AdvBench_BB_Safe,0,1320,bge-base-en-v1.5,A1_naive_cosine_raw,0.99995,0.9998472814834165
AdvBench_BB_Safe,0,1320,bge-base-en-v1.5,A1b_cosine_whitened,1.0,1.0
AdvBench_BB_Safe,0,1320,bge-base-en-v1.5,A2_rsfi_svd_raw_k20,1.0,1.0
AdvBench_BB_Safe,0,1320,bge-base-en-v1.5,A3_rsfi_svd_whitened_k20,0.9949,0.9877192209101127
AdvBench_BB_Safe,0,1320,bge-base-en-v1.5,B1_discriminant_mean_raw,1.0,1.0
AdvBench_BB_Safe,0,1320,bge-base-en-v1.5,B1b_discriminant_mean_whitened,1.0,1.0
AdvBench_BB_Safe,0,1320,bge-base-en-v1.5,B2_contrastive_svd_raw_k20,1.0,1.0
AdvBench_BB_Safe,0,1320,bge-base-en-v1.5,B2b_contrastive_svd_whitened_k20,0.99993125,0.9997815539644501
AdvBench_BB_Safe,0,1320,bge-base-en-v1.5,C1_logreg_raw,1.0,1.0
AdvBench_BB_Safe,0,1320,bge-base-en-v1.5,C1b_logreg_whitened,1.0,1.0
AdvBench_BB_Safe,0,1320,bge-base-en-v1.5,B1_raw,1.0,1.0
AdvBench_BB_Safe,0,1320,bge-base-en-v1.5,B1b_SigmaT_wh,1.0,1.0
AdvBench_BB_Safe,0,1320,bge-base-en-v1.5,B1w_SigmaW_wh,1.0,1.0
AdvBench_BB_Safe,1,1320,bge-base-en-v1.5,A1_naive_cosine_raw,0.99925,0.9983877866638011
AdvBench_BB_Safe,1,1320,bge-base-en-v1.5,A1b_cosine_whitened,1.0,1.0
AdvBench_BB_Safe,1,1320,bge-base-en-v1.5,A2_rsfi_svd_raw_k20,0.99996875,0.999905303030303
AdvBench_BB_Safe,1,1320,bge-base-en-v1.5,A3_rsfi_svd_whitened_k20,0.98800625,0.9714948392210528
AdvBench_BB_Safe,1,1320,bge-base-en-v1.5,B1_discriminant_mean_raw,1.0,1.0
AdvBench_BB_Safe,1,1320,bge-base-en-v1.5,B1b_discriminant_mean_whitened,1.0,1.0
AdvBench_BB_Safe,1,1320,bge-base-en-v1.5,B2_contrastive_svd_raw_k20,1.0,1.0
AdvBench_BB_Safe,1,1320,bge-base-en-v1.5,B2b_contrastive_svd_whitened_k20,0.999825,0.9994314340252957
AdvBench_BB_Safe,1,1320,bge-base-en-v1.5,C1_logreg_raw,1.0,1.0
AdvBench_BB_Safe,1,1320,bge-base-en-v1.5,C1b_logreg_whitened,1.0,1.0
AdvBench_BB_Safe,1,1320,bge-base-en-v1.5,B1_raw,1.0,1.0
AdvBench_BB_Safe,1,1320,bge-base-en-v1.5,B1b_SigmaT_wh,1.0,1.0
AdvBench_BB_Safe,1,1320,bge-base-en-v1.5,B1w_SigmaW_wh,1.0,1.0
AdvBench_BB_Safe,2,1320,bge-base-en-v1.5,A1_naive_cosine_raw,0.999825,0.9995009237990081
AdvBench_BB_Safe,2,1320,bge-base-en-v1.5,A1b_cosine_whitened,1.0,1.0
AdvBench_BB_Safe,2,1320,bge-base-en-v1.5,A2_rsfi_svd_raw_k20,1.0,1.0
AdvBench_BB_Safe,2,1320,bge-base-en-v1.5,A3_rsfi_svd_whitened_k20,0.989678125,0.9789965558362702
AdvBench_BB_Safe,2,1320,bge-base-en-v1.5,B1_discriminant_mean_raw,1.0,1.0
AdvBench_BB_Safe,2,1320,bge-base-en-v1.5,B1b_discriminant_mean_whitened,1.0,1.0
AdvBench_BB_Safe,2,1320,bge-base-en-v1.5,B2_contrastive_svd_raw_k20,1.0,1.0
AdvBench_BB_Safe,2,1320,bge-base-en-v1.5,B2b_contrastive_svd_whitened_k20,1.0,1.0
AdvBench_BB_Safe,2,1320,bge-base-en-v1.5,C1_logreg_raw,1.0,1.0
AdvBench_BB_Safe,2,1320,bge-base-en-v1.5,C1b_logreg_whitened,1.0,1.0
AdvBench_BB_Safe,2,1320,bge-base-en-v1.5,B1_raw,1.0,1.0
AdvBench_BB_Safe,2,1320,bge-base-en-v1.5,B1b_SigmaT_wh,1.0,1.0
AdvBench_BB_Safe,2,1320,bge-base-en-v1.5,B1w_SigmaW_wh,1.0,1.0
AdvBench_BB_Safe,3,1320,bge-base-en-v1.5,A1_naive_cosine_raw,0.9991468750000001,0.9982486381819053
AdvBench_BB_Safe,3,1320,bge-base-en-v1.5,A1b_cosine_whitened,1.0,1.0
AdvBench_BB_Safe,3,1320,bge-base-en-v1.5,A2_rsfi_svd_raw_k20,0.9999875,0.9999614197530864
AdvBench_BB_Safe,3,1320,bge-base-en-v1.5,A3_rsfi_svd_whitened_k20,0.9966468749999999,0.9911358991026408
AdvBench_BB_Safe,3,1320,bge-base-en-v1.5,B1_discriminant_mean_raw,1.0,1.0
AdvBench_BB_Safe,3,1320,bge-base-en-v1.5,B1b_discriminant_mean_whitened,1.0,1.0
AdvBench_BB_Safe,3,1320,bge-base-en-v1.5,B2_contrastive_svd_raw_k20,1.0,1.0
AdvBench_BB_Safe,3,1320,bge-base-en-v1.5,B2b_contrastive_svd_whitened_k20,1.0,1.0
AdvBench_BB_Safe,3,1320,bge-base-en-v1.5,C1_logreg_raw,1.0,1.0
AdvBench_BB_Safe,3,1320,bge-base-en-v1.5,C1b_logreg_whitened,1.0,1.0
AdvBench_BB_Safe,3,1320,bge-base-en-v1.5,B1_raw,1.0,1.0
AdvBench_BB_Safe,3,1320,bge-base-en-v1.5,B1b_SigmaT_wh,1.0,1.0
AdvBench_BB_Safe,3,1320,bge-base-en-v1.5,B1w_SigmaW_wh,1.0,1.0
AdvBench_BB_Safe,4,1320,bge-base-en-v1.5,A1_naive_cosine_raw,0.999321875,0.998634569286112
AdvBench_BB_Safe,4,1320,bge-base-en-v1.5,A1b_cosine_whitened,1.0,1.0
AdvBench_BB_Safe,4,1320,bge-base-en-v1.5,A2_rsfi_svd_raw_k20,0.999990625,0.9999709752321981
AdvBench_BB_Safe,4,1320,bge-base-en-v1.5,A3_rsfi_svd_whitened_k20,0.9960249999999999,0.9887580930019466
AdvBench_BB_Safe,4,1320,bge-base-en-v1.5,B1_discriminant_mean_raw,1.0,1.0
AdvBench_BB_Safe,4,1320,bge-base-en-v1.5,B1b_discriminant_mean_whitened,1.0,1.0
AdvBench_BB_Safe,4,1320,bge-base-en-v1.5,B2_contrastive_svd_raw_k20,1.0,1.0
AdvBench_BB_Safe,4,1320,bge-base-en-v1.5,B2b_contrastive_svd_whitened_k20,1.0,1.0
AdvBench_BB_Safe,4,1320,bge-base-en-v1.5,C1_logreg_raw,1.0,1.0
AdvBench_BB_Safe,4,1320,bge-base-en-v1.5,C1b_logreg_whitened,1.0,1.0
AdvBench_BB_Safe,4,1320,bge-base-en-v1.5,B1_raw,1.0,1.0
AdvBench_BB_Safe,4,1320,bge-base-en-v1.5,B1b_SigmaT_wh,1.0,1.0
AdvBench_BB_Safe,4,1320,bge-base-en-v1.5,B1w_SigmaW_wh,1.0,1.0
AdvBench_BB_Safe,0,1320,bge-large-en-v1.5,A1_naive_cosine_raw,0.9996937499999999,0.9991517984589431
AdvBench_BB_Safe,0,1320,bge-large-en-v1.5,A1b_cosine_whitened,1.0,1.0
AdvBench_BB_Safe,0,1320,bge-large-en-v1.5,A2_rsfi_svd_raw_k20,1.0,1.0
AdvBench_BB_Safe,0,1320,bge-large-en-v1.5,A3_rsfi_svd_whitened_k20,0.996828125,0.9923609000737551
AdvBench_BB_Safe,0,1320,bge-large-en-v1.5,B1_discriminant_mean_raw,1.0,1.0
AdvBench_BB_Safe,0,1320,bge-large-en-v1.5,B1b_discriminant_mean_whitened,1.0,1.0
AdvBench_BB_Safe,0,1320,bge-large-en-v1.5,B2_contrastive_svd_raw_k20,1.0,1.0
AdvBench_BB_Safe,0,1320,bge-large-en-v1.5,B2b_contrastive_svd_whitened_k20,1.0,1.0
AdvBench_BB_Safe,0,1320,bge-large-en-v1.5,C1_logreg_raw,1.0,1.0
AdvBench_BB_Safe,0,1320,bge-large-en-v1.5,C1b_logreg_whitened,1.0,1.0
AdvBench_BB_Safe,0,1320,bge-large-en-v1.5,B1_raw,1.0,1.0
AdvBench_BB_Safe,0,1320,bge-large-en-v1.5,B1b_SigmaT_wh,1.0,1.0
AdvBench_BB_Safe,0,1320,bge-large-en-v1.5,B1w_SigmaW_wh,1.0,1.0
AdvBench_BB_Safe,1,1320,bge-large-en-v1.5,A1_naive_cosine_raw,0.9994000000000001,0.9983848258619287
AdvBench_BB_Safe,1,1320,bge-large-en-v1.5,A1b_cosine_whitened,1.0,1.0
AdvBench_BB_Safe,1,1320,bge-large-en-v1.5,A2_rsfi_svd_raw_k20,1.0,1.0
AdvBench_BB_Safe,1,1320,bge-large-en-v1.5,A3_rsfi_svd_whitened_k20,0.9877937499999999,0.9712475116054436
AdvBench_BB_Safe,1,1320,bge-large-en-v1.5,B1_discriminant_mean_raw,1.0,1.0
AdvBench_BB_Safe,1,1320,bge-large-en-v1.5,B1b_discriminant_mean_whitened,1.0,1.0
AdvBench_BB_Safe,1,1320,bge-large-en-v1.5,B2_contrastive_svd_raw_k20,1.0,1.0
AdvBench_BB_Safe,1,1320,bge-large-en-v1.5,B2b_contrastive_svd_whitened_k20,0.99970625,0.9990134890250644
AdvBench_BB_Safe,1,1320,bge-large-en-v1.5,C1_logreg_raw,1.0,1.0
AdvBench_BB_Safe,1,1320,bge-large-en-v1.5,C1b_logreg_whitened,1.0,1.0
AdvBench_BB_Safe,1,1320,bge-large-en-v1.5,B1_raw,1.0,1.0
AdvBench_BB_Safe,1,1320,bge-large-en-v1.5,B1b_SigmaT_wh,1.0,1.0
AdvBench_BB_Safe,1,1320,bge-large-en-v1.5,B1w_SigmaW_wh,1.0,1.0
AdvBench_BB_Safe,2,1320,bge-large-en-v1.5,A1_naive_cosine_raw,0.9996343750000001,0.9990518641775842
AdvBench_BB_Safe,2,1320,bge-large-en-v1.5,A1b_cosine_whitened,1.0,1.0
AdvBench_BB_Safe,2,1320,bge-large-en-v1.5,A2_rsfi_svd_raw_k20,1.0,1.0
AdvBench_BB_Safe,2,1320,bge-large-en-v1.5,A3_rsfi_svd_whitened_k20,0.994678125,0.9856656511886989
AdvBench_BB_Safe,2,1320,bge-large-en-v1.5,B1_discriminant_mean_raw,1.0,1.0
AdvBench_BB_Safe,2,1320,bge-large-en-v1.5,B1b_discriminant_mean_whitened,1.0,1.0
AdvBench_BB_Safe,2,1320,bge-large-en-v1.5,B2_contrastive_svd_raw_k20,1.0,1.0
AdvBench_BB_Safe,2,1320,bge-large-en-v1.5,B2b_contrastive_svd_whitened_k20,0.999921875,0.9997493758955973
AdvBench_BB_Safe,2,1320,bge-large-en-v1.5,C1_logreg_raw,1.0,1.0
AdvBench_BB_Safe,2,1320,bge-large-en-v1.5,C1b_logreg_whitened,1.0,1.0
AdvBench_BB_Safe,2,1320,bge-large-en-v1.5,B1_raw,1.0,1.0
AdvBench_BB_Safe,2,1320,bge-large-en-v1.5,B1b_SigmaT_wh,1.0,1.0
AdvBench_BB_Safe,2,1320,bge-large-en-v1.5,B1w_SigmaW_wh,1.0,1.0
AdvBench_BB_Safe,3,1320,bge-large-en-v1.5,A1_naive_cosine_raw,0.999371875,0.9983342101102456
AdvBench_BB_Safe,3,1320,bge-large-en-v1.5,A1b_cosine_whitened,1.0,1.0
AdvBench_BB_Safe,3,1320,bge-large-en-v1.5,A2_rsfi_svd_raw_k20,1.0,1.0
AdvBench_BB_Safe,3,1320,bge-large-en-v1.5,A3_rsfi_svd_whitened_k20,0.99485625,0.9882941390292624
AdvBench_BB_Safe,3,1320,bge-large-en-v1.5,B1_discriminant_mean_raw,1.0,1.0
AdvBench_BB_Safe,3,1320,bge-large-en-v1.5,B1b_discriminant_mean_whitened,1.0,1.0
AdvBench_BB_Safe,3,1320,bge-large-en-v1.5,B2_contrastive_svd_raw_k20,1.0,1.0
AdvBench_BB_Safe,3,1320,bge-large-en-v1.5,B2b_contrastive_svd_whitened_k20,1.0,1.0
AdvBench_BB_Safe,3,1320,bge-large-en-v1.5,C1_logreg_raw,1.0,1.0
AdvBench_BB_Safe,3,1320,bge-large-en-v1.5,C1b_logreg_whitened,1.0,1.0
AdvBench_BB_Safe,3,1320,bge-large-en-v1.5,B1_raw,1.0,1.0
AdvBench_BB_Safe,3,1320,bge-large-en-v1.5,B1b_SigmaT_wh,1.0,1.0
AdvBench_BB_Safe,3,1320,bge-large-en-v1.5,B1w_SigmaW_wh,1.0,1.0
AdvBench_BB_Safe,4,1320,bge-large-en-v1.5,A1_naive_cosine_raw,0.9995343750000001,0.9987323500546611
AdvBench_BB_Safe,4,1320,bge-large-en-v1.5,A1b_cosine_whitened,1.0,1.0
AdvBench_BB_Safe,4,1320,bge-large-en-v1.5,A2_rsfi_svd_raw_k20,1.0,1.0
AdvBench_BB_Safe,4,1320,bge-large-en-v1.5,A3_rsfi_svd_whitened_k20,0.994590625,0.9888157606741852
AdvBench_BB_Safe,4,1320,bge-large-en-v1.5,B1_discriminant_mean_raw,1.0,1.0
AdvBench_BB_Safe,4,1320,bge-large-en-v1.5,B1b_discriminant_mean_whitened,1.0,1.0
AdvBench_BB_Safe,4,1320,bge-large-en-v1.5,B2_contrastive_svd_raw_k20,1.0,1.0
AdvBench_BB_Safe,4,1320,bge-large-en-v1.5,B2b_contrastive_svd_whitened_k20,0.99999375,0.9999805900621118
AdvBench_BB_Safe,4,1320,bge-large-en-v1.5,C1_logreg_raw,1.0,1.0
AdvBench_BB_Safe,4,1320,bge-large-en-v1.5,C1b_logreg_whitened,1.0,1.0
AdvBench_BB_Safe,4,1320,bge-large-en-v1.5,B1_raw,1.0,1.0
AdvBench_BB_Safe,4,1320,bge-large-en-v1.5,B1b_SigmaT_wh,1.0,1.0
AdvBench_BB_Safe,4,1320,bge-large-en-v1.5,B1w_SigmaW_wh,1.0,1.0
AdvBench_BB_Safe,0,1320,Qwen3-Embedding-8B,A1_naive_cosine_raw,0.9974531249999999,0.9951421558268212
AdvBench_BB_Safe,0,1320,Qwen3-Embedding-8B,A1b_cosine_whitened,1.0,1.0
AdvBench_BB_Safe,0,1320,Qwen3-Embedding-8B,A2_rsfi_svd_raw_k20,0.998809375,0.9976695920303605
AdvBench_BB_Safe,0,1320,Qwen3-Embedding-8B,A3_rsfi_svd_whitened_k20,0.994746875,0.989992272743858
AdvBench_BB_Safe,0,1320,Qwen3-Embedding-8B,B1_discriminant_mean_raw,1.0,1.0
AdvBench_BB_Safe,0,1320,Qwen3-Embedding-8B,B1b_discriminant_mean_whitened,1.0,1.0
AdvBench_BB_Safe,0,1320,Qwen3-Embedding-8B,B2_contrastive_svd_raw_k20,1.0,1.0
AdvBench_BB_Safe,0,1320,Qwen3-Embedding-8B,B2b_contrastive_svd_whitened_k20,1.0,1.0
AdvBench_BB_Safe,0,1320,Qwen3-Embedding-8B,C1_logreg_raw,1.0,1.0
AdvBench_BB_Safe,0,1320,Qwen3-Embedding-8B,C1b_logreg_whitened,1.0,1.0
AdvBench_BB_Safe,0,1320,Qwen3-Embedding-8B,B1_raw,1.0,1.0
AdvBench_BB_Safe,0,1320,Qwen3-Embedding-8B,B1b_SigmaT_wh,1.0,1.0
AdvBench_BB_Safe,0,1320,Qwen3-Embedding-8B,B1w_SigmaW_wh,1.0,1.0
AdvBench_BB_Safe,1,1320,Qwen3-Embedding-8B,A1_naive_cosine_raw,0.9972625,0.9955945696918462
AdvBench_BB_Safe,1,1320,Qwen3-Embedding-8B,A1b_cosine_whitened,1.0,1.0
AdvBench_BB_Safe,1,1320,Qwen3-Embedding-8B,A2_rsfi_svd_raw_k20,0.9994749999999999,0.9989130513054798
AdvBench_BB_Safe,1,1320,Qwen3-Embedding-8B,A3_rsfi_svd_whitened_k20,0.993228125,0.9855046599167215
AdvBench_BB_Safe,1,1320,Qwen3-Embedding-8B,B1_discriminant_mean_raw,1.0,1.0
AdvBench_BB_Safe,1,1320,Qwen3-Embedding-8B,B1b_discriminant_mean_whitened,1.0,1.0
AdvBench_BB_Safe,1,1320,Qwen3-Embedding-8B,B2_contrastive_svd_raw_k20,1.0,1.0
AdvBench_BB_Safe,1,1320,Qwen3-Embedding-8B,B2b_contrastive_svd_whitened_k20,1.0,1.0
AdvBench_BB_Safe,1,1320,Qwen3-Embedding-8B,C1_logreg_raw,1.0,1.0
AdvBench_BB_Safe,1,1320,Qwen3-Embedding-8B,C1b_logreg_whitened,1.0,1.0
AdvBench_BB_Safe,1,1320,Qwen3-Embedding-8B,B1_raw,1.0,1.0
AdvBench_BB_Safe,1,1320,Qwen3-Embedding-8B,B1b_SigmaT_wh,1.0,1.0
AdvBench_BB_Safe,1,1320,Qwen3-Embedding-8B,B1w_SigmaW_wh,1.0,1.0
AdvBench_BB_Safe,2,1320,Qwen3-Embedding-8B,A1_naive_cosine_raw,0.996865625,0.9955626599394918
AdvBench_BB_Safe,2,1320,Qwen3-Embedding-8B,A1b_cosine_whitened,1.0,1.0
AdvBench_BB_Safe,2,1320,Qwen3-Embedding-8B,A2_rsfi_svd_raw_k20,0.9999625,0.9998853987709793
AdvBench_BB_Safe,2,1320,Qwen3-Embedding-8B,A3_rsfi_svd_whitened_k20,0.996796875,0.9926977656059722
AdvBench_BB_Safe,2,1320,Qwen3-Embedding-8B,B1_discriminant_mean_raw,1.0,1.0
AdvBench_BB_Safe,2,1320,Qwen3-Embedding-8B,B1b_discriminant_mean_whitened,1.0,1.0
AdvBench_BB_Safe,2,1320,Qwen3-Embedding-8B,B2_contrastive_svd_raw_k20,1.0,1.0
AdvBench_BB_Safe,2,1320,Qwen3-Embedding-8B,B2b_contrastive_svd_whitened_k20,1.0,1.0
AdvBench_BB_Safe,2,1320,Qwen3-Embedding-8B,C1_logreg_raw,1.0,1.0
AdvBench_BB_Safe,2,1320,Qwen3-Embedding-8B,C1b_logreg_whitened,1.0,1.0
AdvBench_BB_Safe,2,1320,Qwen3-Embedding-8B,B1_raw,1.0,1.0
AdvBench_BB_Safe,2,1320,Qwen3-Embedding-8B,B1b_SigmaT_wh,1.0,1.0
AdvBench_BB_Safe,2,1320,Qwen3-Embedding-8B,B1w_SigmaW_wh,1.0,1.0
AdvBench_BB_Safe,3,1320,Qwen3-Embedding-8B,A1_naive_cosine_raw,0.99640625,0.994716632618119
AdvBench_BB_Safe,3,1320,Qwen3-Embedding-8B,A1b_cosine_whitened,1.0,1.0
AdvBench_BB_Safe,3,1320,Qwen3-Embedding-8B,A2_rsfi_svd_raw_k20,0.999671875,0.9992115972217115
AdvBench_BB_Safe,3,1320,Qwen3-Embedding-8B,A3_rsfi_svd_whitened_k20,0.9968781250000001,0.9946369961651589
AdvBench_BB_Safe,3,1320,Qwen3-Embedding-8B,B1_discriminant_mean_raw,1.0,1.0
AdvBench_BB_Safe,3,1320,Qwen3-Embedding-8B,B1b_discriminant_mean_whitened,1.0,1.0
AdvBench_BB_Safe,3,1320,Qwen3-Embedding-8B,B2_contrastive_svd_raw_k20,1.0,1.0
AdvBench_BB_Safe,3,1320,Qwen3-Embedding-8B,B2b_contrastive_svd_whitened_k20,1.0,1.0
AdvBench_BB_Safe,3,1320,Qwen3-Embedding-8B,C1_logreg_raw,1.0,1.0
AdvBench_BB_Safe,3,1320,Qwen3-Embedding-8B,C1b_logreg_whitened,1.0,1.0
AdvBench_BB_Safe,3,1320,Qwen3-Embedding-8B,B1_raw,1.0,1.0
AdvBench_BB_Safe,3,1320,Qwen3-Embedding-8B,B1b_SigmaT_wh,1.0,1.0
AdvBench_BB_Safe,3,1320,Qwen3-Embedding-8B,B1w_SigmaW_wh,1.0,1.0
AdvBench_BB_Safe,4,1320,Qwen3-Embedding-8B,A1_naive_cosine_raw,0.996775,0.9948421278611986
AdvBench_BB_Safe,4,1320,Qwen3-Embedding-8B,A1b_cosine_whitened,1.0,1.0
AdvBench_BB_Safe,4,1320,Qwen3-Embedding-8B,A2_rsfi_svd_raw_k20,0.999771875,0.9994129828937888
AdvBench_BB_Safe,4,1320,Qwen3-Embedding-8B,A3_rsfi_svd_whitened_k20,0.9977625,0.9942662028069892
AdvBench_BB_Safe,4,1320,Qwen3-Embedding-8B,B1_discriminant_mean_raw,1.0,1.0
AdvBench_BB_Safe,4,1320,Qwen3-Embedding-8B,B1b_discriminant_mean_whitened,1.0,1.0
AdvBench_BB_Safe,4,1320,Qwen3-Embedding-8B,B2_contrastive_svd_raw_k20,1.0,1.0
AdvBench_BB_Safe,4,1320,Qwen3-Embedding-8B,B2b_contrastive_svd_whitened_k20,1.0,1.0
AdvBench_BB_Safe,4,1320,Qwen3-Embedding-8B,C1_logreg_raw,1.0,1.0
AdvBench_BB_Safe,4,1320,Qwen3-Embedding-8B,C1b_logreg_whitened,1.0,1.0
AdvBench_BB_Safe,4,1320,Qwen3-Embedding-8B,B1_raw,1.0,1.0
AdvBench_BB_Safe,4,1320,Qwen3-Embedding-8B,B1b_SigmaT_wh,1.0,1.0
AdvBench_BB_Safe,4,1320,Qwen3-Embedding-8B,B1w_SigmaW_wh,1.0,1.0
AdvBench_BB_Mixed,0,720,all-mpnet-base-v2,A1_naive_cosine_raw,0.9981328125,0.9977330930228747
AdvBench_BB_Mixed,0,720,all-mpnet-base-v2,A1b_cosine_whitened,0.9992890625,0.9991708888909127
AdvBench_BB_Mixed,0,720,all-mpnet-base-v2,A2_rsfi_svd_raw_k20,0.9995390625,0.9994498088377685
AdvBench_BB_Mixed,0,720,all-mpnet-base-v2,A3_rsfi_svd_whitened_k20,0.9697265625,0.9660044503863766
AdvBench_BB_Mixed,0,720,all-mpnet-base-v2,B1_discriminant_mean_raw,0.9985078125,0.998272441735308
AdvBench_BB_Mixed,0,720,all-mpnet-base-v2,B1b_discriminant_mean_whitened,0.9995078125,0.9994161169610458
AdvBench_BB_Mixed,0,720,all-mpnet-base-v2,B2_contrastive_svd_raw_k20,0.9995,0.9994141088957307
AdvBench_BB_Mixed,0,720,all-mpnet-base-v2,B2b_contrastive_svd_whitened_k20,0.9921093750000001,0.990283013245121
AdvBench_BB_Mixed,0,720,all-mpnet-base-v2,C1_logreg_raw,0.9995390625,0.999453407406792
AdvBench_BB_Mixed,0,720,all-mpnet-base-v2,C1b_logreg_whitened,0.9996328124999999,0.9995565590511145
AdvBench_BB_Mixed,0,720,all-mpnet-base-v2,B1_raw,0.9985078125,0.998272441735308
AdvBench_BB_Mixed,0,720,all-mpnet-base-v2,B1b_SigmaT_wh,0.9995078125,0.9994161169610458
AdvBench_BB_Mixed,0,720,all-mpnet-base-v2,B1w_SigmaW_wh,0.9997578125000001,0.999703324426255
AdvBench_BB_Mixed,1,720,all-mpnet-base-v2,A1_naive_cosine_raw,0.9985625,0.9982161708492477
AdvBench_BB_Mixed,1,720,all-mpnet-base-v2,A1b_cosine_whitened,0.9989609374999999,0.9988540580715659
AdvBench_BB_Mixed,1,720,all-mpnet-base-v2,A2_rsfi_svd_raw_k20,0.9997421875,0.9996858263590694
AdvBench_BB_Mixed,1,720,all-mpnet-base-v2,A3_rsfi_svd_whitened_k20,0.9517109375,0.9486698947093708
AdvBench_BB_Mixed,1,720,all-mpnet-base-v2,B1_discriminant_mean_raw,0.999171875,0.9990437561353772
AdvBench_BB_Mixed,1,720,all-mpnet-base-v2,B1b_discriminant_mean_whitened,0.9992421874999999,0.9991408396797804
AdvBench_BB_Mixed,1,720,all-mpnet-base-v2,B2_contrastive_svd_raw_k20,0.9998359375,0.9998026945475436
AdvBench_BB_Mixed,1,720,all-mpnet-base-v2,B2b_contrastive_svd_whitened_k20,0.9859765625,0.9834439128682321
AdvBench_BB_Mixed,1,720,all-mpnet-base-v2,C1_logreg_raw,0.9997578125000001,0.9997166774817576
AdvBench_BB_Mixed,1,720,all-mpnet-base-v2,C1b_logreg_whitened,0.99928125,0.9991928081199617
AdvBench_BB_Mixed,1,720,all-mpnet-base-v2,B1_raw,0.999171875,0.9990437561353772
AdvBench_BB_Mixed,1,720,all-mpnet-base-v2,B1b_SigmaT_wh,0.9992421874999999,0.9991408396797804
AdvBench_BB_Mixed,1,720,all-mpnet-base-v2,B1w_SigmaW_wh,0.999484375,0.9994098201968379
AdvBench_BB_Mixed,2,720,all-mpnet-base-v2,A1_naive_cosine_raw,0.9983984374999999,0.998081552733212
AdvBench_BB_Mixed,2,720,all-mpnet-base-v2,A1b_cosine_whitened,0.999546875,0.9994977691401272
AdvBench_BB_Mixed,2,720,all-mpnet-base-v2,A2_rsfi_svd_raw_k20,0.9997343750000001,0.9996771145028542
AdvBench_BB_Mixed,2,720,all-mpnet-base-v2,A3_rsfi_svd_whitened_k20,0.9601718749999999,0.9554661010580917
AdvBench_BB_Mixed,2,720,all-mpnet-base-v2,B1_discriminant_mean_raw,0.9983125,0.9980633545556852
AdvBench_BB_Mixed,2,720,all-mpnet-base-v2,B1b_discriminant_mean_whitened,0.9996015625,0.9995525053466771
AdvBench_BB_Mixed,2,720,all-mpnet-base-v2,B2_contrastive_svd_raw_k20,0.9997265625,0.9996709183991432
AdvBench_BB_Mixed,2,720,all-mpnet-base-v2,B2b_contrastive_svd_whitened_k20,0.9883515625,0.9852856432050313
AdvBench_BB_Mixed,2,720,all-mpnet-base-v2,C1_logreg_raw,0.9995234375000001,0.9994504627381705
AdvBench_BB_Mixed,2,720,all-mpnet-base-v2,C1b_logreg_whitened,0.9994921875,0.9994474008339591
AdvBench_BB_Mixed,2,720,all-mpnet-base-v2,B1_raw,0.9983125,0.9980633545556852
AdvBench_BB_Mixed,2,720,all-mpnet-base-v2,B1b_SigmaT_wh,0.9996015625,0.9995525053466771
AdvBench_BB_Mixed,2,720,all-mpnet-base-v2,B1w_SigmaW_wh,0.9995390625,0.9995000586023418
AdvBench_BB_Mixed,3,720,all-mpnet-base-v2,A1_naive_cosine_raw,0.9986640625,0.998386557134251
AdvBench_BB_Mixed,3,720,all-mpnet-base-v2,A1b_cosine_whitened,0.9997734375,0.9997202800353071
AdvBench_BB_Mixed,3,720,all-mpnet-base-v2,A2_rsfi_svd_raw_k20,0.999734375,0.9996774755483582
AdvBench_BB_Mixed,3,720,all-mpnet-base-v2,A3_rsfi_svd_whitened_k20,0.9736640624999999,0.9709355759171606
AdvBench_BB_Mixed,3,720,all-mpnet-base-v2,B1_discriminant_mean_raw,0.9987109375000001,0.9985033794139636
AdvBench_BB_Mixed,3,720,all-mpnet-base-v2,B1b_discriminant_mean_whitened,0.99984375,0.9998053477333984
AdvBench_BB_Mixed,3,720,all-mpnet-base-v2,B2_contrastive_svd_raw_k20,0.9997343750000001,0.9996792052050687
AdvBench_BB_Mixed,3,720,all-mpnet-base-v2,B2b_contrastive_svd_whitened_k20,0.9928203124999999,0.9906935419332457
AdvBench_BB_Mixed,3,720,all-mpnet-base-v2,C1_logreg_raw,0.9996796875,0.9996254687787975
AdvBench_BB_Mixed,3,720,all-mpnet-base-v2,C1b_logreg_whitened,0.9998515625000001,0.9998141307767316
AdvBench_BB_Mixed,3,720,all-mpnet-base-v2,B1_raw,0.9987109375000001,0.9985033794139636
AdvBench_BB_Mixed,3,720,all-mpnet-base-v2,B1b_SigmaT_wh,0.99984375,0.9998053477333984
AdvBench_BB_Mixed,3,720,all-mpnet-base-v2,B1w_SigmaW_wh,0.9998828125,0.9998548834900074
AdvBench_BB_Mixed,4,720,all-mpnet-base-v2,A1_naive_cosine_raw,0.9985703125,0.9982684432569338
AdvBench_BB_Mixed,4,720,all-mpnet-base-v2,A1b_cosine_whitened,0.999515625,0.999435851158892
AdvBench_BB_Mixed,4,720,all-mpnet-base-v2,A2_rsfi_svd_raw_k20,0.9996875,0.9996221515818718
AdvBench_BB_Mixed,4,720,all-mpnet-base-v2,A3_rsfi_svd_whitened_k20,0.9807812499999999,0.9778532237582604
AdvBench_BB_Mixed,4,720,all-mpnet-base-v2,B1_discriminant_mean_raw,0.9987031249999999,0.9984908140171056
AdvBench_BB_Mixed,4,720,all-mpnet-base-v2,B1b_discriminant_mean_whitened,0.9997734375,0.9997254936134543
AdvBench_BB_Mixed,4,720,all-mpnet-base-v2,B2_contrastive_svd_raw_k20,0.999671875,0.9996093366379004
AdvBench_BB_Mixed,4,720,all-mpnet-base-v2,B2b_contrastive_svd_whitened_k20,0.9966484375,0.9960795408872812
AdvBench_BB_Mixed,4,720,all-mpnet-base-v2,C1_logreg_raw,0.99965625,0.9995963880163338
AdvBench_BB_Mixed,4,720,all-mpnet-base-v2,C1b_logreg_whitened,0.99978125,0.9997354870153561
AdvBench_BB_Mixed,4,720,all-mpnet-base-v2,B1_raw,0.9987031249999999,0.9984908140171056
AdvBench_BB_Mixed,4,720,all-mpnet-base-v2,B1b_SigmaT_wh,0.9997734375,0.9997254936134543
AdvBench_BB_Mixed,4,720,all-mpnet-base-v2,B1w_SigmaW_wh,0.9998359375,0.9998025443193581
AdvBench_BB_Mixed,0,720,bge-base-en-v1.5,A1_naive_cosine_raw,0.9972890625,0.9966815907650913
AdvBench_BB_Mixed,0,720,bge-base-en-v1.5,A1b_cosine_whitened,0.9998359375,0.9997949056101904
AdvBench_BB_Mixed,0,720,bge-base-en-v1.5,A2_rsfi_svd_raw_k20,0.999734375,0.9996677511494252
AdvBench_BB_Mixed,0,720,bge-base-en-v1.5,A3_rsfi_svd_whitened_k20,0.9702500000000001,0.9643356810341317
AdvBench_BB_Mixed,0,720,bge-base-en-v1.5,B1_discriminant_mean_raw,0.9972421874999999,0.9964488032835616
AdvBench_BB_Mixed,0,720,bge-base-en-v1.5,B1b_discriminant_mean_whitened,0.9999140625,0.9998915809547516
AdvBench_BB_Mixed,0,720,bge-base-en-v1.5,B2_contrastive_svd_raw_k20,0.9991718749999999,0.9989387058843034
AdvBench_BB_Mixed,0,720,bge-base-en-v1.5,B2b_contrastive_svd_whitened_k20,0.990734375,0.9881719898998629
AdvBench_BB_Mixed,0,720,bge-base-en-v1.5,C1_logreg_raw,0.99946875,0.9993263316523605
AdvBench_BB_Mixed,0,720,bge-base-en-v1.5,C1b_logreg_whitened,0.999890625,0.9998618372481655
AdvBench_BB_Mixed,0,720,bge-base-en-v1.5,B1_raw,0.9972421874999999,0.9964488032835616
AdvBench_BB_Mixed,0,720,bge-base-en-v1.5,B1b_SigmaT_wh,0.9999140625,0.9998915809547516
AdvBench_BB_Mixed,0,720,bge-base-en-v1.5,B1w_SigmaW_wh,0.9999140625,0.9998915809547516
AdvBench_BB_Mixed,1,720,bge-base-en-v1.5,A1_naive_cosine_raw,0.997,0.9964371217546568
AdvBench_BB_Mixed,1,720,bge-base-en-v1.5,A1b_cosine_whitened,0.9996640625,0.9995976903904803
AdvBench_BB_Mixed,1,720,bge-base-en-v1.5,A2_rsfi_svd_raw_k20,0.9995468750000001,0.9994617333887807
AdvBench_BB_Mixed,1,720,bge-base-en-v1.5,A3_rsfi_svd_whitened_k20,0.9649453125,0.9583964261846114
AdvBench_BB_Mixed,1,720,bge-base-en-v1.5,B1_discriminant_mean_raw,0.9976953125,0.9971719094651632
AdvBench_BB_Mixed,1,720,bge-base-en-v1.5,B1b_discriminant_mean_whitened,0.99984375,0.9998084467571161
AdvBench_BB_Mixed,1,720,bge-base-en-v1.5,B2_contrastive_svd_raw_k20,0.999390625,0.9992440728754914
AdvBench_BB_Mixed,1,720,bge-base-en-v1.5,B2b_contrastive_svd_whitened_k20,0.989359375,0.9859556985728257
AdvBench_BB_Mixed,1,720,bge-base-en-v1.5,C1_logreg_raw,0.9997109375,0.9996437832059035
AdvBench_BB_Mixed,1,720,bge-base-en-v1.5,C1b_logreg_whitened,0.99990625,0.9998839001869075
AdvBench_BB_Mixed,1,720,bge-base-en-v1.5,B1_raw,0.9976953125,0.9971719094651632
AdvBench_BB_Mixed,1,720,bge-base-en-v1.5,B1b_SigmaT_wh,0.99984375,0.9998084467571161
AdvBench_BB_Mixed,1,720,bge-base-en-v1.5,B1w_SigmaW_wh,0.9999609375,0.9999515048272137
AdvBench_BB_Mixed,2,720,bge-base-en-v1.5,A1_naive_cosine_raw,0.9973515625,0.9967873566964252
AdvBench_BB_Mixed,2,720,bge-base-en-v1.5,A1b_cosine_whitened,0.999671875,0.9996088310565574
AdvBench_BB_Mixed,2,720,bge-base-en-v1.5,A2_rsfi_svd_raw_k20,0.999765625,0.999707261147514
AdvBench_BB_Mixed,2,720,bge-base-en-v1.5,A3_rsfi_svd_whitened_k20,0.957125,0.9526109096027053
AdvBench_BB_Mixed,2,720,bge-base-en-v1.5,B1_discriminant_mean_raw,0.996328125,0.9953908609432375
AdvBench_BB_Mixed,2,720,bge-base-en-v1.5,B1b_discriminant_mean_whitened,0.9998046875,0.9997666215669722
AdvBench_BB_Mixed,2,720,bge-base-en-v1.5,B2_contrastive_svd_raw_k20,0.9992109375,0.9989987693373243
AdvBench_BB_Mixed,2,720,bge-base-en-v1.5,B2b_contrastive_svd_whitened_k20,0.9851015625,0.9820145395765282
AdvBench_BB_Mixed,2,720,bge-base-en-v1.5,C1_logreg_raw,0.9993749999999999,0.9992362007507816
AdvBench_BB_Mixed,2,720,bge-base-en-v1.5,C1b_logreg_whitened,0.9998125,0.9997763565787277
AdvBench_BB_Mixed,2,720,bge-base-en-v1.5,B1_raw,0.996328125,0.9953908609432375
AdvBench_BB_Mixed,2,720,bge-base-en-v1.5,B1b_SigmaT_wh,0.9998046875,0.9997666215669722
AdvBench_BB_Mixed,2,720,bge-base-en-v1.5,B1w_SigmaW_wh,0.999921875,0.9999047480528116
AdvBench_BB_Mixed,3,720,bge-base-en-v1.5,A1_naive_cosine_raw,0.9974140624999999,0.9970080493355152
AdvBench_BB_Mixed,3,720,bge-base-en-v1.5,A1b_cosine_whitened,0.99984375,0.9998072071788902
AdvBench_BB_Mixed,3,720,bge-base-en-v1.5,A2_rsfi_svd_raw_k20,0.9994375,0.9993515604644215
AdvBench_BB_Mixed,3,720,bge-base-en-v1.5,A3_rsfi_svd_whitened_k20,0.9674921875,0.9604703565414732
AdvBench_BB_Mixed,3,720,bge-base-en-v1.5,B1_discriminant_mean_raw,0.99759375,0.9970501530167009
AdvBench_BB_Mixed,3,720,bge-base-en-v1.5,B1b_discriminant_mean_whitened,0.9999296875,0.9999126547178891
AdvBench_BB_Mixed,3,720,bge-base-en-v1.5,B2_contrastive_svd_raw_k20,0.9993046875,0.9991457581820324
AdvBench_BB_Mixed,3,720,bge-base-en-v1.5,B2b_contrastive_svd_whitened_k20,0.9900859375000001,0.9866001370687768
AdvBench_BB_Mixed,3,720,bge-base-en-v1.5,C1_logreg_raw,0.9996953125,0.9996265925011395
AdvBench_BB_Mixed,3,720,bge-base-en-v1.5,C1b_logreg_whitened,0.9999140625,0.9998932721947523
AdvBench_BB_Mixed,3,720,bge-base-en-v1.5,B1_raw,0.99759375,0.9970501530167009
AdvBench_BB_Mixed,3,720,bge-base-en-v1.5,B1b_SigmaT_wh,0.9999296875,0.9999126547178891
AdvBench_BB_Mixed,3,720,bge-base-en-v1.5,B1w_SigmaW_wh,0.9999609375,0.9999513234188828
AdvBench_BB_Mixed,4,720,bge-base-en-v1.5,A1_naive_cosine_raw,0.9977109375,0.997242133541715
AdvBench_BB_Mixed,4,720,bge-base-en-v1.5,A1b_cosine_whitened,0.9998750000000001,0.9998463794662716
AdvBench_BB_Mixed,4,720,bge-base-en-v1.5,A2_rsfi_svd_raw_k20,0.999328125,0.9991828391346338
AdvBench_BB_Mixed,4,720,bge-base-en-v1.5,A3_rsfi_svd_whitened_k20,0.9741875,0.9678588490309087
AdvBench_BB_Mixed,4,720,bge-base-en-v1.5,B1_discriminant_mean_raw,0.997296875,0.9964626100036323
AdvBench_BB_Mixed,4,720,bge-base-en-v1.5,B1b_discriminant_mean_whitened,0.999859375,0.9998274630760942
AdvBench_BB_Mixed,4,720,bge-base-en-v1.5,B2_contrastive_svd_raw_k20,0.9990781249999999,0.9988276968991778
AdvBench_BB_Mixed,4,720,bge-base-en-v1.5,B2b_contrastive_svd_whitened_k20,0.99253125,0.990194972805411
AdvBench_BB_Mixed,4,720,bge-base-en-v1.5,C1_logreg_raw,0.999671875,0.999589230536831
AdvBench_BB_Mixed,4,720,bge-base-en-v1.5,C1b_logreg_whitened,0.9998359375,0.9997993320020724
AdvBench_BB_Mixed,4,720,bge-base-en-v1.5,B1_raw,0.997296875,0.9964626100036323
AdvBench_BB_Mixed,4,720,bge-base-en-v1.5,B1b_SigmaT_wh,0.999859375,0.9998274630760942
AdvBench_BB_Mixed,4,720,bge-base-en-v1.5,B1w_SigmaW_wh,0.999890625,0.9998651690726147
AdvBench_BB_Mixed,0,720,bge-large-en-v1.5,A1_naive_cosine_raw,0.998140625,0.997649781013696
AdvBench_BB_Mixed,0,720,bge-large-en-v1.5,A1b_cosine_whitened,0.999953125,0.9999415863249285
AdvBench_BB_Mixed,0,720,bge-large-en-v1.5,A2_rsfi_svd_raw_k20,0.9998515625000001,0.9998151908853647
AdvBench_BB_Mixed,0,720,bge-large-en-v1.5,A3_rsfi_svd_whitened_k20,0.965859375,0.9615269984484145
AdvBench_BB_Mixed,0,720,bge-large-en-v1.5,B1_discriminant_mean_raw,0.9980703125,0.9975431461347352
AdvBench_BB_Mixed,0,720,bge-large-en-v1.5,B1b_discriminant_mean_whitened,0.9998984375000001,0.9998754116678429
AdvBench_BB_Mixed,0,720,bge-large-en-v1.5,B2_contrastive_svd_raw_k20,0.999203125,0.9990690658399922
AdvBench_BB_Mixed,0,720,bge-large-en-v1.5,B2b_contrastive_svd_whitened_k20,0.9898203125,0.9874462334454264
AdvBench_BB_Mixed,0,720,bge-large-en-v1.5,C1_logreg_raw,0.99965625,0.9995501107935318
AdvBench_BB_Mixed,0,720,bge-large-en-v1.5,C1b_logreg_whitened,0.999859375,0.9998290468092599
AdvBench_BB_Mixed,0,720,bge-large-en-v1.5,B1_raw,0.9980703125,0.9975431461347352
AdvBench_BB_Mixed,0,720,bge-large-en-v1.5,B1b_SigmaT_wh,0.9998984375000001,0.9998754116678429
AdvBench_BB_Mixed,0,720,bge-large-en-v1.5,B1w_SigmaW_wh,0.9999609375,0.9999515048272137
AdvBench_BB_Mixed,1,720,bge-large-en-v1.5,A1_naive_cosine_raw,0.9986796875,0.9983757052795552
AdvBench_BB_Mixed,1,720,bge-large-en-v1.5,A1b_cosine_whitened,0.9997265625,0.9996735338657147
AdvBench_BB_Mixed,1,720,bge-large-en-v1.5,A2_rsfi_svd_raw_k20,0.9998125,0.9997706407718521
AdvBench_BB_Mixed,1,720,bge-large-en-v1.5,A3_rsfi_svd_whitened_k20,0.9493359375,0.9433897109548977
AdvBench_BB_Mixed,1,720,bge-large-en-v1.5,B1_discriminant_mean_raw,0.99903125,0.9988229384461795
AdvBench_BB_Mixed,1,720,bge-large-en-v1.5,B1b_discriminant_mean_whitened,0.999796875,0.9997527886208191
AdvBench_BB_Mixed,1,720,bge-large-en-v1.5,B2_contrastive_svd_raw_k20,0.9996562499999999,0.999579934346305
AdvBench_BB_Mixed,1,720,bge-large-en-v1.5,B2b_contrastive_svd_whitened_k20,0.986421875,0.9829465087074041
AdvBench_BB_Mixed,1,720,bge-large-en-v1.5,C1_logreg_raw,0.9999296875,0.9999132180193477
AdvBench_BB_Mixed,1,720,bge-large-en-v1.5,C1b_logreg_whitened,0.999765625,0.9997152942530227
AdvBench_BB_Mixed,1,720,bge-large-en-v1.5,B1_raw,0.99903125,0.9988229384461795
AdvBench_BB_Mixed,1,720,bge-large-en-v1.5,B1b_SigmaT_wh,0.999796875,0.9997527886208191
AdvBench_BB_Mixed,1,720,bge-large-en-v1.5,B1w_SigmaW_wh,0.9999296875,0.9999129214219387
AdvBench_BB_Mixed,2,720,bge-large-en-v1.5,A1_naive_cosine_raw,0.9982578125,0.9978041302313763
AdvBench_BB_Mixed,2,720,bge-large-en-v1.5,A1b_cosine_whitened,0.999625,0.9995923913043478
AdvBench_BB_Mixed,2,720,bge-large-en-v1.5,A2_rsfi_svd_raw_k20,0.9999296875,0.9999129214219385
AdvBench_BB_Mixed,2,720,bge-large-en-v1.5,A3_rsfi_svd_whitened_k20,0.9666953125,0.9612908152119723
AdvBench_BB_Mixed,2,720,bge-large-en-v1.5,B1_discriminant_mean_raw,0.99746875,0.9968727138093034
AdvBench_BB_Mixed,2,720,bge-large-en-v1.5,B1b_discriminant_mean_whitened,0.9997265625,0.9996919014084507
AdvBench_BB_Mixed,2,720,bge-large-en-v1.5,B2_contrastive_svd_raw_k20,0.9994921874999999,0.9993763363899382
AdvBench_BB_Mixed,2,720,bge-large-en-v1.5,B2b_contrastive_svd_whitened_k20,0.991515625,0.9889907803289527
AdvBench_BB_Mixed,2,720,bge-large-en-v1.5,C1_logreg_raw,0.999484375,0.9993604876869524
AdvBench_BB_Mixed,2,720,bge-large-en-v1.5,C1b_logreg_whitened,0.9997578125,0.9997240028490029
AdvBench_BB_Mixed,2,720,bge-large-en-v1.5,B1_raw,0.99746875,0.9968727138093034
AdvBench_BB_Mixed,2,720,bge-large-en-v1.5,B1b_SigmaT_wh,0.9997265625,0.9996919014084507
AdvBench_BB_Mixed,2,720,bge-large-en-v1.5,B1w_SigmaW_wh,0.9998515625,0.9998248525073746
AdvBench_BB_Mixed,3,720,bge-large-en-v1.5,A1_naive_cosine_raw,0.9988828125,0.9986360523824813
AdvBench_BB_Mixed,3,720,bge-large-en-v1.5,A1b_cosine_whitened,0.9998281250000001,0.9997941337418031
AdvBench_BB_Mixed,3,720,bge-large-en-v1.5,A2_rsfi_svd_raw_k20,0.9998671875,0.9998375464716611
AdvBench_BB_Mixed,3,720,bge-large-en-v1.5,A3_rsfi_svd_whitened_k20,0.9734687500000001,0.9676558974559142
AdvBench_BB_Mixed,3,720,bge-large-en-v1.5,B1_discriminant_mean_raw,0.9987109375,0.998469431290059
AdvBench_BB_Mixed,3,720,bge-large-en-v1.5,B1b_discriminant_mean_whitened,0.99990625,0.9998863824112538
AdvBench_BB_Mixed,3,720,bge-large-en-v1.5,B2_contrastive_svd_raw_k20,0.9996796875,0.999613287072135
AdvBench_BB_Mixed,3,720,bge-large-en-v1.5,B2b_contrastive_svd_whitened_k20,0.991734375,0.9891753584805878
AdvBench_BB_Mixed,3,720,bge-large-en-v1.5,C1_logreg_raw,0.9999218750000001,0.9999039890687029
AdvBench_BB_Mixed,3,720,bge-large-en-v1.5,C1b_logreg_whitened,0.9998984375000001,0.9998766776312693
AdvBench_BB_Mixed,3,720,bge-large-en-v1.5,B1_raw,0.9987109375,0.998469431290059
AdvBench_BB_Mixed,3,720,bge-large-en-v1.5,B1b_SigmaT_wh,0.99990625,0.9998863824112538
AdvBench_BB_Mixed,3,720,bge-large-en-v1.5,B1w_SigmaW_wh,0.9999765625,0.9999709752321981
AdvBench_BB_Mixed,4,720,bge-large-en-v1.5,A1_naive_cosine_raw,0.9987578125,0.9984298161487163
AdvBench_BB_Mixed,4,720,bge-large-en-v1.5,A1b_cosine_whitened,0.9999375,0.9999228081700908
AdvBench_BB_Mixed,4,720,bge-large-en-v1.5,A2_rsfi_svd_raw_k20,0.99984375,0.9998045292351638
AdvBench_BB_Mixed,4,720,bge-large-en-v1.5,A3_rsfi_svd_whitened_k20,0.978015625,0.9750068474094984
AdvBench_BB_Mixed,4,720,bge-large-en-v1.5,B1_discriminant_mean_raw,0.998109375,0.9975126122056707
AdvBench_BB_Mixed,4,720,bge-large-en-v1.5,B1b_discriminant_mean_whitened,0.9999765625,0.9999708244371118
AdvBench_BB_Mixed,4,720,bge-large-en-v1.5,B2_contrastive_svd_raw_k20,0.9994999999999999,0.999388294310708
AdvBench_BB_Mixed,4,720,bge-large-en-v1.5,B2b_contrastive_svd_whitened_k20,0.9952031250000001,0.9938331495913909
AdvBench_BB_Mixed,4,720,bge-large-en-v1.5,C1_logreg_raw,0.99971875,0.9996374556047677
AdvBench_BB_Mixed,4,720,bge-large-en-v1.5,C1b_logreg_whitened,0.999984375,0.9999805900621118
AdvBench_BB_Mixed,4,720,bge-large-en-v1.5,B1_raw,0.998109375,0.9975126122056707
AdvBench_BB_Mixed,4,720,bge-large-en-v1.5,B1b_SigmaT_wh,0.9999765625,0.9999708244371118
AdvBench_BB_Mixed,4,720,bge-large-en-v1.5,B1w_SigmaW_wh,1.0,1.0
AdvBench_BB_Mixed,0,720,Qwen3-Embedding-8B,A1_naive_cosine_raw,0.999,0.9988213163862635
AdvBench_BB_Mixed,0,720,Qwen3-Embedding-8B,A1b_cosine_whitened,0.9999921875000001,0.9999902647975079
AdvBench_BB_Mixed,0,720,Qwen3-Embedding-8B,A2_rsfi_svd_raw_k20,0.9993515625,0.9992444756654273
AdvBench_BB_Mixed,0,720,Qwen3-Embedding-8B,A3_rsfi_svd_whitened_k20,0.9874687499999999,0.9852447376531175
AdvBench_BB_Mixed,0,720,Qwen3-Embedding-8B,B1_discriminant_mean_raw,0.999734375,0.9996947362057739
AdvBench_BB_Mixed,0,720,Qwen3-Embedding-8B,B1b_discriminant_mean_whitened,1.0,1.0
AdvBench_BB_Mixed,0,720,Qwen3-Embedding-8B,B2_contrastive_svd_raw_k20,0.9998671875,0.9998406042218813
AdvBench_BB_Mixed,0,720,Qwen3-Embedding-8B,B2b_contrastive_svd_whitened_k20,0.999421875,0.9992586859001801
AdvBench_BB_Mixed,0,720,Qwen3-Embedding-8B,C1_logreg_raw,0.9999921875000001,0.9999902647975079
AdvBench_BB_Mixed,0,720,Qwen3-Embedding-8B,C1b_logreg_whitened,1.0,1.0
AdvBench_BB_Mixed,0,720,Qwen3-Embedding-8B,B1_raw,0.999734375,0.9996947362057739
AdvBench_BB_Mixed,0,720,Qwen3-Embedding-8B,B1b_SigmaT_wh,1.0,1.0
AdvBench_BB_Mixed,0,720,Qwen3-Embedding-8B,B1w_SigmaW_wh,1.0,1.0
AdvBench_BB_Mixed,1,720,Qwen3-Embedding-8B,A1_naive_cosine_raw,0.9975624999999999,0.9981017290444474
AdvBench_BB_Mixed,1,720,Qwen3-Embedding-8B,A1b_cosine_whitened,1.0,1.0
AdvBench_BB_Mixed,1,720,Qwen3-Embedding-8B,A2_rsfi_svd_raw_k20,0.9997031249999999,0.9996454007380409
AdvBench_BB_Mixed,1,720,Qwen3-Embedding-8B,A3_rsfi_svd_whitened_k20,0.9797421875000001,0.975120933703275
AdvBench_BB_Mixed,1,720,Qwen3-Embedding-8B,B1_discriminant_mean_raw,0.999984375,0.9999804991725079
AdvBench_BB_Mixed,1,720,Qwen3-Embedding-8B,B1b_discriminant_mean_whitened,1.0,1.0
AdvBench_BB_Mixed,1,720,Qwen3-Embedding-8B,B2_contrastive_svd_raw_k20,0.9999921875000001,0.9999902647975079
AdvBench_BB_Mixed,1,720,Qwen3-Embedding-8B,B2b_contrastive_svd_whitened_k20,0.9988125,0.9984580307145874
AdvBench_BB_Mixed,1,720,Qwen3-Embedding-8B,C1_logreg_raw,1.0,1.0
AdvBench_BB_Mixed,1,720,Qwen3-Embedding-8B,C1b_logreg_whitened,1.0,1.0
AdvBench_BB_Mixed,1,720,Qwen3-Embedding-8B,B1_raw,0.999984375,0.9999804991725079
AdvBench_BB_Mixed,1,720,Qwen3-Embedding-8B,B1b_SigmaT_wh,1.0,1.0
AdvBench_BB_Mixed,1,720,Qwen3-Embedding-8B,B1w_SigmaW_wh,1.0,1.0
AdvBench_BB_Mixed,2,720,Qwen3-Embedding-8B,A1_naive_cosine_raw,0.9971484375,0.9978082465679792
AdvBench_BB_Mixed,2,720,Qwen3-Embedding-8B,A1b_cosine_whitened,1.0,1.0
AdvBench_BB_Mixed,2,720,Qwen3-Embedding-8B,A2_rsfi_svd_raw_k20,0.9996171875,0.9995299276182371
AdvBench_BB_Mixed,2,720,Qwen3-Embedding-8B,A3_rsfi_svd_whitened_k20,0.987609375,0.9851375942640308
AdvBench_BB_Mixed,2,720,Qwen3-Embedding-8B,B1_discriminant_mean_raw,0.999953125,0.999941949348102
AdvBench_BB_Mixed,2,720,Qwen3-Embedding-8B,B1b_discriminant_mean_whitened,1.0,1.0
AdvBench_BB_Mixed,2,720,Qwen3-Embedding-8B,B2_contrastive_svd_raw_k20,1.0,1.0
AdvBench_BB_Mixed,2,720,Qwen3-Embedding-8B,B2b_contrastive_svd_whitened_k20,0.999375,0.9992108714063772
AdvBench_BB_Mixed,2,720,Qwen3-Embedding-8B,C1_logreg_raw,1.0,1.0
AdvBench_BB_Mixed,2,720,Qwen3-Embedding-8B,C1b_logreg_whitened,1.0,1.0
AdvBench_BB_Mixed,2,720,Qwen3-Embedding-8B,B1_raw,0.999953125,0.999941949348102
AdvBench_BB_Mixed,2,720,Qwen3-Embedding-8B,B1b_SigmaT_wh,1.0,1.0
AdvBench_BB_Mixed,2,720,Qwen3-Embedding-8B,B1w_SigmaW_wh,1.0,1.0
AdvBench_BB_Mixed,3,720,Qwen3-Embedding-8B,A1_naive_cosine_raw,0.9970078124999999,0.9977428547334657
AdvBench_BB_Mixed,3,720,Qwen3-Embedding-8B,A1b_cosine_whitened,1.0,1.0
AdvBench_BB_Mixed,3,720,Qwen3-Embedding-8B,A2_rsfi_svd_raw_k20,0.9996171875,0.9995397890465605
AdvBench_BB_Mixed,3,720,Qwen3-Embedding-8B,A3_rsfi_svd_whitened_k20,0.9903046875,0.9873689677881388
AdvBench_BB_Mixed,3,720,Qwen3-Embedding-8B,B1_discriminant_mean_raw,0.9998359375,0.999807551319648
AdvBench_BB_Mixed,3,720,Qwen3-Embedding-8B,B1b_discriminant_mean_whitened,1.0,1.0
AdvBench_BB_Mixed,3,720,Qwen3-Embedding-8B,B2_contrastive_svd_raw_k20,0.9999687500000001,0.9999612096071981
AdvBench_BB_Mixed,3,720,Qwen3-Embedding-8B,B2b_contrastive_svd_whitened_k20,0.9988515625,0.9984561708027611
AdvBench_BB_Mixed,3,720,Qwen3-Embedding-8B,C1_logreg_raw,1.0,1.0
AdvBench_BB_Mixed,3,720,Qwen3-Embedding-8B,C1b_logreg_whitened,1.0,1.0
AdvBench_BB_Mixed,3,720,Qwen3-Embedding-8B,B1_raw,0.9998359375,0.999807551319648
AdvBench_BB_Mixed,3,720,Qwen3-Embedding-8B,B1b_SigmaT_wh,1.0,1.0
AdvBench_BB_Mixed,3,720,Qwen3-Embedding-8B,B1w_SigmaW_wh,1.0,1.0
AdvBench_BB_Mixed,4,720,Qwen3-Embedding-8B,A1_naive_cosine_raw,0.9974999999999999,0.9979248217481621
AdvBench_BB_Mixed,4,720,Qwen3-Embedding-8B,A1b_cosine_whitened,1.0,1.0
AdvBench_BB_Mixed,4,720,Qwen3-Embedding-8B,A2_rsfi_svd_raw_k20,0.9996171875000001,0.9995341831074251
AdvBench_BB_Mixed,4,720,Qwen3-Embedding-8B,A3_rsfi_svd_whitened_k20,0.99125,0.9879309756929904
AdvBench_BB_Mixed,4,720,Qwen3-Embedding-8B,B1_discriminant_mean_raw,0.9999687500000001,0.9999612096071981
AdvBench_BB_Mixed,4,720,Qwen3-Embedding-8B,B1b_discriminant_mean_whitened,1.0,1.0
AdvBench_BB_Mixed,4,720,Qwen3-Embedding-8B,B2_contrastive_svd_raw_k20,0.999953125,0.9999418603253658
AdvBench_BB_Mixed,4,720,Qwen3-Embedding-8B,B2b_contrastive_svd_whitened_k20,0.998703125,0.9979582297064964
AdvBench_BB_Mixed,4,720,Qwen3-Embedding-8B,C1_logreg_raw,1.0,1.0
AdvBench_BB_Mixed,4,720,Qwen3-Embedding-8B,C1b_logreg_whitened,1.0,1.0
AdvBench_BB_Mixed,4,720,Qwen3-Embedding-8B,B1_raw,0.9999687500000001,0.9999612096071981
AdvBench_BB_Mixed,4,720,Qwen3-Embedding-8B,B1b_SigmaT_wh,1.0,1.0
AdvBench_BB_Mixed,4,720,Qwen3-Embedding-8B,B1w_SigmaW_wh,1.0,0.9999999999999999
HarmBench_BB_Safe,0,1200,all-mpnet-base-v2,A1_naive_cosine_raw,0.992915,0.9782737661394304
HarmBench_BB_Safe,0,1200,all-mpnet-base-v2,A1b_cosine_whitened,1.0,1.0
HarmBench_BB_Safe,0,1200,all-mpnet-base-v2,A2_rsfi_svd_raw_k20,0.9945299999999999,0.9847390982194345
HarmBench_BB_Safe,0,1200,all-mpnet-base-v2,A3_rsfi_svd_whitened_k20,0.9546699999999999,0.8707182690879711
HarmBench_BB_Safe,0,1200,all-mpnet-base-v2,B1_discriminant_mean_raw,1.0,1.0
HarmBench_BB_Safe,0,1200,all-mpnet-base-v2,B1b_discriminant_mean_whitened,1.0,1.0
HarmBench_BB_Safe,0,1200,all-mpnet-base-v2,B2_contrastive_svd_raw_k20,1.0,1.0
HarmBench_BB_Safe,0,1200,all-mpnet-base-v2,B2b_contrastive_svd_whitened_k20,0.983075,0.898477495807355
HarmBench_BB_Safe,0,1200,all-mpnet-base-v2,C1_logreg_raw,1.0,1.0
HarmBench_BB_Safe,0,1200,all-mpnet-base-v2,C1b_logreg_whitened,1.0,1.0
HarmBench_BB_Safe,0,1200,all-mpnet-base-v2,B1_raw,1.0,1.0
HarmBench_BB_Safe,0,1200,all-mpnet-base-v2,B1b_SigmaT_wh,1.0,1.0
HarmBench_BB_Safe,0,1200,all-mpnet-base-v2,B1w_SigmaW_wh,1.0,1.0
HarmBench_BB_Safe,1,1200,all-mpnet-base-v2,A1_naive_cosine_raw,0.994435,0.9818419936766739
HarmBench_BB_Safe,1,1200,all-mpnet-base-v2,A1b_cosine_whitened,1.0,1.0
HarmBench_BB_Safe,1,1200,all-mpnet-base-v2,A2_rsfi_svd_raw_k20,0.99424,0.9833853354725395
HarmBench_BB_Safe,1,1200,all-mpnet-base-v2,A3_rsfi_svd_whitened_k20,0.9366650000000001,0.8212412676463442
HarmBench_BB_Safe,1,1200,all-mpnet-base-v2,B1_discriminant_mean_raw,1.0,1.0
HarmBench_BB_Safe,1,1200,all-mpnet-base-v2,B1b_discriminant_mean_whitened,1.0,1.0
HarmBench_BB_Safe,1,1200,all-mpnet-base-v2,B2_contrastive_svd_raw_k20,1.0,1.0
HarmBench_BB_Safe,1,1200,all-mpnet-base-v2,B2b_contrastive_svd_whitened_k20,0.963775,0.7627140794442373
HarmBench_BB_Safe,1,1200,all-mpnet-base-v2,C1_logreg_raw,1.0,1.0
HarmBench_BB_Safe,1,1200,all-mpnet-base-v2,C1b_logreg_whitened,1.0,1.0
HarmBench_BB_Safe,1,1200,all-mpnet-base-v2,B1_raw,1.0,1.0
HarmBench_BB_Safe,1,1200,all-mpnet-base-v2,B1b_SigmaT_wh,1.0,1.0
HarmBench_BB_Safe,1,1200,all-mpnet-base-v2,B1w_SigmaW_wh,1.0,1.0
HarmBench_BB_Safe,2,1200,all-mpnet-base-v2,A1_naive_cosine_raw,0.9902850000000001,0.972926129069142
HarmBench_BB_Safe,2,1200,all-mpnet-base-v2,A1b_cosine_whitened,1.0,1.0
HarmBench_BB_Safe,2,1200,all-mpnet-base-v2,A2_rsfi_svd_raw_k20,0.996375,0.9890626011925067
HarmBench_BB_Safe,2,1200,all-mpnet-base-v2,A3_rsfi_svd_whitened_k20,0.94825,0.8364612946624201
HarmBench_BB_Safe,2,1200,all-mpnet-base-v2,B1_discriminant_mean_raw,1.0,1.0
HarmBench_BB_Safe,2,1200,all-mpnet-base-v2,B1b_discriminant_mean_whitened,1.0,1.0
HarmBench_BB_Safe,2,1200,all-mpnet-base-v2,B2_contrastive_svd_raw_k20,1.0,1.0
HarmBench_BB_Safe,2,1200,all-mpnet-base-v2,B2b_contrastive_svd_whitened_k20,0.97633,0.8630412787158883
HarmBench_BB_Safe,2,1200,all-mpnet-base-v2,C1_logreg_raw,1.0,1.0
HarmBench_BB_Safe,2,1200,all-mpnet-base-v2,C1b_logreg_whitened,1.0,1.0
HarmBench_BB_Safe,2,1200,all-mpnet-base-v2,B1_raw,1.0,1.0
HarmBench_BB_Safe,2,1200,all-mpnet-base-v2,B1b_SigmaT_wh,1.0,1.0
HarmBench_BB_Safe,2,1200,all-mpnet-base-v2,B1w_SigmaW_wh,1.0,1.0
HarmBench_BB_Safe,3,1200,all-mpnet-base-v2,A1_naive_cosine_raw,0.9924099999999999,0.9764150697003486
HarmBench_BB_Safe,3,1200,all-mpnet-base-v2,A1b_cosine_whitened,1.0,1.0
HarmBench_BB_Safe,3,1200,all-mpnet-base-v2,A2_rsfi_svd_raw_k20,0.998005,0.9942222303414379
HarmBench_BB_Safe,3,1200,all-mpnet-base-v2,A3_rsfi_svd_whitened_k20,0.963205,0.8942289093796746
HarmBench_BB_Safe,3,1200,all-mpnet-base-v2,B1_discriminant_mean_raw,1.0,1.0
HarmBench_BB_Safe,3,1200,all-mpnet-base-v2,B1b_discriminant_mean_whitened,1.0,1.0
HarmBench_BB_Safe,3,1200,all-mpnet-base-v2,B2_contrastive_svd_raw_k20,1.0,1.0
HarmBench_BB_Safe,3,1200,all-mpnet-base-v2,B2b_contrastive_svd_whitened_k20,0.98472,0.8931250070343137
HarmBench_BB_Safe,3,1200,all-mpnet-base-v2,C1_logreg_raw,1.0,1.0
HarmBench_BB_Safe,3,1200,all-mpnet-base-v2,C1b_logreg_whitened,1.0,1.0
HarmBench_BB_Safe,3,1200,all-mpnet-base-v2,B1_raw,1.0,1.0
HarmBench_BB_Safe,3,1200,all-mpnet-base-v2,B1b_SigmaT_wh,1.0,1.0
HarmBench_BB_Safe,3,1200,all-mpnet-base-v2,B1w_SigmaW_wh,1.0,1.0
HarmBench_BB_Safe,4,1200,all-mpnet-base-v2,A1_naive_cosine_raw,0.9962650000000001,0.9872511871530292
HarmBench_BB_Safe,4,1200,all-mpnet-base-v2,A1b_cosine_whitened,1.0,1.0
HarmBench_BB_Safe,4,1200,all-mpnet-base-v2,A2_rsfi_svd_raw_k20,0.99947,0.9981213412682461
HarmBench_BB_Safe,4,1200,all-mpnet-base-v2,A3_rsfi_svd_whitened_k20,0.9611799999999999,0.8765249373301902
HarmBench_BB_Safe,4,1200,all-mpnet-base-v2,B1_discriminant_mean_raw,1.0,1.0
HarmBench_BB_Safe,4,1200,all-mpnet-base-v2,B1b_discriminant_mean_whitened,1.0,1.0
HarmBench_BB_Safe,4,1200,all-mpnet-base-v2,B2_contrastive_svd_raw_k20,1.0,1.0
HarmBench_BB_Safe,4,1200,all-mpnet-base-v2,B2b_contrastive_svd_whitened_k20,0.9682700000000001,0.7934734832942609
HarmBench_BB_Safe,4,1200,all-mpnet-base-v2,C1_logreg_raw,1.0,1.0
HarmBench_BB_Safe,4,1200,all-mpnet-base-v2,C1b_logreg_whitened,1.0,1.0
HarmBench_BB_Safe,4,1200,all-mpnet-base-v2,B1_raw,1.0,1.0
HarmBench_BB_Safe,4,1200,all-mpnet-base-v2,B1b_SigmaT_wh,1.0,1.0
HarmBench_BB_Safe,4,1200,all-mpnet-base-v2,B1w_SigmaW_wh,1.0,1.0
HarmBench_BB_Safe,0,1200,bge-base-en-v1.5,A1_naive_cosine_raw,0.975045,0.9593049925642195
HarmBench_BB_Safe,0,1200,bge-base-en-v1.5,A1b_cosine_whitened,1.0,1.0
HarmBench_BB_Safe,0,1200,bge-base-en-v1.5,A2_rsfi_svd_raw_k20,0.9900699999999999,0.9887908878448355
HarmBench_BB_Safe,0,1200,bge-base-en-v1.5,A3_rsfi_svd_whitened_k20,0.9632350000000001,0.8855893021477593
HarmBench_BB_Safe,0,1200,bge-base-en-v1.5,B1_discriminant_mean_raw,1.0,1.0
HarmBench_BB_Safe,0,1200,bge-base-en-v1.5,B1b_discriminant_mean_whitened,1.0,1.0
HarmBench_BB_Safe,0,1200,bge-base-en-v1.5,B2_contrastive_svd_raw_k20,1.0,1.0
HarmBench_BB_Safe,0,1200,bge-base-en-v1.5,B2b_contrastive_svd_whitened_k20,0.99954,0.9976020440793978
HarmBench_BB_Safe,0,1200,bge-base-en-v1.5,C1_logreg_raw,1.0,1.0
HarmBench_BB_Safe,0,1200,bge-base-en-v1.5,C1b_logreg_whitened,1.0,1.0
HarmBench_BB_Safe,0,1200,bge-base-en-v1.5,B1_raw,1.0,1.0
HarmBench_BB_Safe,0,1200,bge-base-en-v1.5,B1b_SigmaT_wh,1.0,1.0
HarmBench_BB_Safe,0,1200,bge-base-en-v1.5,B1w_SigmaW_wh,1.0,1.0
HarmBench_BB_Safe,1,1200,bge-base-en-v1.5,A1_naive_cosine_raw,0.9797049999999999,0.961827554499528
HarmBench_BB_Safe,1,1200,bge-base-en-v1.5,A1b_cosine_whitened,1.0,1.0
HarmBench_BB_Safe,1,1200,bge-base-en-v1.5,A2_rsfi_svd_raw_k20,0.99516,0.9926871989314096
HarmBench_BB_Safe,1,1200,bge-base-en-v1.5,A3_rsfi_svd_whitened_k20,0.9432199999999998,0.8318300194588987
HarmBench_BB_Safe,1,1200,bge-base-en-v1.5,B1_discriminant_mean_raw,1.0,1.0
HarmBench_BB_Safe,1,1200,bge-base-en-v1.5,B1b_discriminant_mean_whitened,1.0,1.0
HarmBench_BB_Safe,1,1200,bge-base-en-v1.5,B2_contrastive_svd_raw_k20,1.0,1.0
HarmBench_BB_Safe,1,1200,bge-base-en-v1.5,B2b_contrastive_svd_whitened_k20,0.99836,0.9910391304547437
HarmBench_BB_Safe,1,1200,bge-base-en-v1.5,C1_logreg_raw,1.0,1.0
HarmBench_BB_Safe,1,1200,bge-base-en-v1.5,C1b_logreg_whitened,1.0,1.0
HarmBench_BB_Safe,1,1200,bge-base-en-v1.5,B1_raw,1.0,1.0
HarmBench_BB_Safe,1,1200,bge-base-en-v1.5,B1b_SigmaT_wh,1.0,1.0
HarmBench_BB_Safe,1,1200,bge-base-en-v1.5,B1w_SigmaW_wh,1.0,1.0
HarmBench_BB_Safe,2,1200,bge-base-en-v1.5,A1_naive_cosine_raw,0.974395,0.9488439526071982
HarmBench_BB_Safe,2,1200,bge-base-en-v1.5,A1b_cosine_whitened,1.0,1.0
HarmBench_BB_Safe,2,1200,bge-base-en-v1.5,A2_rsfi_svd_raw_k20,0.99562,0.9884072590367755
HarmBench_BB_Safe,2,1200,bge-base-en-v1.5,A3_rsfi_svd_whitened_k20,0.936755,0.8119554362061737
HarmBench_BB_Safe,2,1200,bge-base-en-v1.5,B1_discriminant_mean_raw,1.0,1.0
HarmBench_BB_Safe,2,1200,bge-base-en-v1.5,B1b_discriminant_mean_whitened,1.0,1.0
HarmBench_BB_Safe,2,1200,bge-base-en-v1.5,B2_contrastive_svd_raw_k20,1.0,1.0
HarmBench_BB_Safe,2,1200,bge-base-en-v1.5,B2b_contrastive_svd_whitened_k20,0.9981949999999999,0.991315249432922
HarmBench_BB_Safe,2,1200,bge-base-en-v1.5,C1_logreg_raw,1.0,1.0
HarmBench_BB_Safe,2,1200,bge-base-en-v1.5,C1b_logreg_whitened,1.0,1.0
HarmBench_BB_Safe,2,1200,bge-base-en-v1.5,B1_raw,1.0,1.0
HarmBench_BB_Safe,2,1200,bge-base-en-v1.5,B1b_SigmaT_wh,1.0,1.0
HarmBench_BB_Safe,2,1200,bge-base-en-v1.5,B1w_SigmaW_wh,1.0,1.0
HarmBench_BB_Safe,3,1200,bge-base-en-v1.5,A1_naive_cosine_raw,0.98185,0.9657189483197239
HarmBench_BB_Safe,3,1200,bge-base-en-v1.5,A1b_cosine_whitened,1.0,1.0
HarmBench_BB_Safe,3,1200,bge-base-en-v1.5,A2_rsfi_svd_raw_k20,0.99359,0.9885096893487046
HarmBench_BB_Safe,3,1200,bge-base-en-v1.5,A3_rsfi_svd_whitened_k20,0.926675,0.7629868892955202
HarmBench_BB_Safe,3,1200,bge-base-en-v1.5,B1_discriminant_mean_raw,1.0,1.0
HarmBench_BB_Safe,3,1200,bge-base-en-v1.5,B1b_discriminant_mean_whitened,1.0,1.0
HarmBench_BB_Safe,3,1200,bge-base-en-v1.5,B2_contrastive_svd_raw_k20,1.0,1.0
HarmBench_BB_Safe,3,1200,bge-base-en-v1.5,B2b_contrastive_svd_whitened_k20,0.99479,0.9676838827733765
HarmBench_BB_Safe,3,1200,bge-base-en-v1.5,C1_logreg_raw,1.0,1.0
HarmBench_BB_Safe,3,1200,bge-base-en-v1.5,C1b_logreg_whitened,1.0,1.0
HarmBench_BB_Safe,3,1200,bge-base-en-v1.5,B1_raw,1.0,1.0
HarmBench_BB_Safe,3,1200,bge-base-en-v1.5,B1b_SigmaT_wh,1.0,1.0
HarmBench_BB_Safe,3,1200,bge-base-en-v1.5,B1w_SigmaW_wh,1.0,1.0
HarmBench_BB_Safe,4,1200,bge-base-en-v1.5,A1_naive_cosine_raw,0.9876800000000001,0.9745666384097984
HarmBench_BB_Safe,4,1200,bge-base-en-v1.5,A1b_cosine_whitened,1.0,1.0
HarmBench_BB_Safe,4,1200,bge-base-en-v1.5,A2_rsfi_svd_raw_k20,0.9964099999999999,0.9933871500635477
HarmBench_BB_Safe,4,1200,bge-base-en-v1.5,A3_rsfi_svd_whitened_k20,0.94158,0.8245367279647207
HarmBench_BB_Safe,4,1200,bge-base-en-v1.5,B1_discriminant_mean_raw,1.0,1.0
HarmBench_BB_Safe,4,1200,bge-base-en-v1.5,B1b_discriminant_mean_whitened,1.0,1.0
HarmBench_BB_Safe,4,1200,bge-base-en-v1.5,B2_contrastive_svd_raw_k20,1.0,1.0
HarmBench_BB_Safe,4,1200,bge-base-en-v1.5,B2b_contrastive_svd_whitened_k20,0.999205,0.9961688150424985
HarmBench_BB_Safe,4,1200,bge-base-en-v1.5,C1_logreg_raw,1.0,1.0
HarmBench_BB_Safe,4,1200,bge-base-en-v1.5,C1b_logreg_whitened,1.0,1.0
HarmBench_BB_Safe,4,1200,bge-base-en-v1.5,B1_raw,1.0,1.0
HarmBench_BB_Safe,4,1200,bge-base-en-v1.5,B1b_SigmaT_wh,1.0,1.0
HarmBench_BB_Safe,4,1200,bge-base-en-v1.5,B1w_SigmaW_wh,1.0,1.0
HarmBench_BB_Safe,0,1200,bge-large-en-v1.5,A1_naive_cosine_raw,0.98317,0.956484028721716
HarmBench_BB_Safe,0,1200,bge-large-en-v1.5,A1b_cosine_whitened,1.0,1.0
HarmBench_BB_Safe,0,1200,bge-large-en-v1.5,A2_rsfi_svd_raw_k20,0.9957750000000001,0.9901983835872722
HarmBench_BB_Safe,0,1200,bge-large-en-v1.5,A3_rsfi_svd_whitened_k20,0.98369,0.9461933688755426
HarmBench_BB_Safe,0,1200,bge-large-en-v1.5,B1_discriminant_mean_raw,1.0,1.0
HarmBench_BB_Safe,0,1200,bge-large-en-v1.5,B1b_discriminant_mean_whitened,1.0,1.0
HarmBench_BB_Safe,0,1200,bge-large-en-v1.5,B2_contrastive_svd_raw_k20,1.0,1.0
HarmBench_BB_Safe,0,1200,bge-large-en-v1.5,B2b_contrastive_svd_whitened_k20,0.999945,0.999739336492891
HarmBench_BB_Safe,0,1200,bge-large-en-v1.5,C1_logreg_raw,1.0,1.0
HarmBench_BB_Safe,0,1200,bge-large-en-v1.5,C1b_logreg_whitened,1.0,1.0
HarmBench_BB_Safe,0,1200,bge-large-en-v1.5,B1_raw,1.0,1.0
HarmBench_BB_Safe,0,1200,bge-large-en-v1.5,B1b_SigmaT_wh,1.0,1.0
HarmBench_BB_Safe,0,1200,bge-large-en-v1.5,B1w_SigmaW_wh,1.0,1.0
HarmBench_BB_Safe,1,1200,bge-large-en-v1.5,A1_naive_cosine_raw,0.983925,0.9588562980727663
HarmBench_BB_Safe,1,1200,bge-large-en-v1.5,A1b_cosine_whitened,1.0,1.0
HarmBench_BB_Safe,1,1200,bge-large-en-v1.5,A2_rsfi_svd_raw_k20,0.9997499999999999,0.9989910642570281
HarmBench_BB_Safe,1,1200,bge-large-en-v1.5,A3_rsfi_svd_whitened_k20,0.9684599999999999,0.9024352958434045
HarmBench_BB_Safe,1,1200,bge-large-en-v1.5,B1_discriminant_mean_raw,1.0,1.0
HarmBench_BB_Safe,1,1200,bge-large-en-v1.5,B1b_discriminant_mean_whitened,1.0,1.0
HarmBench_BB_Safe,1,1200,bge-large-en-v1.5,B2_contrastive_svd_raw_k20,1.0,1.0
HarmBench_BB_Safe,1,1200,bge-large-en-v1.5,B2b_contrastive_svd_whitened_k20,0.99948,0.9973810692646973
HarmBench_BB_Safe,1,1200,bge-large-en-v1.5,C1_logreg_raw,1.0,1.0
HarmBench_BB_Safe,1,1200,bge-large-en-v1.5,C1b_logreg_whitened,1.0,1.0
HarmBench_BB_Safe,1,1200,bge-large-en-v1.5,B1_raw,1.0,1.0
HarmBench_BB_Safe,1,1200,bge-large-en-v1.5,B1b_SigmaT_wh,1.0,1.0
HarmBench_BB_Safe,1,1200,bge-large-en-v1.5,B1w_SigmaW_wh,1.0,1.0
HarmBench_BB_Safe,2,1200,bge-large-en-v1.5,A1_naive_cosine_raw,0.97932,0.9475183772001163
HarmBench_BB_Safe,2,1200,bge-large-en-v1.5,A1b_cosine_whitened,1.0,1.0
HarmBench_BB_Safe,2,1200,bge-large-en-v1.5,A2_rsfi_svd_raw_k20,0.998855,0.9973114485981308
HarmBench_BB_Safe,2,1200,bge-large-en-v1.5,A3_rsfi_svd_whitened_k20,0.9526399999999999,0.85112426175308
HarmBench_BB_Safe,2,1200,bge-large-en-v1.5,B1_discriminant_mean_raw,1.0,1.0
HarmBench_BB_Safe,2,1200,bge-large-en-v1.5,B1b_discriminant_mean_whitened,1.0,1.0
HarmBench_BB_Safe,2,1200,bge-large-en-v1.5,B2_contrastive_svd_raw_k20,1.0,1.0
HarmBench_BB_Safe,2,1200,bge-large-en-v1.5,B2b_contrastive_svd_whitened_k20,0.99891,0.9943171259259714
HarmBench_BB_Safe,2,1200,bge-large-en-v1.5,C1_logreg_raw,1.0,1.0
HarmBench_BB_Safe,2,1200,bge-large-en-v1.5,C1b_logreg_whitened,1.0,1.0
HarmBench_BB_Safe,2,1200,bge-large-en-v1.5,B1_raw,1.0,1.0
HarmBench_BB_Safe,2,1200,bge-large-en-v1.5,B1b_SigmaT_wh,1.0,1.0
HarmBench_BB_Safe,2,1200,bge-large-en-v1.5,B1w_SigmaW_wh,1.0,1.0
HarmBench_BB_Safe,3,1200,bge-large-en-v1.5,A1_naive_cosine_raw,0.97748,0.9410440227322708
HarmBench_BB_Safe,3,1200,bge-large-en-v1.5,A1b_cosine_whitened,1.0,1.0
HarmBench_BB_Safe,3,1200,bge-large-en-v1.5,A2_rsfi_svd_raw_k20,0.999005,0.9964018063169036
HarmBench_BB_Safe,3,1200,bge-large-en-v1.5,A3_rsfi_svd_whitened_k20,0.966055,0.8987268462963988
HarmBench_BB_Safe,3,1200,bge-large-en-v1.5,B1_discriminant_mean_raw,1.0,1.0
HarmBench_BB_Safe,3,1200,bge-large-en-v1.5,B1b_discriminant_mean_whitened,1.0,1.0
HarmBench_BB_Safe,3,1200,bge-large-en-v1.5,B2_contrastive_svd_raw_k20,1.0,1.0
HarmBench_BB_Safe,3,1200,bge-large-en-v1.5,B2b_contrastive_svd_whitened_k20,0.999085,0.9938801131903248
HarmBench_BB_Safe,3,1200,bge-large-en-v1.5,C1_logreg_raw,1.0,1.0
HarmBench_BB_Safe,3,1200,bge-large-en-v1.5,C1b_logreg_whitened,1.0,1.0
HarmBench_BB_Safe,3,1200,bge-large-en-v1.5,B1_raw,1.0,1.0
HarmBench_BB_Safe,3,1200,bge-large-en-v1.5,B1b_SigmaT_wh,1.0,1.0
HarmBench_BB_Safe,3,1200,bge-large-en-v1.5,B1w_SigmaW_wh,1.0,1.0
HarmBench_BB_Safe,4,1200,bge-large-en-v1.5,A1_naive_cosine_raw,0.985975,0.9614007499313015
HarmBench_BB_Safe,4,1200,bge-large-en-v1.5,A1b_cosine_whitened,1.0,1.0
HarmBench_BB_Safe,4,1200,bge-large-en-v1.5,A2_rsfi_svd_raw_k20,0.9991000000000001,0.9976315789473684
HarmBench_BB_Safe,4,1200,bge-large-en-v1.5,A3_rsfi_svd_whitened_k20,0.96218,0.8783786893188809
HarmBench_BB_Safe,4,1200,bge-large-en-v1.5,B1_discriminant_mean_raw,1.0,1.0
HarmBench_BB_Safe,4,1200,bge-large-en-v1.5,B1b_discriminant_mean_whitened,1.0,1.0
HarmBench_BB_Safe,4,1200,bge-large-en-v1.5,B2_contrastive_svd_raw_k20,1.0,1.0
HarmBench_BB_Safe,4,1200,bge-large-en-v1.5,B2b_contrastive_svd_whitened_k20,0.999285,0.9966821386108364
HarmBench_BB_Safe,4,1200,bge-large-en-v1.5,C1_logreg_raw,1.0,1.0
HarmBench_BB_Safe,4,1200,bge-large-en-v1.5,C1b_logreg_whitened,1.0,1.0
HarmBench_BB_Safe,4,1200,bge-large-en-v1.5,B1_raw,1.0,1.0
HarmBench_BB_Safe,4,1200,bge-large-en-v1.5,B1b_SigmaT_wh,1.0,1.0
HarmBench_BB_Safe,4,1200,bge-large-en-v1.5,B1w_SigmaW_wh,1.0,1.0
HarmBench_BB_Safe,0,1200,Qwen3-Embedding-8B,A1_naive_cosine_raw,0.7502850000000001,0.626437196991053
HarmBench_BB_Safe,0,1200,Qwen3-Embedding-8B,A1b_cosine_whitened,1.0,1.0
HarmBench_BB_Safe,0,1200,Qwen3-Embedding-8B,A2_rsfi_svd_raw_k20,0.9626150000000001,0.9336299820243001
HarmBench_BB_Safe,0,1200,Qwen3-Embedding-8B,A3_rsfi_svd_whitened_k20,0.9453325000000001,0.8682982853110043
HarmBench_BB_Safe,0,1200,Qwen3-Embedding-8B,B1_discriminant_mean_raw,1.0,1.0
HarmBench_BB_Safe,0,1200,Qwen3-Embedding-8B,B1b_discriminant_mean_whitened,1.0,1.0
HarmBench_BB_Safe,0,1200,Qwen3-Embedding-8B,B2_contrastive_svd_raw_k20,1.0,1.0
HarmBench_BB_Safe,0,1200,Qwen3-Embedding-8B,B2b_contrastive_svd_whitened_k20,1.0,1.0
HarmBench_BB_Safe,0,1200,Qwen3-Embedding-8B,C1_logreg_raw,1.0,1.0
HarmBench_BB_Safe,0,1200,Qwen3-Embedding-8B,C1b_logreg_whitened,1.0,1.0
HarmBench_BB_Safe,0,1200,Qwen3-Embedding-8B,B1_raw,1.0,1.0
HarmBench_BB_Safe,0,1200,Qwen3-Embedding-8B,B1b_SigmaT_wh,1.0,1.0
HarmBench_BB_Safe,0,1200,Qwen3-Embedding-8B,B1w_SigmaW_wh,1.0,1.0
HarmBench_BB_Safe,1,1200,Qwen3-Embedding-8B,A1_naive_cosine_raw,0.7530049999999999,0.6140131143622045
HarmBench_BB_Safe,1,1200,Qwen3-Embedding-8B,A1b_cosine_whitened,1.0,1.0
HarmBench_BB_Safe,1,1200,Qwen3-Embedding-8B,A2_rsfi_svd_raw_k20,0.971375,0.9459136150893335
HarmBench_BB_Safe,1,1200,Qwen3-Embedding-8B,A3_rsfi_svd_whitened_k20,0.94549,0.8619767844207141
HarmBench_BB_Safe,1,1200,Qwen3-Embedding-8B,B1_discriminant_mean_raw,1.0,1.0
HarmBench_BB_Safe,1,1200,Qwen3-Embedding-8B,B1b_discriminant_mean_whitened,1.0,1.0
HarmBench_BB_Safe,1,1200,Qwen3-Embedding-8B,B2_contrastive_svd_raw_k20,1.0,1.0
HarmBench_BB_Safe,1,1200,Qwen3-Embedding-8B,B2b_contrastive_svd_whitened_k20,1.0,1.0
HarmBench_BB_Safe,1,1200,Qwen3-Embedding-8B,C1_logreg_raw,1.0,1.0
HarmBench_BB_Safe,1,1200,Qwen3-Embedding-8B,C1b_logreg_whitened,1.0,1.0
HarmBench_BB_Safe,1,1200,Qwen3-Embedding-8B,B1_raw,1.0,1.0
HarmBench_BB_Safe,1,1200,Qwen3-Embedding-8B,B1b_SigmaT_wh,1.0,1.0
HarmBench_BB_Safe,1,1200,Qwen3-Embedding-8B,B1w_SigmaW_wh,1.0,1.0
HarmBench_BB_Safe,2,1200,Qwen3-Embedding-8B,A1_naive_cosine_raw,0.747855,0.619447834196611
HarmBench_BB_Safe,2,1200,Qwen3-Embedding-8B,A1b_cosine_whitened,1.0,1.0
HarmBench_BB_Safe,2,1200,Qwen3-Embedding-8B,A2_rsfi_svd_raw_k20,0.963005,0.9284070183236428
HarmBench_BB_Safe,2,1200,Qwen3-Embedding-8B,A3_rsfi_svd_whitened_k20,0.931175,0.8189197121457831
HarmBench_BB_Safe,2,1200,Qwen3-Embedding-8B,B1_discriminant_mean_raw,1.0,1.0
HarmBench_BB_Safe,2,1200,Qwen3-Embedding-8B,B1b_discriminant_mean_whitened,1.0,1.0
HarmBench_BB_Safe,2,1200,Qwen3-Embedding-8B,B2_contrastive_svd_raw_k20,1.0,1.0
HarmBench_BB_Safe,2,1200,Qwen3-Embedding-8B,B2b_contrastive_svd_whitened_k20,1.0,1.0
HarmBench_BB_Safe,2,1200,Qwen3-Embedding-8B,C1_logreg_raw,1.0,1.0
HarmBench_BB_Safe,2,1200,Qwen3-Embedding-8B,C1b_logreg_whitened,1.0,1.0
HarmBench_BB_Safe,2,1200,Qwen3-Embedding-8B,B1_raw,1.0,1.0
HarmBench_BB_Safe,2,1200,Qwen3-Embedding-8B,B1b_SigmaT_wh,1.0,1.0
HarmBench_BB_Safe,2,1200,Qwen3-Embedding-8B,B1w_SigmaW_wh,1.0,1.0
HarmBench_BB_Safe,3,1200,Qwen3-Embedding-8B,A1_naive_cosine_raw,0.7252000000000001,0.6030409793724117
HarmBench_BB_Safe,3,1200,Qwen3-Embedding-8B,A1b_cosine_whitened,1.0,1.0
HarmBench_BB_Safe,3,1200,Qwen3-Embedding-8B,A2_rsfi_svd_raw_k20,0.958555,0.9257280939643797
HarmBench_BB_Safe,3,1200,Qwen3-Embedding-8B,A3_rsfi_svd_whitened_k20,0.9343949999999999,0.818287765350648
HarmBench_BB_Safe,3,1200,Qwen3-Embedding-8B,B1_discriminant_mean_raw,1.0,1.0
HarmBench_BB_Safe,3,1200,Qwen3-Embedding-8B,B1b_discriminant_mean_whitened,1.0,1.0
HarmBench_BB_Safe,3,1200,Qwen3-Embedding-8B,B2_contrastive_svd_raw_k20,1.0,1.0
HarmBench_BB_Safe,3,1200,Qwen3-Embedding-8B,B2b_contrastive_svd_whitened_k20,1.0,1.0
HarmBench_BB_Safe,3,1200,Qwen3-Embedding-8B,C1_logreg_raw,1.0,1.0
HarmBench_BB_Safe,3,1200,Qwen3-Embedding-8B,C1b_logreg_whitened,1.0,1.0
HarmBench_BB_Safe,3,1200,Qwen3-Embedding-8B,B1_raw,1.0,1.0
HarmBench_BB_Safe,3,1200,Qwen3-Embedding-8B,B1b_SigmaT_wh,1.0,1.0
HarmBench_BB_Safe,3,1200,Qwen3-Embedding-8B,B1w_SigmaW_wh,1.0,1.0
HarmBench_BB_Safe,4,1200,Qwen3-Embedding-8B,A1_naive_cosine_raw,0.72719,0.5819566232656481
HarmBench_BB_Safe,4,1200,Qwen3-Embedding-8B,A1b_cosine_whitened,1.0,1.0
HarmBench_BB_Safe,4,1200,Qwen3-Embedding-8B,A2_rsfi_svd_raw_k20,0.9576600000000001,0.9144529202486086
HarmBench_BB_Safe,4,1200,Qwen3-Embedding-8B,A3_rsfi_svd_whitened_k20,0.950105,0.8654425734220307
HarmBench_BB_Safe,4,1200,Qwen3-Embedding-8B,B1_discriminant_mean_raw,1.0,1.0
HarmBench_BB_Safe,4,1200,Qwen3-Embedding-8B,B1b_discriminant_mean_whitened,1.0,1.0
HarmBench_BB_Safe,4,1200,Qwen3-Embedding-8B,B2_contrastive_svd_raw_k20,1.0,1.0
HarmBench_BB_Safe,4,1200,Qwen3-Embedding-8B,B2b_contrastive_svd_whitened_k20,1.0,1.0
HarmBench_BB_Safe,4,1200,Qwen3-Embedding-8B,C1_logreg_raw,1.0,1.0
HarmBench_BB_Safe,4,1200,Qwen3-Embedding-8B,C1b_logreg_whitened,1.0,1.0
HarmBench_BB_Safe,4,1200,Qwen3-Embedding-8B,B1_raw,1.0,1.0
HarmBench_BB_Safe,4,1200,Qwen3-Embedding-8B,B1b_SigmaT_wh,1.0,1.0
HarmBench_BB_Safe,4,1200,Qwen3-Embedding-8B,B1w_SigmaW_wh,1.0,1.0
HarmBench_BB_Mixed,0,600,all-mpnet-base-v2,A1_naive_cosine_raw,0.9842125,0.9656033256803731
HarmBench_BB_Mixed,0,600,all-mpnet-base-v2,A1b_cosine_whitened,0.998925,0.9978919290049676
HarmBench_BB_Mixed,0,600,all-mpnet-base-v2,A2_rsfi_svd_raw_k20,0.9953375,0.9914764661309327
HarmBench_BB_Mixed,0,600,all-mpnet-base-v2,A3_rsfi_svd_whitened_k20,0.9343624999999999,0.9011321424127791
HarmBench_BB_Mixed,0,600,all-mpnet-base-v2,B1_discriminant_mean_raw,0.9872875,0.9757354258056627
HarmBench_BB_Mixed,0,600,all-mpnet-base-v2,B1b_discriminant_mean_whitened,0.9990125,0.9980406697756184
HarmBench_BB_Mixed,0,600,all-mpnet-base-v2,B2_contrastive_svd_raw_k20,0.9965124999999999,0.9934295167340579
HarmBench_BB_Mixed,0,600,all-mpnet-base-v2,B2b_contrastive_svd_whitened_k20,0.9842124999999999,0.97110264113291
HarmBench_BB_Mixed,0,600,all-mpnet-base-v2,C1_logreg_raw,0.9986125,0.9973622538201884
HarmBench_BB_Mixed,0,600,all-mpnet-base-v2,C1b_logreg_whitened,0.9989,0.997791566111478
HarmBench_BB_Mixed,0,600,all-mpnet-base-v2,B1_raw,0.9872875,0.9757354258056627
HarmBench_BB_Mixed,0,600,all-mpnet-base-v2,B1b_SigmaT_wh,0.9990125,0.9980406697756184
HarmBench_BB_Mixed,0,600,all-mpnet-base-v2,B1w_SigmaW_wh,0.9991375,0.9983023573188983
HarmBench_BB_Mixed,1,600,all-mpnet-base-v2,A1_naive_cosine_raw,0.985675,0.9665483486049143
HarmBench_BB_Mixed,1,600,all-mpnet-base-v2,A1b_cosine_whitened,0.9979250000000001,0.9959597672915286
HarmBench_BB_Mixed,1,600,all-mpnet-base-v2,A2_rsfi_svd_raw_k20,0.9954375,0.9914443730454578
HarmBench_BB_Mixed,1,600,all-mpnet-base-v2,A3_rsfi_svd_whitened_k20,0.942625,0.9149317992429034
HarmBench_BB_Mixed,1,600,all-mpnet-base-v2,B1_discriminant_mean_raw,0.990475,0.9808509710086645
HarmBench_BB_Mixed,1,600,all-mpnet-base-v2,B1b_discriminant_mean_whitened,0.9982500000000001,0.9965387687768057
HarmBench_BB_Mixed,1,600,all-mpnet-base-v2,B2_contrastive_svd_raw_k20,0.9984500000000001,0.9969829036983188
HarmBench_BB_Mixed,1,600,all-mpnet-base-v2,B2b_contrastive_svd_whitened_k20,0.988375,0.9776660053979063
HarmBench_BB_Mixed,1,600,all-mpnet-base-v2,C1_logreg_raw,0.999175,0.9984104400365208
HarmBench_BB_Mixed,1,600,all-mpnet-base-v2,C1b_logreg_whitened,0.9982125,0.9964570360226599
HarmBench_BB_Mixed,1,600,all-mpnet-base-v2,B1_raw,0.990475,0.9808509710086645
HarmBench_BB_Mixed,1,600,all-mpnet-base-v2,B1b_SigmaT_wh,0.9982500000000001,0.9965387687768057
HarmBench_BB_Mixed,1,600,all-mpnet-base-v2,B1w_SigmaW_wh,0.998725,0.9974868549344676
HarmBench_BB_Mixed,2,600,all-mpnet-base-v2,A1_naive_cosine_raw,0.9812125,0.9596608222072851
HarmBench_BB_Mixed,2,600,all-mpnet-base-v2,A1b_cosine_whitened,0.9996124999999999,0.9991936134965687
HarmBench_BB_Mixed,2,600,all-mpnet-base-v2,A2_rsfi_svd_raw_k20,0.994925,0.9905351286937886
HarmBench_BB_Mixed,2,600,all-mpnet-base-v2,A3_rsfi_svd_whitened_k20,0.919375,0.8784870706177504
HarmBench_BB_Mixed,2,600,all-mpnet-base-v2,B1_discriminant_mean_raw,0.9859,0.9718001113425543
HarmBench_BB_Mixed,2,600,all-mpnet-base-v2,B1b_discriminant_mean_whitened,0.9996625,0.999307980798036
HarmBench_BB_Mixed,2,600,all-mpnet-base-v2,B2_contrastive_svd_raw_k20,0.9970749999999999,0.9949413535889673
HarmBench_BB_Mixed,2,600,all-mpnet-base-v2,B2b_contrastive_svd_whitened_k20,0.9836875,0.9650319752510106
HarmBench_BB_Mixed,2,600,all-mpnet-base-v2,C1_logreg_raw,0.9980625,0.996627808043851
HarmBench_BB_Mixed,2,600,all-mpnet-base-v2,C1b_logreg_whitened,0.999625,0.9992132810163056
HarmBench_BB_Mixed,2,600,all-mpnet-base-v2,B1_raw,0.9859,0.9718001113425543
HarmBench_BB_Mixed,2,600,all-mpnet-base-v2,B1b_SigmaT_wh,0.9996625,0.999307980798036
HarmBench_BB_Mixed,2,600,all-mpnet-base-v2,B1w_SigmaW_wh,0.9998,0.9995909321112335
HarmBench_BB_Mixed,3,600,all-mpnet-base-v2,A1_naive_cosine_raw,0.983825,0.9672879725712724
HarmBench_BB_Mixed,3,600,all-mpnet-base-v2,A1b_cosine_whitened,0.999175,0.99840027996832
HarmBench_BB_Mixed,3,600,all-mpnet-base-v2,A2_rsfi_svd_raw_k20,0.9952875,0.9914815591348519
HarmBench_BB_Mixed,3,600,all-mpnet-base-v2,A3_rsfi_svd_whitened_k20,0.954575,0.9271056400964476
HarmBench_BB_Mixed,3,600,all-mpnet-base-v2,B1_discriminant_mean_raw,0.9878625,0.9764752418780615
HarmBench_BB_Mixed,3,600,all-mpnet-base-v2,B1b_discriminant_mean_whitened,0.9990625,0.9981648133497771
HarmBench_BB_Mixed,3,600,all-mpnet-base-v2,B2_contrastive_svd_raw_k20,0.99735,0.9950052221707397
HarmBench_BB_Mixed,3,600,all-mpnet-base-v2,B2b_contrastive_svd_whitened_k20,0.9920125,0.982999942151389
HarmBench_BB_Mixed,3,600,all-mpnet-base-v2,C1_logreg_raw,0.9984,0.996892747383133
HarmBench_BB_Mixed,3,600,all-mpnet-base-v2,C1b_logreg_whitened,0.99905,0.9981526509815802
HarmBench_BB_Mixed,3,600,all-mpnet-base-v2,B1_raw,0.9878625,0.9764752418780615
HarmBench_BB_Mixed,3,600,all-mpnet-base-v2,B1b_SigmaT_wh,0.9990625,0.9981648133497771
HarmBench_BB_Mixed,3,600,all-mpnet-base-v2,B1w_SigmaW_wh,0.9993125,0.9986544997792026
HarmBench_BB_Mixed,4,600,all-mpnet-base-v2,A1_naive_cosine_raw,0.984325,0.9654495077412748
HarmBench_BB_Mixed,4,600,all-mpnet-base-v2,A1b_cosine_whitened,0.9996125,0.9992384083123651
HarmBench_BB_Mixed,4,600,all-mpnet-base-v2,A2_rsfi_svd_raw_k20,0.9951874999999999,0.9910724587455677
HarmBench_BB_Mixed,4,600,all-mpnet-base-v2,A3_rsfi_svd_whitened_k20,0.962175,0.9300885105269132
HarmBench_BB_Mixed,4,600,all-mpnet-base-v2,B1_discriminant_mean_raw,0.9856375,0.9710234311676934
HarmBench_BB_Mixed,4,600,all-mpnet-base-v2,B1b_discriminant_mean_whitened,0.9996875,0.9993770472054564
HarmBench_BB_Mixed,4,600,all-mpnet-base-v2,B2_contrastive_svd_raw_k20,0.9975375,0.9950669817037662
HarmBench_BB_Mixed,4,600,all-mpnet-base-v2,B2b_contrastive_svd_whitened_k20,0.992075,0.9830649619127391
HarmBench_BB_Mixed,4,600,all-mpnet-base-v2,C1_logreg_raw,0.998625,0.9974032366152852
HarmBench_BB_Mixed,4,600,all-mpnet-base-v2,C1b_logreg_whitened,0.999525,0.9990745530111241
HarmBench_BB_Mixed,4,600,all-mpnet-base-v2,B1_raw,0.9856375,0.9710234311676934
HarmBench_BB_Mixed,4,600,all-mpnet-base-v2,B1b_SigmaT_wh,0.9996875,0.9993770472054564
HarmBench_BB_Mixed,4,600,all-mpnet-base-v2,B1w_SigmaW_wh,0.9996875000000001,0.9993707417074927
HarmBench_BB_Mixed,0,600,bge-base-en-v1.5,A1_naive_cosine_raw,0.9537874999999999,0.9274736895015592
HarmBench_BB_Mixed,0,600,bge-base-en-v1.5,A1b_cosine_whitened,0.998,0.9958608952937856
HarmBench_BB_Mixed,0,600,bge-base-en-v1.5,A2_rsfi_svd_raw_k20,0.9851000000000001,0.9811655117951043
HarmBench_BB_Mixed,0,600,bge-base-en-v1.5,A3_rsfi_svd_whitened_k20,0.926575,0.8783076030516854
HarmBench_BB_Mixed,0,600,bge-base-en-v1.5,B1_discriminant_mean_raw,0.9764625,0.9468771407926767
HarmBench_BB_Mixed,0,600,bge-base-en-v1.5,B1b_discriminant_mean_whitened,0.998275,0.9964774529366183
HarmBench_BB_Mixed,0,600,bge-base-en-v1.5,B2_contrastive_svd_raw_k20,0.992275,0.9836638276077352
HarmBench_BB_Mixed,0,600,bge-base-en-v1.5,B2b_contrastive_svd_whitened_k20,0.9794625000000001,0.961386123899842
HarmBench_BB_Mixed,0,600,bge-base-en-v1.5,C1_logreg_raw,0.9967874999999999,0.9936312405702737
HarmBench_BB_Mixed,0,600,bge-base-en-v1.5,C1b_logreg_whitened,0.9983125,0.9965646849226577
HarmBench_BB_Mixed,0,600,bge-base-en-v1.5,B1_raw,0.9764625,0.9468771407926767
HarmBench_BB_Mixed,0,600,bge-base-en-v1.5,B1b_SigmaT_wh,0.998275,0.9964774529366183
HarmBench_BB_Mixed,0,600,bge-base-en-v1.5,B1w_SigmaW_wh,0.9990249999999999,0.9980421220434486
HarmBench_BB_Mixed,1,600,bge-base-en-v1.5,A1_naive_cosine_raw,0.96365,0.9402518663285012
HarmBench_BB_Mixed,1,600,bge-base-en-v1.5,A1b_cosine_whitened,0.9986125,0.997288592675128
HarmBench_BB_Mixed,1,600,bge-base-en-v1.5,A2_rsfi_svd_raw_k20,0.9898125,0.9859325439857393
HarmBench_BB_Mixed,1,600,bge-base-en-v1.5,A3_rsfi_svd_whitened_k20,0.9463125000000001,0.9138089405425449
HarmBench_BB_Mixed,1,600,bge-base-en-v1.5,B1_discriminant_mean_raw,0.9847,0.9650999751446279
HarmBench_BB_Mixed,1,600,bge-base-en-v1.5,B1b_discriminant_mean_whitened,0.9987499999999999,0.9975405011790643
HarmBench_BB_Mixed,1,600,bge-base-en-v1.5,B2_contrastive_svd_raw_k20,0.9960249999999999,0.9912649115681308
HarmBench_BB_Mixed,1,600,bge-base-en-v1.5,B2b_contrastive_svd_whitened_k20,0.9885875000000001,0.9785713262774038
HarmBench_BB_Mixed,1,600,bge-base-en-v1.5,C1_logreg_raw,0.9986,0.9972302607989658
HarmBench_BB_Mixed,1,600,bge-base-en-v1.5,C1b_logreg_whitened,0.9987125,0.9974378448632258
HarmBench_BB_Mixed,1,600,bge-base-en-v1.5,B1_raw,0.9847,0.9650999751446279
HarmBench_BB_Mixed,1,600,bge-base-en-v1.5,B1b_SigmaT_wh,0.9987499999999999,0.9975405011790643
HarmBench_BB_Mixed,1,600,bge-base-en-v1.5,B1w_SigmaW_wh,0.99905,0.9981219154572702
HarmBench_BB_Mixed,2,600,bge-base-en-v1.5,A1_naive_cosine_raw,0.950425,0.9147646370439025
HarmBench_BB_Mixed,2,600,bge-base-en-v1.5,A1b_cosine_whitened,0.9987125,0.9974725323316878
HarmBench_BB_Mixed,2,600,bge-base-en-v1.5,A2_rsfi_svd_raw_k20,0.9915125,0.9851454867072216
HarmBench_BB_Mixed,2,600,bge-base-en-v1.5,A3_rsfi_svd_whitened_k20,0.9000625,0.84462163476034
HarmBench_BB_Mixed,2,600,bge-base-en-v1.5,B1_discriminant_mean_raw,0.9767625,0.9533235256256093
HarmBench_BB_Mixed,2,600,bge-base-en-v1.5,B1b_discriminant_mean_whitened,0.9988374999999999,0.9977286144275809
HarmBench_BB_Mixed,2,600,bge-base-en-v1.5,B2_contrastive_svd_raw_k20,0.9937500000000001,0.9883833142912885
HarmBench_BB_Mixed,2,600,bge-base-en-v1.5,B2b_contrastive_svd_whitened_k20,0.9764750000000001,0.9513862390279069
HarmBench_BB_Mixed,2,600,bge-base-en-v1.5,C1_logreg_raw,0.9964500000000001,0.9938365140375852
HarmBench_BB_Mixed,2,600,bge-base-en-v1.5,C1b_logreg_whitened,0.9987874999999999,0.9976514372260402
HarmBench_BB_Mixed,2,600,bge-base-en-v1.5,B1_raw,0.9767625,0.9533235256256093
HarmBench_BB_Mixed,2,600,bge-base-en-v1.5,B1b_SigmaT_wh,0.9988374999999999,0.9977286144275809
HarmBench_BB_Mixed,2,600,bge-base-en-v1.5,B1w_SigmaW_wh,0.999225,0.9985082523379982
HarmBench_BB_Mixed,3,600,bge-base-en-v1.5,A1_naive_cosine_raw,0.9624875,0.9353593712614855
HarmBench_BB_Mixed,3,600,bge-base-en-v1.5,A1b_cosine_whitened,0.9991125,0.9982860022609421
HarmBench_BB_Mixed,3,600,bge-base-en-v1.5,A2_rsfi_svd_raw_k20,0.9889375,0.9844166199632592
HarmBench_BB_Mixed,3,600,bge-base-en-v1.5,A3_rsfi_svd_whitened_k20,0.9468624999999999,0.9158031282502426
HarmBench_BB_Mixed,3,600,bge-base-en-v1.5,B1_discriminant_mean_raw,0.9864375,0.9704225885308392
HarmBench_BB_Mixed,3,600,bge-base-en-v1.5,B1b_discriminant_mean_whitened,0.9991625,0.9983687427319845
HarmBench_BB_Mixed,3,600,bge-base-en-v1.5,B2_contrastive_svd_raw_k20,0.9958750000000001,0.9917818428045235
HarmBench_BB_Mixed,3,600,bge-base-en-v1.5,B2b_contrastive_svd_whitened_k20,0.989725,0.9788018548583832
HarmBench_BB_Mixed,3,600,bge-base-en-v1.5,C1_logreg_raw,0.9978875,0.9958601000803304
HarmBench_BB_Mixed,3,600,bge-base-en-v1.5,C1b_logreg_whitened,0.9991375,0.9983063961639055
HarmBench_BB_Mixed,3,600,bge-base-en-v1.5,B1_raw,0.9864375,0.9704225885308392
HarmBench_BB_Mixed,3,600,bge-base-en-v1.5,B1b_SigmaT_wh,0.9991625,0.9983687427319845
HarmBench_BB_Mixed,3,600,bge-base-en-v1.5,B1w_SigmaW_wh,0.999425,0.9988882589534499
HarmBench_BB_Mixed,4,600,bge-base-en-v1.5,A1_naive_cosine_raw,0.9578875000000001,0.9232095743093275
HarmBench_BB_Mixed,4,600,bge-base-en-v1.5,A1b_cosine_whitened,0.998575,0.9969739528153955
HarmBench_BB_Mixed,4,600,bge-base-en-v1.5,A2_rsfi_svd_raw_k20,0.9875625,0.9802967591809582
HarmBench_BB_Mixed,4,600,bge-base-en-v1.5,A3_rsfi_svd_whitened_k20,0.9134875,0.856836120087123
HarmBench_BB_Mixed,4,600,bge-base-en-v1.5,B1_discriminant_mean_raw,0.9791375,0.954569867438231
HarmBench_BB_Mixed,4,600,bge-base-en-v1.5,B1b_discriminant_mean_whitened,0.9989,0.9976861916749209
HarmBench_BB_Mixed,4,600,bge-base-en-v1.5,B2_contrastive_svd_raw_k20,0.99375,0.985355472327256
HarmBench_BB_Mixed,4,600,bge-base-en-v1.5,B2b_contrastive_svd_whitened_k20,0.9728125,0.9456415197224791
HarmBench_BB_Mixed,4,600,bge-base-en-v1.5,C1_logreg_raw,0.9972624999999999,0.9945974386030084
HarmBench_BB_Mixed,4,600,bge-base-en-v1.5,C1b_logreg_whitened,0.9989125,0.9976981230780355
HarmBench_BB_Mixed,4,600,bge-base-en-v1.5,B1_raw,0.9791375,0.954569867438231
HarmBench_BB_Mixed,4,600,bge-base-en-v1.5,B1b_SigmaT_wh,0.9989,0.9976861916749209
HarmBench_BB_Mixed,4,600,bge-base-en-v1.5,B1w_SigmaW_wh,0.999175,0.9982772619139076
HarmBench_BB_Mixed,0,600,bge-large-en-v1.5,A1_naive_cosine_raw,0.9760249999999999,0.9518024261089888
HarmBench_BB_Mixed,0,600,bge-large-en-v1.5,A1b_cosine_whitened,0.9994625,0.9990631513189265
HarmBench_BB_Mixed,0,600,bge-large-en-v1.5,A2_rsfi_svd_raw_k20,0.9949250000000001,0.9916417989757739
HarmBench_BB_Mixed,0,600,bge-large-en-v1.5,A3_rsfi_svd_whitened_k20,0.9331,0.8747592187945442
HarmBench_BB_Mixed,0,600,bge-large-en-v1.5,B1_discriminant_mean_raw,0.9871125,0.971419724601015
HarmBench_BB_Mixed,0,600,bge-large-en-v1.5,B1b_discriminant_mean_whitened,0.9995875,0.999260961143247
HarmBench_BB_Mixed,0,600,bge-large-en-v1.5,B2_contrastive_svd_raw_k20,0.9955750000000001,0.9914446097403824
HarmBench_BB_Mixed,0,600,bge-large-en-v1.5,B2b_contrastive_svd_whitened_k20,0.9824875,0.960682605227572
HarmBench_BB_Mixed,0,600,bge-large-en-v1.5,C1_logreg_raw,0.997075,0.9936616906829622
HarmBench_BB_Mixed,0,600,bge-large-en-v1.5,C1b_logreg_whitened,0.9996125,0.9993055350998312
HarmBench_BB_Mixed,0,600,bge-large-en-v1.5,B1_raw,0.9871125,0.971419724601015
HarmBench_BB_Mixed,0,600,bge-large-en-v1.5,B1b_SigmaT_wh,0.9995875,0.999260961143247
HarmBench_BB_Mixed,0,600,bge-large-en-v1.5,B1w_SigmaW_wh,0.999725,0.9994801196786345
HarmBench_BB_Mixed,1,600,bge-large-en-v1.5,A1_naive_cosine_raw,0.9813875,0.963090719618637
HarmBench_BB_Mixed,1,600,bge-large-en-v1.5,A1b_cosine_whitened,0.9996375,0.999285007550908
HarmBench_BB_Mixed,1,600,bge-large-en-v1.5,A2_rsfi_svd_raw_k20,0.9958625,0.9923309786248747
HarmBench_BB_Mixed,1,600,bge-large-en-v1.5,A3_rsfi_svd_whitened_k20,0.9454374999999999,0.9002176262010345
HarmBench_BB_Mixed,1,600,bge-large-en-v1.5,B1_discriminant_mean_raw,0.9924249999999999,0.9843782056829927
HarmBench_BB_Mixed,1,600,bge-large-en-v1.5,B1b_discriminant_mean_whitened,0.9997625,0.9995346625327781
HarmBench_BB_Mixed,1,600,bge-large-en-v1.5,B2_contrastive_svd_raw_k20,0.998175,0.9965018000918883
HarmBench_BB_Mixed,1,600,bge-large-en-v1.5,B2b_contrastive_svd_whitened_k20,0.9873000000000001,0.9730653998568137
HarmBench_BB_Mixed,1,600,bge-large-en-v1.5,C1_logreg_raw,0.99905,0.9979345755670898
HarmBench_BB_Mixed,1,600,bge-large-en-v1.5,C1b_logreg_whitened,0.9997625,0.9995308784894095
HarmBench_BB_Mixed,1,600,bge-large-en-v1.5,B1_raw,0.9924249999999999,0.9843782056829927
HarmBench_BB_Mixed,1,600,bge-large-en-v1.5,B1b_SigmaT_wh,0.9997625,0.9995346625327781
HarmBench_BB_Mixed,1,600,bge-large-en-v1.5,B1w_SigmaW_wh,0.99985,0.9997054846406246
HarmBench_BB_Mixed,2,600,bge-large-en-v1.5,A1_naive_cosine_raw,0.9705874999999999,0.9417445774005363
HarmBench_BB_Mixed,2,600,bge-large-en-v1.5,A1b_cosine_whitened,0.9995,0.9990554521629392
HarmBench_BB_Mixed,2,600,bge-large-en-v1.5,A2_rsfi_svd_raw_k20,0.994575,0.9903732695017928
HarmBench_BB_Mixed,2,600,bge-large-en-v1.5,A3_rsfi_svd_whitened_k20,0.8976875,0.8409399698458724
HarmBench_BB_Mixed,2,600,bge-large-en-v1.5,B1_discriminant_mean_raw,0.9857625,0.9705494767372596
HarmBench_BB_Mixed,2,600,bge-large-en-v1.5,B1b_discriminant_mean_whitened,0.9995875,0.9992169055065401
HarmBench_BB_Mixed,2,600,bge-large-en-v1.5,B2_contrastive_svd_raw_k20,0.9972125000000001,0.9946258957430557
HarmBench_BB_Mixed,2,600,bge-large-en-v1.5,B2b_contrastive_svd_whitened_k20,0.9785874999999999,0.9527290728420753
HarmBench_BB_Mixed,2,600,bge-large-en-v1.5,C1_logreg_raw,0.9970249999999999,0.9944369690209998
HarmBench_BB_Mixed,2,600,bge-large-en-v1.5,C1b_logreg_whitened,0.9995749999999999,0.9991922424705093
HarmBench_BB_Mixed,2,600,bge-large-en-v1.5,B1_raw,0.9857625,0.9705494767372596
HarmBench_BB_Mixed,2,600,bge-large-en-v1.5,B1b_SigmaT_wh,0.9995875,0.9992169055065401
HarmBench_BB_Mixed,2,600,bge-large-en-v1.5,B1w_SigmaW_wh,0.9998124999999999,0.999631940521507
HarmBench_BB_Mixed,3,600,bge-large-en-v1.5,A1_naive_cosine_raw,0.9794749999999999,0.9592232512803482
HarmBench_BB_Mixed,3,600,bge-large-en-v1.5,A1b_cosine_whitened,0.9995375,0.9991061702734668
HarmBench_BB_Mixed,3,600,bge-large-en-v1.5,A2_rsfi_svd_raw_k20,0.9958500000000001,0.9924646584673381
HarmBench_BB_Mixed,3,600,bge-large-en-v1.5,A3_rsfi_svd_whitened_k20,0.92785,0.8913338346511916
HarmBench_BB_Mixed,3,600,bge-large-en-v1.5,B1_discriminant_mean_raw,0.9915,0.9832117585510514
HarmBench_BB_Mixed,3,600,bge-large-en-v1.5,B1b_discriminant_mean_whitened,0.9995625,0.9991515671716568
HarmBench_BB_Mixed,3,600,bge-large-en-v1.5,B2_contrastive_svd_raw_k20,0.9966375000000001,0.9933578107787243
HarmBench_BB_Mixed,3,600,bge-large-en-v1.5,B2b_contrastive_svd_whitened_k20,0.9873625,0.9743213236224617
HarmBench_BB_Mixed,3,600,bge-large-en-v1.5,C1_logreg_raw,0.9985125,0.9971103519386301
HarmBench_BB_Mixed,3,600,bge-large-en-v1.5,C1b_logreg_whitened,0.9995625,0.9991474797620408
HarmBench_BB_Mixed,3,600,bge-large-en-v1.5,B1_raw,0.9915,0.9832117585510514
HarmBench_BB_Mixed,3,600,bge-large-en-v1.5,B1b_SigmaT_wh,0.9995625,0.9991515671716568
HarmBench_BB_Mixed,3,600,bge-large-en-v1.5,B1w_SigmaW_wh,0.9997874999999999,0.9995839100386206
HarmBench_BB_Mixed,4,600,bge-large-en-v1.5,A1_naive_cosine_raw,0.9757,0.9530110472654
HarmBench_BB_Mixed,4,600,bge-large-en-v1.5,A1b_cosine_whitened,0.9996375000000001,0.9992558118803005
HarmBench_BB_Mixed,4,600,bge-large-en-v1.5,A2_rsfi_svd_raw_k20,0.9948625,0.9909477239517058
HarmBench_BB_Mixed,4,600,bge-large-en-v1.5,A3_rsfi_svd_whitened_k20,0.9166624999999999,0.8502628817363446
HarmBench_BB_Mixed,4,600,bge-large-en-v1.5,B1_discriminant_mean_raw,0.9881875,0.9735111704175943
HarmBench_BB_Mixed,4,600,bge-large-en-v1.5,B1b_discriminant_mean_whitened,0.9997125,0.9994055514068982
HarmBench_BB_Mixed,4,600,bge-large-en-v1.5,B2_contrastive_svd_raw_k20,0.996925,0.9930620873325124
HarmBench_BB_Mixed,4,600,bge-large-en-v1.5,B2b_contrastive_svd_whitened_k20,0.9833624999999999,0.9648292334208093
HarmBench_BB_Mixed,4,600,bge-large-en-v1.5,C1_logreg_raw,0.99705,0.9936723387890768
HarmBench_BB_Mixed,4,600,bge-large-en-v1.5,C1b_logreg_whitened,0.9996125,0.9991898710909595
HarmBench_BB_Mixed,4,600,bge-large-en-v1.5,B1_raw,0.9881875,0.9735111704175943
HarmBench_BB_Mixed,4,600,bge-large-en-v1.5,B1b_SigmaT_wh,0.9997125,0.9994055514068982
HarmBench_BB_Mixed,4,600,bge-large-en-v1.5,B1w_SigmaW_wh,0.9996375000000001,0.9992479145600517
HarmBench_BB_Mixed,0,600,Qwen3-Embedding-8B,A1_naive_cosine_raw,0.7800875,0.7824872629464058
HarmBench_BB_Mixed,0,600,Qwen3-Embedding-8B,A1b_cosine_whitened,1.0,1.0
HarmBench_BB_Mixed,0,600,Qwen3-Embedding-8B,A2_rsfi_svd_raw_k20,0.9712875000000001,0.9676992453622577
HarmBench_BB_Mixed,0,600,Qwen3-Embedding-8B,A3_rsfi_svd_whitened_k20,0.948975,0.9213781513289858
HarmBench_BB_Mixed,0,600,Qwen3-Embedding-8B,B1_discriminant_mean_raw,0.9978625000000001,0.9959103351311346
HarmBench_BB_Mixed,0,600,Qwen3-Embedding-8B,B1b_discriminant_mean_whitened,1.0,1.0
HarmBench_BB_Mixed,0,600,Qwen3-Embedding-8B,B2_contrastive_svd_raw_k20,0.9992875,0.9986186079587083
HarmBench_BB_Mixed,0,600,Qwen3-Embedding-8B,B2b_contrastive_svd_whitened_k20,0.9993000000000001,0.9985929744905265
HarmBench_BB_Mixed,0,600,Qwen3-Embedding-8B,C1_logreg_raw,0.9999875,0.9999751243781094
HarmBench_BB_Mixed,0,600,Qwen3-Embedding-8B,C1b_logreg_whitened,1.0,1.0
HarmBench_BB_Mixed,0,600,Qwen3-Embedding-8B,B1_raw,0.9978625000000001,0.9959103351311346
HarmBench_BB_Mixed,0,600,Qwen3-Embedding-8B,B1b_SigmaT_wh,1.0,1.0
HarmBench_BB_Mixed,0,600,Qwen3-Embedding-8B,B1w_SigmaW_wh,1.0,1.0
HarmBench_BB_Mixed,1,600,Qwen3-Embedding-8B,A1_naive_cosine_raw,0.7820499999999999,0.7830162887110067
HarmBench_BB_Mixed,1,600,Qwen3-Embedding-8B,A1b_cosine_whitened,1.0,1.0
HarmBench_BB_Mixed,1,600,Qwen3-Embedding-8B,A2_rsfi_svd_raw_k20,0.971875,0.9689369473044647
HarmBench_BB_Mixed,1,600,Qwen3-Embedding-8B,A3_rsfi_svd_whitened_k20,0.9332624999999999,0.9007589881530947
HarmBench_BB_Mixed,1,600,Qwen3-Embedding-8B,B1_discriminant_mean_raw,0.9989874999999999,0.9981661536777635
HarmBench_BB_Mixed,1,600,Qwen3-Embedding-8B,B1b_discriminant_mean_whitened,1.0,1.0
HarmBench_BB_Mixed,1,600,Qwen3-Embedding-8B,B2_contrastive_svd_raw_k20,0.9996875,0.9993812418890473
HarmBench_BB_Mixed,1,600,Qwen3-Embedding-8B,B2b_contrastive_svd_whitened_k20,0.9996125,0.999210067279567
HarmBench_BB_Mixed,1,600,Qwen3-Embedding-8B,C1_logreg_raw,1.0,1.0
HarmBench_BB_Mixed,1,600,Qwen3-Embedding-8B,C1b_logreg_whitened,1.0,1.0
HarmBench_BB_Mixed,1,600,Qwen3-Embedding-8B,B1_raw,0.9989874999999999,0.9981661536777635
HarmBench_BB_Mixed,1,600,Qwen3-Embedding-8B,B1b_SigmaT_wh,1.0,1.0
HarmBench_BB_Mixed,1,600,Qwen3-Embedding-8B,B1w_SigmaW_wh,1.0,1.0
HarmBench_BB_Mixed,2,600,Qwen3-Embedding-8B,A1_naive_cosine_raw,0.7759499999999999,0.7776038211718954
HarmBench_BB_Mixed,2,600,Qwen3-Embedding-8B,A1b_cosine_whitened,1.0,1.0
HarmBench_BB_Mixed,2,600,Qwen3-Embedding-8B,A2_rsfi_svd_raw_k20,0.9717625000000001,0.9660962139477421
HarmBench_BB_Mixed,2,600,Qwen3-Embedding-8B,A3_rsfi_svd_whitened_k20,0.9189124999999999,0.873606472511788
HarmBench_BB_Mixed,2,600,Qwen3-Embedding-8B,B1_discriminant_mean_raw,0.9980375,0.9965447738983755
HarmBench_BB_Mixed,2,600,Qwen3-Embedding-8B,B1b_discriminant_mean_whitened,1.0,1.0
HarmBench_BB_Mixed,2,600,Qwen3-Embedding-8B,B2_contrastive_svd_raw_k20,0.9993500000000001,0.9987361523642004
HarmBench_BB_Mixed,2,600,Qwen3-Embedding-8B,B2b_contrastive_svd_whitened_k20,0.9984000000000001,0.9955526999183542
HarmBench_BB_Mixed,2,600,Qwen3-Embedding-8B,C1_logreg_raw,1.0,1.0
HarmBench_BB_Mixed,2,600,Qwen3-Embedding-8B,C1b_logreg_whitened,1.0,1.0
HarmBench_BB_Mixed,2,600,Qwen3-Embedding-8B,B1_raw,0.9980375,0.9965447738983755
HarmBench_BB_Mixed,2,600,Qwen3-Embedding-8B,B1b_SigmaT_wh,1.0,1.0
HarmBench_BB_Mixed,2,600,Qwen3-Embedding-8B,B1w_SigmaW_wh,1.0,1.0
HarmBench_BB_Mixed,3,600,Qwen3-Embedding-8B,A1_naive_cosine_raw,0.7421249999999999,0.7527229297701783
HarmBench_BB_Mixed,3,600,Qwen3-Embedding-8B,A1b_cosine_whitened,1.0,1.0
HarmBench_BB_Mixed,3,600,Qwen3-Embedding-8B,A2_rsfi_svd_raw_k20,0.9629874999999999,0.9619338316249871
HarmBench_BB_Mixed,3,600,Qwen3-Embedding-8B,A3_rsfi_svd_whitened_k20,0.9246125000000001,0.8869647509101857
HarmBench_BB_Mixed,3,600,Qwen3-Embedding-8B,B1_discriminant_mean_raw,0.9988999999999999,0.9978473584721019
HarmBench_BB_Mixed,3,600,Qwen3-Embedding-8B,B1b_discriminant_mean_whitened,1.0,1.0
HarmBench_BB_Mixed,3,600,Qwen3-Embedding-8B,B2_contrastive_svd_raw_k20,0.9996875000000001,0.9993859981589477
HarmBench_BB_Mixed,3,600,Qwen3-Embedding-8B,B2b_contrastive_svd_whitened_k20,0.9996875000000001,0.9993514348158394
HarmBench_BB_Mixed,3,600,Qwen3-Embedding-8B,C1_logreg_raw,1.0,1.0
HarmBench_BB_Mixed,3,600,Qwen3-Embedding-8B,C1b_logreg_whitened,1.0,1.0
HarmBench_BB_Mixed,3,600,Qwen3-Embedding-8B,B1_raw,0.9988999999999999,0.9978473584721019
HarmBench_BB_Mixed,3,600,Qwen3-Embedding-8B,B1b_SigmaT_wh,1.0,1.0
HarmBench_BB_Mixed,3,600,Qwen3-Embedding-8B,B1w_SigmaW_wh,1.0,1.0
HarmBench_BB_Mixed,4,600,Qwen3-Embedding-8B,A1_naive_cosine_raw,0.7466125,0.7430914400184399
HarmBench_BB_Mixed,4,600,Qwen3-Embedding-8B,A1b_cosine_whitened,0.9999750000000001,0.9999501243781095
HarmBench_BB_Mixed,4,600,Qwen3-Embedding-8B,A2_rsfi_svd_raw_k20,0.966225,0.9581033479609301
HarmBench_BB_Mixed,4,600,Qwen3-Embedding-8B,A3_rsfi_svd_whitened_k20,0.944175,0.8964856598158611
HarmBench_BB_Mixed,4,600,Qwen3-Embedding-8B,B1_discriminant_mean_raw,0.9986625,0.9974151371536444
HarmBench_BB_Mixed,4,600,Qwen3-Embedding-8B,B1b_discriminant_mean_whitened,1.0,1.0
HarmBench_BB_Mixed,4,600,Qwen3-Embedding-8B,B2_contrastive_svd_raw_k20,0.9993125,0.9986595188448013
HarmBench_BB_Mixed,4,600,Qwen3-Embedding-8B,B2b_contrastive_svd_whitened_k20,0.9962375,0.9894154312808121
HarmBench_BB_Mixed,4,600,Qwen3-Embedding-8B,C1_logreg_raw,0.9999875,0.9999751243781094
HarmBench_BB_Mixed,4,600,Qwen3-Embedding-8B,C1b_logreg_whitened,1.0,1.0
HarmBench_BB_Mixed,4,600,Qwen3-Embedding-8B,B1_raw,0.9986625,0.9974151371536444
HarmBench_BB_Mixed,4,600,Qwen3-Embedding-8B,B1b_SigmaT_wh,1.0,1.0
HarmBench_BB_Mixed,4,600,Qwen3-Embedding-8B,B1w_SigmaW_wh,1.0,1.0
