dataset,seed,n_test,model,cos_mu_mal_safe,mal_homog,safe_homog
AdvBench_BB_Safe,0,1320,all-mpnet-base-v2,0.11898358166217804,0.34240248799324036,0.3080824017524719
AdvBench_BB_Safe,1,1320,all-mpnet-base-v2,0.14159557223320007,0.34134694933891296,0.31124889850616455
AdvBench_BB_Safe,2,1320,all-mpnet-base-v2,0.12997503578662872,0.33817967772483826,0.30482780933380127
AdvBench_BB_Safe,3,1320,all-mpnet-base-v2,0.11179880797863007,0.3351955711841583,0.3035424053668976
AdvBench_BB_Safe,4,1320,all-mpnet-base-v2,0.13398146629333496,0.3271605372428894,0.3108942210674286
AdvBench_BB_Safe,0,1320,bge-base-en-v1.5,0.6608916521072388,0.608831524848938,0.6106253266334534
AdvBench_BB_Safe,1,1320,bge-base-en-v1.5,0.6686219573020935,0.6114493608474731,0.6103894114494324
AdvBench_BB_Safe,2,1320,bge-base-en-v1.5,0.663673460483551,0.604209303855896,0.6090754270553589
AdvBench_BB_Safe,3,1320,bge-base-en-v1.5,0.6548281311988831,0.6039884090423584,0.6090844869613647
AdvBench_BB_Safe,4,1320,bge-base-en-v1.5,0.6639337539672852,0.6020576357841492,0.6154412031173706
AdvBench_BB_Safe,0,1320,bge-large-en-v1.5,0.6780784130096436,0.6289024949073792,0.5789369940757751
AdvBench_BB_Safe,1,1320,bge-large-en-v1.5,0.6916177272796631,0.6296914219856262,0.5878323912620544
AdvBench_BB_Safe,2,1320,bge-large-en-v1.5,0.6842716336250305,0.6257197856903076,0.578494131565094
AdvBench_BB_Safe,3,1320,bge-large-en-v1.5,0.6744805574417114,0.6259820461273193,0.5783856511116028
AdvBench_BB_Safe,4,1320,bge-large-en-v1.5,0.6846668720245361,0.6222322583198547,0.5852808952331543
AdvBench_BB_Safe,0,1320,Qwen3-Embedding-8B,0.5053623914718628,0.5115350484848022,0.4713779389858246
AdvBench_BB_Safe,1,1320,Qwen3-Embedding-8B,0.5121458768844604,0.5075727105140686,0.4825431704521179
AdvBench_BB_Safe,2,1320,Qwen3-Embedding-8B,0.5105640292167664,0.5148766040802002,0.4702947735786438
AdvBench_BB_Safe,3,1320,Qwen3-Embedding-8B,0.5146626234054565,0.5132321715354919,0.4710748493671417
AdvBench_BB_Safe,4,1320,Qwen3-Embedding-8B,0.5125559568405151,0.5102909803390503,0.47758302092552185
AdvBench_BB_Mixed,0,720,all-mpnet-base-v2,0.08610764890909195,0.34240248799324036,0.37418508529663086
AdvBench_BB_Mixed,1,720,all-mpnet-base-v2,0.09836263209581375,0.34134694933891296,0.34262338280677795
AdvBench_BB_Mixed,2,720,all-mpnet-base-v2,0.07841794937849045,0.33817967772483826,0.3801378607749939
AdvBench_BB_Mixed,3,720,all-mpnet-base-v2,0.08348844200372696,0.3351956009864807,0.3744349777698517
AdvBench_BB_Mixed,4,720,all-mpnet-base-v2,0.10423777252435684,0.3271605372428894,0.3431853950023651
AdvBench_BB_Mixed,0,720,bge-base-en-v1.5,0.6582558155059814,0.608831524848938,0.6173601746559143
AdvBench_BB_Mixed,1,720,bge-base-en-v1.5,0.6725425720214844,0.6114493608474731,0.5950994491577148
AdvBench_BB_Mixed,2,720,bge-base-en-v1.5,0.6485090255737305,0.6042092442512512,0.6244874000549316
AdvBench_BB_Mixed,3,720,bge-base-en-v1.5,0.6578025817871094,0.6039883494377136,0.6138938665390015
AdvBench_BB_Mixed,4,720,bge-base-en-v1.5,0.6739158630371094,0.6020576357841492,0.596520721912384
AdvBench_BB_Mixed,0,720,bge-large-en-v1.5,0.6555514335632324,0.6289024949073792,0.6031311750411987
AdvBench_BB_Mixed,1,720,bge-large-en-v1.5,0.6743662357330322,0.629691481590271,0.5817476511001587
AdvBench_BB_Mixed,2,720,bge-large-en-v1.5,0.648868978023529,0.6257198452949524,0.6066762804985046
AdvBench_BB_Mixed,3,720,bge-large-en-v1.5,0.6579457521438599,0.6259820461273193,0.5985298156738281
AdvBench_BB_Mixed,4,720,bge-large-en-v1.5,0.6735105514526367,0.6222323179244995,0.5796718001365662
AdvBench_BB_Mixed,0,720,Qwen3-Embedding-8B,0.48036301136016846,0.5115125179290771,0.49267029762268066
AdvBench_BB_Mixed,1,720,Qwen3-Embedding-8B,0.5007466077804565,0.5075528621673584,0.47651395201683044
AdvBench_BB_Mixed,2,720,Qwen3-Embedding-8B,0.48661819100379944,0.5148703455924988,0.5036421418190002
AdvBench_BB_Mixed,3,720,Qwen3-Embedding-8B,0.5010525584220886,0.5132135152816772,0.4946572780609131
AdvBench_BB_Mixed,4,720,Qwen3-Embedding-8B,0.5107219219207764,0.5102846622467041,0.4742158055305481
HarmBench_BB_Safe,0,1200,all-mpnet-base-v2,0.22819145023822784,0.19350425899028778,0.3140656054019928
HarmBench_BB_Safe,1,1200,all-mpnet-base-v2,0.23818549513816833,0.19492347538471222,0.3124345541000366
HarmBench_BB_Safe,2,1200,all-mpnet-base-v2,0.23245307803153992,0.19526155292987823,0.31391021609306335
HarmBench_BB_Safe,3,1200,all-mpnet-base-v2,0.2195442169904709,0.19429658353328705,0.31739717721939087
HarmBench_BB_Safe,4,1200,all-mpnet-base-v2,0.2170780599117279,0.19396013021469116,0.30800655484199524
HarmBench_BB_Safe,0,1200,bge-base-en-v1.5,0.7585785388946533,0.5197324752807617,0.6134270429611206
HarmBench_BB_Safe,1,1200,bge-base-en-v1.5,0.7620786428451538,0.5217839479446411,0.6142057776451111
HarmBench_BB_Safe,2,1200,bge-base-en-v1.5,0.7626603245735168,0.5235782265663147,0.61373370885849
HarmBench_BB_Safe,3,1200,bge-base-en-v1.5,0.7577106952667236,0.5209251046180725,0.6160788536071777
HarmBench_BB_Safe,4,1200,bge-base-en-v1.5,0.7583193778991699,0.5199938416481018,0.6095370054244995
HarmBench_BB_Safe,0,1200,bge-large-en-v1.5,0.7653589248657227,0.5360007882118225,0.579181969165802
HarmBench_BB_Safe,1,1200,bge-large-en-v1.5,0.7728551626205444,0.5346294641494751,0.5872313976287842
HarmBench_BB_Safe,2,1200,bge-large-en-v1.5,0.765524685382843,0.5386984348297119,0.5809502005577087
HarmBench_BB_Safe,3,1200,bge-large-en-v1.5,0.7662249803543091,0.535444438457489,0.5822479724884033
HarmBench_BB_Safe,4,1200,bge-large-en-v1.5,0.7671623826026917,0.5340084433555603,0.579647421836853
HarmBench_BB_Safe,0,1200,Qwen3-Embedding-8B,0.6635787487030029,0.30932214856147766,0.46863535046577454
HarmBench_BB_Safe,1,1200,Qwen3-Embedding-8B,0.6702591180801392,0.3111853301525116,0.480652779340744
HarmBench_BB_Safe,2,1200,Qwen3-Embedding-8B,0.6623073816299438,0.30461257696151733,0.4748048782348633
HarmBench_BB_Safe,3,1200,Qwen3-Embedding-8B,0.6568062901496887,0.3163032829761505,0.473751962184906
HarmBench_BB_Safe,4,1200,Qwen3-Embedding-8B,0.6725062131881714,0.3135565519332886,0.4740944504737854
HarmBench_BB_Mixed,0,600,all-mpnet-base-v2,0.1851368099451065,0.19350425899028778,0.383305162191391
HarmBench_BB_Mixed,1,600,all-mpnet-base-v2,0.20882484316825867,0.19492347538471222,0.3265649378299713
HarmBench_BB_Mixed,2,600,all-mpnet-base-v2,0.18399688601493835,0.19526155292987823,0.3822287917137146
HarmBench_BB_Mixed,3,600,all-mpnet-base-v2,0.21565860509872437,0.19429658353328705,0.3160945773124695
HarmBench_BB_Mixed,4,600,all-mpnet-base-v2,0.18247614800930023,0.19396013021469116,0.365862101316452
HarmBench_BB_Mixed,0,600,bge-base-en-v1.5,0.7666179537773132,0.5197324752807617,0.6207464337348938
HarmBench_BB_Mixed,1,600,bge-base-en-v1.5,0.7914310693740845,0.5217838883399963,0.5874744653701782
HarmBench_BB_Mixed,2,600,bge-base-en-v1.5,0.7678332924842834,0.5235782265663147,0.6210815906524658
HarmBench_BB_Mixed,3,600,bge-base-en-v1.5,0.8014700412750244,0.5209251046180725,0.5831115245819092
HarmBench_BB_Mixed,4,600,bge-base-en-v1.5,0.7721123099327087,0.5199938416481018,0.6040892004966736
HarmBench_BB_Mixed,0,600,bge-large-en-v1.5,0.757826566696167,0.5360007882118225,0.6058216094970703
HarmBench_BB_Mixed,1,600,bge-large-en-v1.5,0.7845427989959717,0.5346295237541199,0.5739567875862122
HarmBench_BB_Mixed,2,600,bge-large-en-v1.5,0.7585856318473816,0.5386984348297119,0.6022402048110962
HarmBench_BB_Mixed,3,600,bge-large-en-v1.5,0.792896568775177,0.535444438457489,0.5702276229858398
HarmBench_BB_Mixed,4,600,bge-large-en-v1.5,0.7639041543006897,0.5340084433555603,0.5886436104774475
HarmBench_BB_Mixed,0,600,Qwen3-Embedding-8B,0.6417478322982788,0.30932214856147766,0.5034692287445068
HarmBench_BB_Mixed,1,600,Qwen3-Embedding-8B,0.6631382703781128,0.3111853301525116,0.4643215239048004
HarmBench_BB_Mixed,2,600,Qwen3-Embedding-8B,0.637851357460022,0.30461257696151733,0.5013014674186707
HarmBench_BB_Mixed,3,600,Qwen3-Embedding-8B,0.6684792041778564,0.3163032829761505,0.45340821146965027
HarmBench_BB_Mixed,4,600,Qwen3-Embedding-8B,0.6486152410507202,0.3135565519332886,0.4918937385082245
