dataset,seed,n_test,model,pair,method_1,method_2,auc_1,auc_2,auc_diff,p_value
AdvBench_BB_Safe,0,1320,all-mpnet-base-v2,B1b_vs_C1b,B1b_discriminant_mean_whitened,C1b_logreg_whitened,1.0,1.0,0.0,
AdvBench_BB_Safe,0,1320,all-mpnet-base-v2,B1_vs_A1,B1_discriminant_mean_raw,A1_naive_cosine_raw,1.0,0.999384375,0.0006156250000000085,0.15447086099190832
AdvBench_BB_Safe,0,1320,all-mpnet-base-v2,B1_vs_C1,B1_discriminant_mean_raw,C1_logreg_raw,1.0,1.0,0.0,
AdvBench_BB_Safe,0,1320,all-mpnet-base-v2,A3_vs_A1,A3_rsfi_svd_whitened_k20,A1_naive_cosine_raw,0.9952625,0.999384375,-0.0041218749999999416,0.00275728544017384
AdvBench_BB_Safe,0,1320,all-mpnet-base-v2,B1b_vs_B1,B1b_discriminant_mean_whitened,B1_discriminant_mean_raw,1.0,1.0,0.0,
AdvBench_BB_Safe,0,1320,all-mpnet-base-v2,B1b_vs_A1b,B1b_discriminant_mean_whitened,A1b_cosine_whitened,1.0,1.0,0.0,
AdvBench_BB_Safe,0,1320,all-mpnet-base-v2,B1w_vs_B1b,B1w_SigmaW_wh,B1b_SigmaT_wh,1.0,1.0,0.0,
AdvBench_BB_Safe,0,1320,all-mpnet-base-v2,B1b_vs_B1,B1b_SigmaT_wh,B1_raw,1.0,1.0,0.0,
AdvBench_BB_Safe,0,1320,all-mpnet-base-v2,B1w_vs_B1,B1w_SigmaW_wh,B1_raw,1.0,1.0,0.0,
AdvBench_BB_Safe,1,1320,all-mpnet-base-v2,B1b_vs_C1b,B1b_discriminant_mean_whitened,C1b_logreg_whitened,1.0,1.0,0.0,
AdvBench_BB_Safe,1,1320,all-mpnet-base-v2,B1_vs_A1,B1_discriminant_mean_raw,A1_naive_cosine_raw,1.0,0.999903125,9.687499999999627e-05,0.31012580720421545
AdvBench_BB_Safe,1,1320,all-mpnet-base-v2,B1_vs_C1,B1_discriminant_mean_raw,C1_logreg_raw,1.0,1.0,0.0,
AdvBench_BB_Safe,1,1320,all-mpnet-base-v2,A3_vs_A1,A3_rsfi_svd_whitened_k20,A1_naive_cosine_raw,0.9793437500000001,0.999903125,-0.020559374999999935,2.4316297864146463e-09
AdvBench_BB_Safe,1,1320,all-mpnet-base-v2,B1b_vs_B1,B1b_discriminant_mean_whitened,B1_discriminant_mean_raw,1.0,1.0,0.0,
AdvBench_BB_Safe,1,1320,all-mpnet-base-v2,B1b_vs_A1b,B1b_discriminant_mean_whitened,A1b_cosine_whitened,1.0,1.0,0.0,
AdvBench_BB_Safe,1,1320,all-mpnet-base-v2,B1w_vs_B1b,B1w_SigmaW_wh,B1b_SigmaT_wh,1.0,1.0,0.0,
AdvBench_BB_Safe,1,1320,all-mpnet-base-v2,B1b_vs_B1,B1b_SigmaT_wh,B1_raw,1.0,1.0,0.0,
AdvBench_BB_Safe,1,1320,all-mpnet-base-v2,B1w_vs_B1,B1w_SigmaW_wh,B1_raw,1.0,1.0,0.0,
AdvBench_BB_Safe,2,1320,all-mpnet-base-v2,B1b_vs_C1b,B1b_discriminant_mean_whitened,C1b_logreg_whitened,1.0,1.0,0.0,
AdvBench_BB_Safe,2,1320,all-mpnet-base-v2,B1_vs_A1,B1_discriminant_mean_raw,A1_naive_cosine_raw,1.0,0.99961875,0.00038124999999999964,0.20528670353946366
AdvBench_BB_Safe,2,1320,all-mpnet-base-v2,B1_vs_C1,B1_discriminant_mean_raw,C1_logreg_raw,1.0,1.0,0.0,
AdvBench_BB_Safe,2,1320,all-mpnet-base-v2,A3_vs_A1,A3_rsfi_svd_whitened_k20,A1_naive_cosine_raw,0.9880125,0.99961875,-0.01160625000000004,1.8811123646544914e-05
AdvBench_BB_Safe,2,1320,all-mpnet-base-v2,B1b_vs_B1,B1b_discriminant_mean_whitened,B1_discriminant_mean_raw,1.0,1.0,0.0,
AdvBench_BB_Safe,2,1320,all-mpnet-base-v2,B1b_vs_A1b,B1b_discriminant_mean_whitened,A1b_cosine_whitened,1.0,1.0,0.0,
AdvBench_BB_Safe,2,1320,all-mpnet-base-v2,B1w_vs_B1b,B1w_SigmaW_wh,B1b_SigmaT_wh,1.0,1.0,0.0,
AdvBench_BB_Safe,2,1320,all-mpnet-base-v2,B1b_vs_B1,B1b_SigmaT_wh,B1_raw,1.0,1.0,0.0,
AdvBench_BB_Safe,2,1320,all-mpnet-base-v2,B1w_vs_B1,B1w_SigmaW_wh,B1_raw,1.0,1.0,0.0,
AdvBench_BB_Safe,3,1320,all-mpnet-base-v2,B1b_vs_C1b,B1b_discriminant_mean_whitened,C1b_logreg_whitened,1.0,1.0,0.0,
AdvBench_BB_Safe,3,1320,all-mpnet-base-v2,B1_vs_A1,B1_discriminant_mean_raw,A1_naive_cosine_raw,1.0,0.999853125,0.00014687499999999076,0.1749349957289721
AdvBench_BB_Safe,3,1320,all-mpnet-base-v2,B1_vs_C1,B1_discriminant_mean_raw,C1_logreg_raw,1.0,1.0,0.0,
AdvBench_BB_Safe,3,1320,all-mpnet-base-v2,A3_vs_A1,A3_rsfi_svd_whitened_k20,A1_naive_cosine_raw,0.9966250000000001,0.999853125,-0.003228124999999915,0.0012916570614316392
AdvBench_BB_Safe,3,1320,all-mpnet-base-v2,B1b_vs_B1,B1b_discriminant_mean_whitened,B1_discriminant_mean_raw,1.0,1.0,0.0,
AdvBench_BB_Safe,3,1320,all-mpnet-base-v2,B1b_vs_A1b,B1b_discriminant_mean_whitened,A1b_cosine_whitened,1.0,1.0,0.0,
AdvBench_BB_Safe,3,1320,all-mpnet-base-v2,B1w_vs_B1b,B1w_SigmaW_wh,B1b_SigmaT_wh,1.0,1.0,0.0,
AdvBench_BB_Safe,3,1320,all-mpnet-base-v2,B1b_vs_B1,B1b_SigmaT_wh,B1_raw,1.0,1.0,0.0,
AdvBench_BB_Safe,3,1320,all-mpnet-base-v2,B1w_vs_B1,B1w_SigmaW_wh,B1_raw,1.0,1.0,0.0,
AdvBench_BB_Safe,4,1320,all-mpnet-base-v2,B1b_vs_C1b,B1b_discriminant_mean_whitened,C1b_logreg_whitened,1.0,1.0,0.0,
AdvBench_BB_Safe,4,1320,all-mpnet-base-v2,B1_vs_A1,B1_discriminant_mean_raw,A1_naive_cosine_raw,1.0,0.99974375,0.0002562499999999579,0.21825324273540425
AdvBench_BB_Safe,4,1320,all-mpnet-base-v2,B1_vs_C1,B1_discriminant_mean_raw,C1_logreg_raw,1.0,1.0,0.0,
AdvBench_BB_Safe,4,1320,all-mpnet-base-v2,A3_vs_A1,A3_rsfi_svd_whitened_k20,A1_naive_cosine_raw,0.9949125000000001,0.99974375,-0.004831249999999954,0.00023047646037244185
AdvBench_BB_Safe,4,1320,all-mpnet-base-v2,B1b_vs_B1,B1b_discriminant_mean_whitened,B1_discriminant_mean_raw,1.0,1.0,0.0,
AdvBench_BB_Safe,4,1320,all-mpnet-base-v2,B1b_vs_A1b,B1b_discriminant_mean_whitened,A1b_cosine_whitened,1.0,1.0,0.0,
AdvBench_BB_Safe,4,1320,all-mpnet-base-v2,B1w_vs_B1b,B1w_SigmaW_wh,B1b_SigmaT_wh,1.0,1.0,0.0,
AdvBench_BB_Safe,4,1320,all-mpnet-base-v2,B1b_vs_B1,B1b_SigmaT_wh,B1_raw,1.0,1.0,0.0,
AdvBench_BB_Safe,4,1320,all-mpnet-base-v2,B1w_vs_B1,B1w_SigmaW_wh,B1_raw,1.0,1.0,0.0,
AdvBench_BB_Safe,0,1320,bge-base-en-v1.5,B1b_vs_C1b,B1b_discriminant_mean_whitened,C1b_logreg_whitened,1.0,1.0,0.0,
AdvBench_BB_Safe,0,1320,bge-base-en-v1.5,B1_vs_A1,B1_discriminant_mean_raw,A1_naive_cosine_raw,1.0,0.99995,4.999999999999449e-05,0.19926960391413573
AdvBench_BB_Safe,0,1320,bge-base-en-v1.5,B1_vs_C1,B1_discriminant_mean_raw,C1_logreg_raw,1.0,1.0,0.0,
AdvBench_BB_Safe,0,1320,bge-base-en-v1.5,A3_vs_A1,A3_rsfi_svd_whitened_k20,A1_naive_cosine_raw,0.9949,0.99995,-0.005049999999999999,0.0019977831413882097
AdvBench_BB_Safe,0,1320,bge-base-en-v1.5,B1b_vs_B1,B1b_discriminant_mean_whitened,B1_discriminant_mean_raw,1.0,1.0,0.0,
AdvBench_BB_Safe,0,1320,bge-base-en-v1.5,B1b_vs_A1b,B1b_discriminant_mean_whitened,A1b_cosine_whitened,1.0,1.0,0.0,
AdvBench_BB_Safe,0,1320,bge-base-en-v1.5,B1w_vs_B1b,B1w_SigmaW_wh,B1b_SigmaT_wh,1.0,1.0,0.0,
AdvBench_BB_Safe,0,1320,bge-base-en-v1.5,B1b_vs_B1,B1b_SigmaT_wh,B1_raw,1.0,1.0,0.0,
AdvBench_BB_Safe,0,1320,bge-base-en-v1.5,B1w_vs_B1,B1w_SigmaW_wh,B1_raw,1.0,1.0,0.0,
AdvBench_BB_Safe,1,1320,bge-base-en-v1.5,B1b_vs_C1b,B1b_discriminant_mean_whitened,C1b_logreg_whitened,1.0,1.0,0.0,
AdvBench_BB_Safe,1,1320,bge-base-en-v1.5,B1_vs_A1,B1_discriminant_mean_raw,A1_naive_cosine_raw,1.0,0.99925,0.0007500000000000284,0.2207295923344501
AdvBench_BB_Safe,1,1320,bge-base-en-v1.5,B1_vs_C1,B1_discriminant_mean_raw,C1_logreg_raw,1.0,1.0,0.0,
AdvBench_BB_Safe,1,1320,bge-base-en-v1.5,A3_vs_A1,A3_rsfi_svd_whitened_k20,A1_naive_cosine_raw,0.98800625,0.99925,-0.011243749999999997,1.442042712884728e-05
AdvBench_BB_Safe,1,1320,bge-base-en-v1.5,B1b_vs_B1,B1b_discriminant_mean_whitened,B1_discriminant_mean_raw,1.0,1.0,0.0,
AdvBench_BB_Safe,1,1320,bge-base-en-v1.5,B1b_vs_A1b,B1b_discriminant_mean_whitened,A1b_cosine_whitened,1.0,1.0,0.0,
AdvBench_BB_Safe,1,1320,bge-base-en-v1.5,B1w_vs_B1b,B1w_SigmaW_wh,B1b_SigmaT_wh,1.0,1.0,0.0,
AdvBench_BB_Safe,1,1320,bge-base-en-v1.5,B1b_vs_B1,B1b_SigmaT_wh,B1_raw,1.0,1.0,0.0,
AdvBench_BB_Safe,1,1320,bge-base-en-v1.5,B1w_vs_B1,B1w_SigmaW_wh,B1_raw,1.0,1.0,0.0,
AdvBench_BB_Safe,2,1320,bge-base-en-v1.5,B1b_vs_C1b,B1b_discriminant_mean_whitened,C1b_logreg_whitened,1.0,1.0,0.0,
AdvBench_BB_Safe,2,1320,bge-base-en-v1.5,B1_vs_A1,B1_discriminant_mean_raw,A1_naive_cosine_raw,1.0,0.999825,0.00017500000000003624,0.1961243986438641
AdvBench_BB_Safe,2,1320,bge-base-en-v1.5,B1_vs_C1,B1_discriminant_mean_raw,C1_logreg_raw,1.0,1.0,0.0,
AdvBench_BB_Safe,2,1320,bge-base-en-v1.5,A3_vs_A1,A3_rsfi_svd_whitened_k20,A1_naive_cosine_raw,0.989678125,0.999825,-0.010146875,0.00011533041497191476
AdvBench_BB_Safe,2,1320,bge-base-en-v1.5,B1b_vs_B1,B1b_discriminant_mean_whitened,B1_discriminant_mean_raw,1.0,1.0,0.0,
AdvBench_BB_Safe,2,1320,bge-base-en-v1.5,B1b_vs_A1b,B1b_discriminant_mean_whitened,A1b_cosine_whitened,1.0,1.0,0.0,
AdvBench_BB_Safe,2,1320,bge-base-en-v1.5,B1w_vs_B1b,B1w_SigmaW_wh,B1b_SigmaT_wh,1.0,1.0,0.0,
AdvBench_BB_Safe,2,1320,bge-base-en-v1.5,B1b_vs_B1,B1b_SigmaT_wh,B1_raw,1.0,1.0,0.0,
AdvBench_BB_Safe,2,1320,bge-base-en-v1.5,B1w_vs_B1,B1w_SigmaW_wh,B1_raw,1.0,1.0,0.0,
AdvBench_BB_Safe,3,1320,bge-base-en-v1.5,B1b_vs_C1b,B1b_discriminant_mean_whitened,C1b_logreg_whitened,1.0,1.0,0.0,
AdvBench_BB_Safe,3,1320,bge-base-en-v1.5,B1_vs_A1,B1_discriminant_mean_raw,A1_naive_cosine_raw,1.0,0.9991468750000001,0.0008531249999998991,0.22398535699690791
AdvBench_BB_Safe,3,1320,bge-base-en-v1.5,B1_vs_C1,B1_discriminant_mean_raw,C1_logreg_raw,1.0,1.0,0.0,
AdvBench_BB_Safe,3,1320,bge-base-en-v1.5,A3_vs_A1,A3_rsfi_svd_whitened_k20,A1_naive_cosine_raw,0.9966468749999999,0.9991468750000001,-0.0025000000000001688,0.03314911698288614
AdvBench_BB_Safe,3,1320,bge-base-en-v1.5,B1b_vs_B1,B1b_discriminant_mean_whitened,B1_discriminant_mean_raw,1.0,1.0,0.0,
AdvBench_BB_Safe,3,1320,bge-base-en-v1.5,B1b_vs_A1b,B1b_discriminant_mean_whitened,A1b_cosine_whitened,1.0,1.0,0.0,
AdvBench_BB_Safe,3,1320,bge-base-en-v1.5,B1w_vs_B1b,B1w_SigmaW_wh,B1b_SigmaT_wh,1.0,1.0,0.0,
AdvBench_BB_Safe,3,1320,bge-base-en-v1.5,B1b_vs_B1,B1b_SigmaT_wh,B1_raw,1.0,1.0,0.0,
AdvBench_BB_Safe,3,1320,bge-base-en-v1.5,B1w_vs_B1,B1w_SigmaW_wh,B1_raw,1.0,1.0,0.0,
AdvBench_BB_Safe,4,1320,bge-base-en-v1.5,B1b_vs_C1b,B1b_discriminant_mean_whitened,C1b_logreg_whitened,1.0,1.0,0.0,
AdvBench_BB_Safe,4,1320,bge-base-en-v1.5,B1_vs_A1,B1_discriminant_mean_raw,A1_naive_cosine_raw,1.0,0.999321875,0.0006781249999999739,0.2798325231765224
AdvBench_BB_Safe,4,1320,bge-base-en-v1.5,B1_vs_C1,B1_discriminant_mean_raw,C1_logreg_raw,1.0,1.0,0.0,
AdvBench_BB_Safe,4,1320,bge-base-en-v1.5,A3_vs_A1,A3_rsfi_svd_whitened_k20,A1_naive_cosine_raw,0.9960249999999999,0.999321875,-0.003296875000000088,0.003088451094647615
AdvBench_BB_Safe,4,1320,bge-base-en-v1.5,B1b_vs_B1,B1b_discriminant_mean_whitened,B1_discriminant_mean_raw,1.0,1.0,0.0,
AdvBench_BB_Safe,4,1320,bge-base-en-v1.5,B1b_vs_A1b,B1b_discriminant_mean_whitened,A1b_cosine_whitened,1.0,1.0,0.0,
AdvBench_BB_Safe,4,1320,bge-base-en-v1.5,B1w_vs_B1b,B1w_SigmaW_wh,B1b_SigmaT_wh,1.0,1.0,0.0,
AdvBench_BB_Safe,4,1320,bge-base-en-v1.5,B1b_vs_B1,B1b_SigmaT_wh,B1_raw,1.0,1.0,0.0,
AdvBench_BB_Safe,4,1320,bge-base-en-v1.5,B1w_vs_B1,B1w_SigmaW_wh,B1_raw,1.0,1.0,0.0,
AdvBench_BB_Safe,0,1320,bge-large-en-v1.5,B1b_vs_C1b,B1b_discriminant_mean_whitened,C1b_logreg_whitened,1.0,1.0,0.0,
AdvBench_BB_Safe,0,1320,bge-large-en-v1.5,B1_vs_A1,B1_discriminant_mean_raw,A1_naive_cosine_raw,1.0,0.9996937499999999,0.0003062500000000634,0.13738284540095314
AdvBench_BB_Safe,0,1320,bge-large-en-v1.5,B1_vs_C1,B1_discriminant_mean_raw,C1_logreg_raw,1.0,1.0,0.0,
AdvBench_BB_Safe,0,1320,bge-large-en-v1.5,A3_vs_A1,A3_rsfi_svd_whitened_k20,A1_naive_cosine_raw,0.996828125,0.9996937499999999,-0.0028656249999999828,0.010298130112003978
AdvBench_BB_Safe,0,1320,bge-large-en-v1.5,B1b_vs_B1,B1b_discriminant_mean_whitened,B1_discriminant_mean_raw,1.0,1.0,0.0,
AdvBench_BB_Safe,0,1320,bge-large-en-v1.5,B1b_vs_A1b,B1b_discriminant_mean_whitened,A1b_cosine_whitened,1.0,1.0,0.0,
AdvBench_BB_Safe,0,1320,bge-large-en-v1.5,B1w_vs_B1b,B1w_SigmaW_wh,B1b_SigmaT_wh,1.0,1.0,0.0,
AdvBench_BB_Safe,0,1320,bge-large-en-v1.5,B1b_vs_B1,B1b_SigmaT_wh,B1_raw,1.0,1.0,0.0,
AdvBench_BB_Safe,0,1320,bge-large-en-v1.5,B1w_vs_B1,B1w_SigmaW_wh,B1_raw,1.0,1.0,0.0,
AdvBench_BB_Safe,1,1320,bge-large-en-v1.5,B1b_vs_C1b,B1b_discriminant_mean_whitened,C1b_logreg_whitened,1.0,1.0,0.0,
AdvBench_BB_Safe,1,1320,bge-large-en-v1.5,B1_vs_A1,B1_discriminant_mean_raw,A1_naive_cosine_raw,1.0,0.9994000000000001,0.0005999999999999339,0.0640561410226359
AdvBench_BB_Safe,1,1320,bge-large-en-v1.5,B1_vs_C1,B1_discriminant_mean_raw,C1_logreg_raw,1.0,1.0,0.0,
AdvBench_BB_Safe,1,1320,bge-large-en-v1.5,A3_vs_A1,A3_rsfi_svd_whitened_k20,A1_naive_cosine_raw,0.9877937499999999,0.9994000000000001,-0.011606250000000151,2.7359487171363384e-06
AdvBench_BB_Safe,1,1320,bge-large-en-v1.5,B1b_vs_B1,B1b_discriminant_mean_whitened,B1_discriminant_mean_raw,1.0,1.0,0.0,
AdvBench_BB_Safe,1,1320,bge-large-en-v1.5,B1b_vs_A1b,B1b_discriminant_mean_whitened,A1b_cosine_whitened,1.0,1.0,0.0,
AdvBench_BB_Safe,1,1320,bge-large-en-v1.5,B1w_vs_B1b,B1w_SigmaW_wh,B1b_SigmaT_wh,1.0,1.0,0.0,
AdvBench_BB_Safe,1,1320,bge-large-en-v1.5,B1b_vs_B1,B1b_SigmaT_wh,B1_raw,1.0,1.0,0.0,
AdvBench_BB_Safe,1,1320,bge-large-en-v1.5,B1w_vs_B1,B1w_SigmaW_wh,B1_raw,1.0,1.0,0.0,
AdvBench_BB_Safe,2,1320,bge-large-en-v1.5,B1b_vs_C1b,B1b_discriminant_mean_whitened,C1b_logreg_whitened,1.0,1.0,0.0,
AdvBench_BB_Safe,2,1320,bge-large-en-v1.5,B1_vs_A1,B1_discriminant_mean_raw,A1_naive_cosine_raw,1.0,0.9996343750000001,0.00036562499999992504,0.19123308415155815
AdvBench_BB_Safe,2,1320,bge-large-en-v1.5,B1_vs_C1,B1_discriminant_mean_raw,C1_logreg_raw,1.0,1.0,0.0,
AdvBench_BB_Safe,2,1320,bge-large-en-v1.5,A3_vs_A1,A3_rsfi_svd_whitened_k20,A1_naive_cosine_raw,0.994678125,0.9996343750000001,-0.004956250000000106,0.00011358615738288336
AdvBench_BB_Safe,2,1320,bge-large-en-v1.5,B1b_vs_B1,B1b_discriminant_mean_whitened,B1_discriminant_mean_raw,1.0,1.0,0.0,
AdvBench_BB_Safe,2,1320,bge-large-en-v1.5,B1b_vs_A1b,B1b_discriminant_mean_whitened,A1b_cosine_whitened,1.0,1.0,0.0,
AdvBench_BB_Safe,2,1320,bge-large-en-v1.5,B1w_vs_B1b,B1w_SigmaW_wh,B1b_SigmaT_wh,1.0,1.0,0.0,
AdvBench_BB_Safe,2,1320,bge-large-en-v1.5,B1b_vs_B1,B1b_SigmaT_wh,B1_raw,1.0,1.0,0.0,
AdvBench_BB_Safe,2,1320,bge-large-en-v1.5,B1w_vs_B1,B1w_SigmaW_wh,B1_raw,1.0,1.0,0.0,
AdvBench_BB_Safe,3,1320,bge-large-en-v1.5,B1b_vs_C1b,B1b_discriminant_mean_whitened,C1b_logreg_whitened,1.0,1.0,0.0,
AdvBench_BB_Safe,3,1320,bge-large-en-v1.5,B1_vs_A1,B1_discriminant_mean_raw,A1_naive_cosine_raw,1.0,0.999371875,0.0006281249999999794,0.07279387179313268
AdvBench_BB_Safe,3,1320,bge-large-en-v1.5,B1_vs_C1,B1_discriminant_mean_raw,C1_logreg_raw,1.0,1.0,0.0,
AdvBench_BB_Safe,3,1320,bge-large-en-v1.5,A3_vs_A1,A3_rsfi_svd_whitened_k20,A1_naive_cosine_raw,0.99485625,0.999371875,-0.004515625000000023,0.004554338888414167
AdvBench_BB_Safe,3,1320,bge-large-en-v1.5,B1b_vs_B1,B1b_discriminant_mean_whitened,B1_discriminant_mean_raw,1.0,1.0,0.0,
AdvBench_BB_Safe,3,1320,bge-large-en-v1.5,B1b_vs_A1b,B1b_discriminant_mean_whitened,A1b_cosine_whitened,1.0,1.0,0.0,
AdvBench_BB_Safe,3,1320,bge-large-en-v1.5,B1w_vs_B1b,B1w_SigmaW_wh,B1b_SigmaT_wh,1.0,1.0,0.0,
AdvBench_BB_Safe,3,1320,bge-large-en-v1.5,B1b_vs_B1,B1b_SigmaT_wh,B1_raw,1.0,1.0,0.0,
AdvBench_BB_Safe,3,1320,bge-large-en-v1.5,B1w_vs_B1,B1w_SigmaW_wh,B1_raw,1.0,1.0,0.0,
AdvBench_BB_Safe,4,1320,bge-large-en-v1.5,B1b_vs_C1b,B1b_discriminant_mean_whitened,C1b_logreg_whitened,1.0,1.0,0.0,
AdvBench_BB_Safe,4,1320,bge-large-en-v1.5,B1_vs_A1,B1_discriminant_mean_raw,A1_naive_cosine_raw,1.0,0.9995343750000001,0.000465624999999914,0.08878836521251454
AdvBench_BB_Safe,4,1320,bge-large-en-v1.5,B1_vs_C1,B1_discriminant_mean_raw,C1_logreg_raw,1.0,1.0,0.0,
AdvBench_BB_Safe,4,1320,bge-large-en-v1.5,A3_vs_A1,A3_rsfi_svd_whitened_k20,A1_naive_cosine_raw,0.994590625,0.9995343750000001,-0.0049437500000001355,0.02494052069193642
AdvBench_BB_Safe,4,1320,bge-large-en-v1.5,B1b_vs_B1,B1b_discriminant_mean_whitened,B1_discriminant_mean_raw,1.0,1.0,0.0,
AdvBench_BB_Safe,4,1320,bge-large-en-v1.5,B1b_vs_A1b,B1b_discriminant_mean_whitened,A1b_cosine_whitened,1.0,1.0,0.0,
AdvBench_BB_Safe,4,1320,bge-large-en-v1.5,B1w_vs_B1b,B1w_SigmaW_wh,B1b_SigmaT_wh,1.0,1.0,0.0,
AdvBench_BB_Safe,4,1320,bge-large-en-v1.5,B1b_vs_B1,B1b_SigmaT_wh,B1_raw,1.0,1.0,0.0,
AdvBench_BB_Safe,4,1320,bge-large-en-v1.5,B1w_vs_B1,B1w_SigmaW_wh,B1_raw,1.0,1.0,0.0,
AdvBench_BB_Safe,0,1320,Qwen3-Embedding-8B,B1b_vs_C1b,B1b_discriminant_mean_whitened,C1b_logreg_whitened,1.0,1.0,0.0,
AdvBench_BB_Safe,0,1320,Qwen3-Embedding-8B,B1_vs_A1,B1_discriminant_mean_raw,A1_naive_cosine_raw,1.0,0.9974531249999999,0.0025468750000000595,0.05556214934925974
AdvBench_BB_Safe,0,1320,Qwen3-Embedding-8B,B1_vs_C1,B1_discriminant_mean_raw,C1_logreg_raw,1.0,1.0,0.0,
AdvBench_BB_Safe,0,1320,Qwen3-Embedding-8B,A3_vs_A1,A3_rsfi_svd_whitened_k20,A1_naive_cosine_raw,0.994746875,0.9974531249999999,-0.00270624999999991,0.27845402377293826
AdvBench_BB_Safe,0,1320,Qwen3-Embedding-8B,B1b_vs_B1,B1b_discriminant_mean_whitened,B1_discriminant_mean_raw,1.0,1.0,0.0,
AdvBench_BB_Safe,0,1320,Qwen3-Embedding-8B,B1b_vs_A1b,B1b_discriminant_mean_whitened,A1b_cosine_whitened,1.0,1.0,0.0,
AdvBench_BB_Safe,0,1320,Qwen3-Embedding-8B,B1w_vs_B1b,B1w_SigmaW_wh,B1b_SigmaT_wh,1.0,1.0,0.0,
AdvBench_BB_Safe,0,1320,Qwen3-Embedding-8B,B1b_vs_B1,B1b_SigmaT_wh,B1_raw,1.0,1.0,0.0,
AdvBench_BB_Safe,0,1320,Qwen3-Embedding-8B,B1w_vs_B1,B1w_SigmaW_wh,B1_raw,1.0,1.0,0.0,
AdvBench_BB_Safe,1,1320,Qwen3-Embedding-8B,B1b_vs_C1b,B1b_discriminant_mean_whitened,C1b_logreg_whitened,1.0,1.0,0.0,
AdvBench_BB_Safe,1,1320,Qwen3-Embedding-8B,B1_vs_A1,B1_discriminant_mean_raw,A1_naive_cosine_raw,1.0,0.9972625,0.0027374999999999483,0.1347145829045453
AdvBench_BB_Safe,1,1320,Qwen3-Embedding-8B,B1_vs_C1,B1_discriminant_mean_raw,C1_logreg_raw,1.0,1.0,0.0,
AdvBench_BB_Safe,1,1320,Qwen3-Embedding-8B,A3_vs_A1,A3_rsfi_svd_whitened_k20,A1_naive_cosine_raw,0.993228125,0.9972625,-0.0040343750000000345,0.1500762658265724
AdvBench_BB_Safe,1,1320,Qwen3-Embedding-8B,B1b_vs_B1,B1b_discriminant_mean_whitened,B1_discriminant_mean_raw,1.0,1.0,0.0,
AdvBench_BB_Safe,1,1320,Qwen3-Embedding-8B,B1b_vs_A1b,B1b_discriminant_mean_whitened,A1b_cosine_whitened,1.0,1.0,0.0,
AdvBench_BB_Safe,1,1320,Qwen3-Embedding-8B,B1w_vs_B1b,B1w_SigmaW_wh,B1b_SigmaT_wh,1.0,1.0,0.0,
AdvBench_BB_Safe,1,1320,Qwen3-Embedding-8B,B1b_vs_B1,B1b_SigmaT_wh,B1_raw,1.0,1.0,0.0,
AdvBench_BB_Safe,1,1320,Qwen3-Embedding-8B,B1w_vs_B1,B1w_SigmaW_wh,B1_raw,1.0,1.0,0.0,
AdvBench_BB_Safe,2,1320,Qwen3-Embedding-8B,B1b_vs_C1b,B1b_discriminant_mean_whitened,C1b_logreg_whitened,1.0,1.0,0.0,
AdvBench_BB_Safe,2,1320,Qwen3-Embedding-8B,B1_vs_A1,B1_discriminant_mean_raw,A1_naive_cosine_raw,1.0,0.996865625,0.0031343750000000226,0.13708001697069405
AdvBench_BB_Safe,2,1320,Qwen3-Embedding-8B,B1_vs_C1,B1_discriminant_mean_raw,C1_logreg_raw,1.0,1.0,0.0,
AdvBench_BB_Safe,2,1320,Qwen3-Embedding-8B,A3_vs_A1,A3_rsfi_svd_whitened_k20,A1_naive_cosine_raw,0.996796875,0.996865625,-6.87499999999508e-05,0.9729443200407997
AdvBench_BB_Safe,2,1320,Qwen3-Embedding-8B,B1b_vs_B1,B1b_discriminant_mean_whitened,B1_discriminant_mean_raw,1.0,1.0,0.0,
AdvBench_BB_Safe,2,1320,Qwen3-Embedding-8B,B1b_vs_A1b,B1b_discriminant_mean_whitened,A1b_cosine_whitened,1.0,1.0,0.0,
AdvBench_BB_Safe,2,1320,Qwen3-Embedding-8B,B1w_vs_B1b,B1w_SigmaW_wh,B1b_SigmaT_wh,1.0,1.0,0.0,
AdvBench_BB_Safe,2,1320,Qwen3-Embedding-8B,B1b_vs_B1,B1b_SigmaT_wh,B1_raw,1.0,1.0,0.0,
AdvBench_BB_Safe,2,1320,Qwen3-Embedding-8B,B1w_vs_B1,B1w_SigmaW_wh,B1_raw,1.0,1.0,0.0,
AdvBench_BB_Safe,3,1320,Qwen3-Embedding-8B,B1b_vs_C1b,B1b_discriminant_mean_whitened,C1b_logreg_whitened,1.0,1.0,0.0,
AdvBench_BB_Safe,3,1320,Qwen3-Embedding-8B,B1_vs_A1,B1_discriminant_mean_raw,A1_naive_cosine_raw,1.0,0.99640625,0.003593749999999951,0.1011662246776237
AdvBench_BB_Safe,3,1320,Qwen3-Embedding-8B,B1_vs_C1,B1_discriminant_mean_raw,C1_logreg_raw,1.0,1.0,0.0,
AdvBench_BB_Safe,3,1320,Qwen3-Embedding-8B,A3_vs_A1,A3_rsfi_svd_whitened_k20,A1_naive_cosine_raw,0.9968781250000001,0.99640625,0.0004718750000000105,0.8639344493747625
AdvBench_BB_Safe,3,1320,Qwen3-Embedding-8B,B1b_vs_B1,B1b_discriminant_mean_whitened,B1_discriminant_mean_raw,1.0,1.0,0.0,
AdvBench_BB_Safe,3,1320,Qwen3-Embedding-8B,B1b_vs_A1b,B1b_discriminant_mean_whitened,A1b_cosine_whitened,1.0,1.0,0.0,
AdvBench_BB_Safe,3,1320,Qwen3-Embedding-8B,B1w_vs_B1b,B1w_SigmaW_wh,B1b_SigmaT_wh,1.0,1.0,0.0,
AdvBench_BB_Safe,3,1320,Qwen3-Embedding-8B,B1b_vs_B1,B1b_SigmaT_wh,B1_raw,1.0,1.0,0.0,
AdvBench_BB_Safe,3,1320,Qwen3-Embedding-8B,B1w_vs_B1,B1w_SigmaW_wh,B1_raw,1.0,1.0,0.0,
AdvBench_BB_Safe,4,1320,Qwen3-Embedding-8B,B1b_vs_C1b,B1b_discriminant_mean_whitened,C1b_logreg_whitened,1.0,1.0,0.0,
AdvBench_BB_Safe,4,1320,Qwen3-Embedding-8B,B1_vs_A1,B1_discriminant_mean_raw,A1_naive_cosine_raw,1.0,0.996775,0.0032250000000000334,0.09560610982336915
AdvBench_BB_Safe,4,1320,Qwen3-Embedding-8B,B1_vs_C1,B1_discriminant_mean_raw,C1_logreg_raw,1.0,1.0,0.0,
AdvBench_BB_Safe,4,1320,Qwen3-Embedding-8B,A3_vs_A1,A3_rsfi_svd_whitened_k20,A1_naive_cosine_raw,0.9977625,0.996775,0.00098750000000003,0.6354409030226076
AdvBench_BB_Safe,4,1320,Qwen3-Embedding-8B,B1b_vs_B1,B1b_discriminant_mean_whitened,B1_discriminant_mean_raw,1.0,1.0,0.0,
AdvBench_BB_Safe,4,1320,Qwen3-Embedding-8B,B1b_vs_A1b,B1b_discriminant_mean_whitened,A1b_cosine_whitened,1.0,1.0,0.0,
AdvBench_BB_Safe,4,1320,Qwen3-Embedding-8B,B1w_vs_B1b,B1w_SigmaW_wh,B1b_SigmaT_wh,1.0,1.0,0.0,
AdvBench_BB_Safe,4,1320,Qwen3-Embedding-8B,B1b_vs_B1,B1b_SigmaT_wh,B1_raw,1.0,1.0,0.0,
AdvBench_BB_Safe,4,1320,Qwen3-Embedding-8B,B1w_vs_B1,B1w_SigmaW_wh,B1_raw,1.0,1.0,0.0,
AdvBench_BB_Mixed,0,720,all-mpnet-base-v2,B1b_vs_C1b,B1b_discriminant_mean_whitened,C1b_logreg_whitened,0.9995078125,0.9996328124999999,-0.00012499999999993072,0.17471913806577466
AdvBench_BB_Mixed,0,720,all-mpnet-base-v2,B1_vs_A1,B1_discriminant_mean_raw,A1_naive_cosine_raw,0.9985078125,0.9981328125,0.0003750000000000142,0.3879467167229891
AdvBench_BB_Mixed,0,720,all-mpnet-base-v2,B1_vs_C1,B1_discriminant_mean_raw,C1_logreg_raw,0.9985078125,0.9995390625,-0.001031250000000039,0.010542229746679288
AdvBench_BB_Mixed,0,720,all-mpnet-base-v2,A3_vs_A1,A3_rsfi_svd_whitened_k20,A1_naive_cosine_raw,0.9697265625,0.9981328125,-0.028406249999999966,2.8042078215051447e-08
AdvBench_BB_Mixed,0,720,all-mpnet-base-v2,B1b_vs_B1,B1b_discriminant_mean_whitened,B1_discriminant_mean_raw,0.9995078125,0.9985078125,0.0010000000000000009,0.07983375300758522
AdvBench_BB_Mixed,0,720,all-mpnet-base-v2,B1b_vs_A1b,B1b_discriminant_mean_whitened,A1b_cosine_whitened,0.9995078125,0.9992890625,0.00021874999999993427,0.06501945874138748
AdvBench_BB_Mixed,0,720,all-mpnet-base-v2,B1w_vs_B1b,B1w_SigmaW_wh,B1b_SigmaT_wh,0.9997578125000001,0.9995078125,0.0002500000000000835,0.18995944465966352
AdvBench_BB_Mixed,0,720,all-mpnet-base-v2,B1b_vs_B1,B1b_SigmaT_wh,B1_raw,0.9995078125,0.9985078125,0.0010000000000000009,0.07983375300758522
AdvBench_BB_Mixed,0,720,all-mpnet-base-v2,B1w_vs_B1,B1w_SigmaW_wh,B1_raw,0.9997578125000001,0.9985078125,0.0012500000000000844,0.02377573243319797
AdvBench_BB_Mixed,1,720,all-mpnet-base-v2,B1b_vs_C1b,B1b_discriminant_mean_whitened,C1b_logreg_whitened,0.9992421874999999,0.99928125,-3.9062500000075495e-05,0.6510762501517631
AdvBench_BB_Mixed,1,720,all-mpnet-base-v2,B1_vs_A1,B1_discriminant_mean_raw,A1_naive_cosine_raw,0.999171875,0.9985625,0.0006093750000000231,0.18183242706034397
AdvBench_BB_Mixed,1,720,all-mpnet-base-v2,B1_vs_C1,B1_discriminant_mean_raw,C1_logreg_raw,0.999171875,0.9997578125000001,-0.0005859375000000222,0.05003063256551199
AdvBench_BB_Mixed,1,720,all-mpnet-base-v2,A3_vs_A1,A3_rsfi_svd_whitened_k20,A1_naive_cosine_raw,0.9517109375,0.9985625,-0.0468515625,1.2492007428477336e-11
AdvBench_BB_Mixed,1,720,all-mpnet-base-v2,B1b_vs_B1,B1b_discriminant_mean_whitened,B1_discriminant_mean_raw,0.9992421874999999,0.999171875,7.031249999989164e-05,0.8621760126781226
AdvBench_BB_Mixed,1,720,all-mpnet-base-v2,B1b_vs_A1b,B1b_discriminant_mean_whitened,A1b_cosine_whitened,0.9992421874999999,0.9989609374999999,0.00028125000000001066,0.13174023631387577
AdvBench_BB_Mixed,1,720,all-mpnet-base-v2,B1w_vs_B1b,B1w_SigmaW_wh,B1b_SigmaT_wh,0.999484375,0.9992421874999999,0.00024218750000004619,0.2896954982024549
AdvBench_BB_Mixed,1,720,all-mpnet-base-v2,B1b_vs_B1,B1b_SigmaT_wh,B1_raw,0.9992421874999999,0.999171875,7.031249999989164e-05,0.8621760126781226
AdvBench_BB_Mixed,1,720,all-mpnet-base-v2,B1w_vs_B1,B1w_SigmaW_wh,B1_raw,0.999484375,0.999171875,0.00031249999999993783,0.21306249691999835
AdvBench_BB_Mixed,2,720,all-mpnet-base-v2,B1b_vs_C1b,B1b_discriminant_mean_whitened,C1b_logreg_whitened,0.9996015625,0.9994921875,0.00010937499999996714,0.30132091415343876
AdvBench_BB_Mixed,2,720,all-mpnet-base-v2,B1_vs_A1,B1_discriminant_mean_raw,A1_naive_cosine_raw,0.9983125,0.9983984374999999,-8.593749999985523e-05,0.7848848096175498
AdvBench_BB_Mixed,2,720,all-mpnet-base-v2,B1_vs_C1,B1_discriminant_mean_raw,C1_logreg_raw,0.9983125,0.9995234375000001,-0.0012109375000000089,0.014142628967527271
AdvBench_BB_Mixed,2,720,all-mpnet-base-v2,A3_vs_A1,A3_rsfi_svd_whitened_k20,A1_naive_cosine_raw,0.9601718749999999,0.9983984374999999,-0.038226562500000005,6.518658945964262e-10
AdvBench_BB_Mixed,2,720,all-mpnet-base-v2,B1b_vs_B1,B1b_discriminant_mean_whitened,B1_discriminant_mean_raw,0.9996015625,0.9983125,0.0012890624999999378,0.02624236315078221
AdvBench_BB_Mixed,2,720,all-mpnet-base-v2,B1b_vs_A1b,B1b_discriminant_mean_whitened,A1b_cosine_whitened,0.9996015625,0.999546875,5.468750000003908e-05,0.3490997788527388
AdvBench_BB_Mixed,2,720,all-mpnet-base-v2,B1w_vs_B1b,B1w_SigmaW_wh,B1b_SigmaT_wh,0.9995390625,0.9996015625,-6.249999999996536e-05,0.5137664278165588
AdvBench_BB_Mixed,2,720,all-mpnet-base-v2,B1b_vs_B1,B1b_SigmaT_wh,B1_raw,0.9996015625,0.9983125,0.0012890624999999378,0.02624236315078221
AdvBench_BB_Mixed,2,720,all-mpnet-base-v2,B1w_vs_B1,B1w_SigmaW_wh,B1_raw,0.9995390625,0.9983125,0.0012265624999999725,0.031023861935836727
AdvBench_BB_Mixed,3,720,all-mpnet-base-v2,B1b_vs_C1b,B1b_discriminant_mean_whitened,C1b_logreg_whitened,0.99984375,0.9998515625000001,-7.812500000037303e-06,0.8384518932154787
AdvBench_BB_Mixed,3,720,all-mpnet-base-v2,B1_vs_A1,B1_discriminant_mean_raw,A1_naive_cosine_raw,0.9987109375000001,0.9986640625,4.68750000001128e-05,0.8987663785564506
AdvBench_BB_Mixed,3,720,all-mpnet-base-v2,B1_vs_C1,B1_discriminant_mean_raw,C1_logreg_raw,0.9987109375000001,0.9996796875,-0.0009687499999999627,0.023865356411228777
AdvBench_BB_Mixed,3,720,all-mpnet-base-v2,A3_vs_A1,A3_rsfi_svd_whitened_k20,A1_naive_cosine_raw,0.9736640624999999,0.9986640625,-0.025000000000000022,2.4395824047562797e-06
AdvBench_BB_Mixed,3,720,all-mpnet-base-v2,B1b_vs_B1,B1b_discriminant_mean_whitened,B1_discriminant_mean_raw,0.99984375,0.9987109375000001,0.001132812499999969,0.05895839237178424
AdvBench_BB_Mixed,3,720,all-mpnet-base-v2,B1b_vs_A1b,B1b_discriminant_mean_whitened,A1b_cosine_whitened,0.99984375,0.9997734375,7.031250000000266e-05,0.28801615212504594
AdvBench_BB_Mixed,3,720,all-mpnet-base-v2,B1w_vs_B1b,B1w_SigmaW_wh,B1b_SigmaT_wh,0.9998828125,0.99984375,3.906249999996447e-05,0.5040883296904375
AdvBench_BB_Mixed,3,720,all-mpnet-base-v2,B1b_vs_B1,B1b_SigmaT_wh,B1_raw,0.99984375,0.9987109375000001,0.001132812499999969,0.05895839237178424
AdvBench_BB_Mixed,3,720,all-mpnet-base-v2,B1w_vs_B1,B1w_SigmaW_wh,B1_raw,0.9998828125,0.9987109375000001,0.0011718749999999334,0.043528706120081306
AdvBench_BB_Mixed,4,720,all-mpnet-base-v2,B1b_vs_C1b,B1b_discriminant_mean_whitened,C1b_logreg_whitened,0.9997734375,0.99978125,-7.812499999926281e-06,0.7731064859741479
AdvBench_BB_Mixed,4,720,all-mpnet-base-v2,B1_vs_A1,B1_discriminant_mean_raw,A1_naive_cosine_raw,0.9987031249999999,0.9985703125,0.00013281249999996803,0.7239555253461103
AdvBench_BB_Mixed,4,720,all-mpnet-base-v2,B1_vs_C1,B1_discriminant_mean_raw,C1_logreg_raw,0.9987031249999999,0.99965625,-0.0009531250000001101,0.0217029988582782
AdvBench_BB_Mixed,4,720,all-mpnet-base-v2,A3_vs_A1,A3_rsfi_svd_whitened_k20,A1_naive_cosine_raw,0.9807812499999999,0.9985703125,-0.017789062500000008,1.3216990482067814e-06
AdvBench_BB_Mixed,4,720,all-mpnet-base-v2,B1b_vs_B1,B1b_discriminant_mean_whitened,B1_discriminant_mean_raw,0.9997734375,0.9987031249999999,0.0010703125000001146,0.048852691544185145
AdvBench_BB_Mixed,4,720,all-mpnet-base-v2,B1b_vs_A1b,B1b_discriminant_mean_whitened,A1b_cosine_whitened,0.9997734375,0.999515625,0.00025781250000000977,0.17853152122693938
AdvBench_BB_Mixed,4,720,all-mpnet-base-v2,B1w_vs_B1b,B1w_SigmaW_wh,B1b_SigmaT_wh,0.9998359375,0.9997734375,6.249999999996536e-05,0.49906040603646384
AdvBench_BB_Mixed,4,720,all-mpnet-base-v2,B1b_vs_B1,B1b_SigmaT_wh,B1_raw,0.9997734375,0.9987031249999999,0.0010703125000001146,0.048852691544185145
AdvBench_BB_Mixed,4,720,all-mpnet-base-v2,B1w_vs_B1,B1w_SigmaW_wh,B1_raw,0.9998359375,0.9987031249999999,0.00113281250000008,0.030228925150163732
AdvBench_BB_Mixed,0,720,bge-base-en-v1.5,B1b_vs_C1b,B1b_discriminant_mean_whitened,C1b_logreg_whitened,0.9999140625,0.999890625,2.3437500000000888e-05,0.34223653799773457
AdvBench_BB_Mixed,0,720,bge-base-en-v1.5,B1_vs_A1,B1_discriminant_mean_raw,A1_naive_cosine_raw,0.9972421874999999,0.9972890625,-4.68750000001128e-05,0.9454039447216305
AdvBench_BB_Mixed,0,720,bge-base-en-v1.5,B1_vs_C1,B1_discriminant_mean_raw,C1_logreg_raw,0.9972421874999999,0.99946875,-0.0022265625000000844,0.006028265840033908
AdvBench_BB_Mixed,0,720,bge-base-en-v1.5,A3_vs_A1,A3_rsfi_svd_whitened_k20,A1_naive_cosine_raw,0.9702500000000001,0.9972890625,-0.02703906249999999,1.9597024225603832e-08
AdvBench_BB_Mixed,0,720,bge-base-en-v1.5,B1b_vs_B1,B1b_discriminant_mean_whitened,B1_discriminant_mean_raw,0.9999140625,0.9972421874999999,0.0026718750000001013,0.011545659894665938
AdvBench_BB_Mixed,0,720,bge-base-en-v1.5,B1b_vs_A1b,B1b_discriminant_mean_whitened,A1b_cosine_whitened,0.9999140625,0.9998359375,7.812500000003997e-05,0.17986735983540791
AdvBench_BB_Mixed,0,720,bge-base-en-v1.5,B1w_vs_B1b,B1w_SigmaW_wh,B1b_SigmaT_wh,0.9999140625,0.9999140625,0.0,1.0
AdvBench_BB_Mixed,0,720,bge-base-en-v1.5,B1b_vs_B1,B1b_SigmaT_wh,B1_raw,0.9999140625,0.9972421874999999,0.0026718750000001013,0.011545659894665938
AdvBench_BB_Mixed,0,720,bge-base-en-v1.5,B1w_vs_B1,B1w_SigmaW_wh,B1_raw,0.9999140625,0.9972421874999999,0.0026718750000001013,0.011522979416181522
AdvBench_BB_Mixed,1,720,bge-base-en-v1.5,B1b_vs_C1b,B1b_discriminant_mean_whitened,C1b_logreg_whitened,0.99984375,0.99990625,-6.249999999996536e-05,0.2370250757889787
AdvBench_BB_Mixed,1,720,bge-base-en-v1.5,B1_vs_A1,B1_discriminant_mean_raw,A1_naive_cosine_raw,0.9976953125,0.997,0.0006953124999999893,0.3000707136213121
AdvBench_BB_Mixed,1,720,bge-base-en-v1.5,B1_vs_C1,B1_discriminant_mean_raw,C1_logreg_raw,0.9976953125,0.9997109375,-0.0020156249999999654,0.004956277961412514
AdvBench_BB_Mixed,1,720,bge-base-en-v1.5,A3_vs_A1,A3_rsfi_svd_whitened_k20,A1_naive_cosine_raw,0.9649453125,0.997,-0.032054687499999956,4.765891903346642e-09
AdvBench_BB_Mixed,1,720,bge-base-en-v1.5,B1b_vs_B1,B1b_discriminant_mean_whitened,B1_discriminant_mean_raw,0.99984375,0.9976953125,0.0021484375000000444,0.006306175468157038
AdvBench_BB_Mixed,1,720,bge-base-en-v1.5,B1b_vs_A1b,B1b_discriminant_mean_whitened,A1b_cosine_whitened,0.99984375,0.9996640625,0.00017968750000008082,0.12241374981647657
AdvBench_BB_Mixed,1,720,bge-base-en-v1.5,B1w_vs_B1b,B1w_SigmaW_wh,B1b_SigmaT_wh,0.9999609375,0.99984375,0.00011718750000000444,0.1902192064679804
AdvBench_BB_Mixed,1,720,bge-base-en-v1.5,B1b_vs_B1,B1b_SigmaT_wh,B1_raw,0.99984375,0.9976953125,0.0021484375000000444,0.006306175468157038
AdvBench_BB_Mixed,1,720,bge-base-en-v1.5,B1w_vs_B1,B1w_SigmaW_wh,B1_raw,0.9999609375,0.9976953125,0.002265625000000049,0.0062176482999087845
AdvBench_BB_Mixed,2,720,bge-base-en-v1.5,B1b_vs_C1b,B1b_discriminant_mean_whitened,C1b_logreg_whitened,0.9998046875,0.9998125,-7.812500000037303e-06,0.6172954798948036
AdvBench_BB_Mixed,2,720,bge-base-en-v1.5,B1_vs_A1,B1_discriminant_mean_raw,A1_naive_cosine_raw,0.996328125,0.9973515625,-0.0010234375000000018,0.12926839098075082
AdvBench_BB_Mixed,2,720,bge-base-en-v1.5,B1_vs_C1,B1_discriminant_mean_raw,C1_logreg_raw,0.996328125,0.9993749999999999,-0.0030468749999998934,0.001996148888793403
AdvBench_BB_Mixed,2,720,bge-base-en-v1.5,A3_vs_A1,A3_rsfi_svd_whitened_k20,A1_naive_cosine_raw,0.957125,0.9973515625,-0.04022656250000001,4.398303943276005e-11
AdvBench_BB_Mixed,2,720,bge-base-en-v1.5,B1b_vs_B1,B1b_discriminant_mean_whitened,B1_discriminant_mean_raw,0.9998046875,0.996328125,0.0034765624999999467,0.0042630986293414885
AdvBench_BB_Mixed,2,720,bge-base-en-v1.5,B1b_vs_A1b,B1b_discriminant_mean_whitened,A1b_cosine_whitened,0.9998046875,0.999671875,0.00013281249999996803,0.08377723821959893
AdvBench_BB_Mixed,2,720,bge-base-en-v1.5,B1w_vs_B1b,B1w_SigmaW_wh,B1b_SigmaT_wh,0.999921875,0.9998046875,0.00011718750000000444,0.1868271139201123
AdvBench_BB_Mixed,2,720,bge-base-en-v1.5,B1b_vs_B1,B1b_SigmaT_wh,B1_raw,0.9998046875,0.996328125,0.0034765624999999467,0.0042630986293414885
AdvBench_BB_Mixed,2,720,bge-base-en-v1.5,B1w_vs_B1,B1w_SigmaW_wh,B1_raw,0.999921875,0.996328125,0.003593749999999951,0.0038787560486774897
AdvBench_BB_Mixed,3,720,bge-base-en-v1.5,B1b_vs_C1b,B1b_discriminant_mean_whitened,C1b_logreg_whitened,0.9999296875,0.9999140625,1.5624999999963585e-05,0.3166270581009656
AdvBench_BB_Mixed,3,720,bge-base-en-v1.5,B1_vs_A1,B1_discriminant_mean_raw,A1_naive_cosine_raw,0.99759375,0.9974140624999999,0.00017968750000008082,0.7919704202547786
AdvBench_BB_Mixed,3,720,bge-base-en-v1.5,B1_vs_C1,B1_discriminant_mean_raw,C1_logreg_raw,0.99759375,0.9996953125,-0.0021015625000000426,0.005044683404441974
AdvBench_BB_Mixed,3,720,bge-base-en-v1.5,A3_vs_A1,A3_rsfi_svd_whitened_k20,A1_naive_cosine_raw,0.9674921875,0.9974140624999999,-0.029921874999999876,1.0977941444778594e-08
AdvBench_BB_Mixed,3,720,bge-base-en-v1.5,B1b_vs_B1,B1b_discriminant_mean_whitened,B1_discriminant_mean_raw,0.9999296875,0.99759375,0.0023359375000000515,0.007169949799280317
AdvBench_BB_Mixed,3,720,bge-base-en-v1.5,B1b_vs_A1b,B1b_discriminant_mean_whitened,A1b_cosine_whitened,0.9999296875,0.99984375,8.593749999996625e-05,0.1397214583695967
AdvBench_BB_Mixed,3,720,bge-base-en-v1.5,B1w_vs_B1b,B1w_SigmaW_wh,B1b_SigmaT_wh,0.9999609375,0.9999296875,3.125000000003819e-05,0.4927325703078993
AdvBench_BB_Mixed,3,720,bge-base-en-v1.5,B1b_vs_B1,B1b_SigmaT_wh,B1_raw,0.9999296875,0.99759375,0.0023359375000000515,0.007169949799280317
AdvBench_BB_Mixed,3,720,bge-base-en-v1.5,B1w_vs_B1,B1w_SigmaW_wh,B1_raw,0.9999609375,0.99759375,0.0023671875000000897,0.00627228862398832
AdvBench_BB_Mixed,4,720,bge-base-en-v1.5,B1b_vs_C1b,B1b_discriminant_mean_whitened,C1b_logreg_whitened,0.999859375,0.9998359375,2.3437500000000888e-05,0.2880119291308445
AdvBench_BB_Mixed,4,720,bge-base-en-v1.5,B1_vs_A1,B1_discriminant_mean_raw,A1_naive_cosine_raw,0.997296875,0.9977109375,-0.0004140624999999787,0.5583245277521787
AdvBench_BB_Mixed,4,720,bge-base-en-v1.5,B1_vs_C1,B1_discriminant_mean_raw,C1_logreg_raw,0.997296875,0.999671875,-0.002375000000000016,0.010171956025220474
AdvBench_BB_Mixed,4,720,bge-base-en-v1.5,A3_vs_A1,A3_rsfi_svd_whitened_k20,A1_naive_cosine_raw,0.9741875,0.9977109375,-0.023523437499999966,6.559460330457512e-08
AdvBench_BB_Mixed,4,720,bge-base-en-v1.5,B1b_vs_B1,B1b_discriminant_mean_whitened,B1_discriminant_mean_raw,0.999859375,0.997296875,0.002562500000000023,0.016876257705350506
AdvBench_BB_Mixed,4,720,bge-base-en-v1.5,B1b_vs_A1b,B1b_discriminant_mean_whitened,A1b_cosine_whitened,0.999859375,0.9998750000000001,-1.5625000000074607e-05,0.5272187192283935
AdvBench_BB_Mixed,4,720,bge-base-en-v1.5,B1w_vs_B1b,B1w_SigmaW_wh,B1b_SigmaT_wh,0.999890625,0.999859375,3.125000000003819e-05,0.4326233397638979
AdvBench_BB_Mixed,4,720,bge-base-en-v1.5,B1b_vs_B1,B1b_SigmaT_wh,B1_raw,0.999859375,0.997296875,0.002562500000000023,0.016876257705350506
AdvBench_BB_Mixed,4,720,bge-base-en-v1.5,B1w_vs_B1,B1w_SigmaW_wh,B1_raw,0.999890625,0.997296875,0.0025937500000000613,0.015454568434539295
AdvBench_BB_Mixed,0,720,bge-large-en-v1.5,B1b_vs_C1b,B1b_discriminant_mean_whitened,C1b_logreg_whitened,0.9998984375000001,0.999859375,3.9062500000075495e-05,0.30672577529084766
AdvBench_BB_Mixed,0,720,bge-large-en-v1.5,B1_vs_A1,B1_discriminant_mean_raw,A1_naive_cosine_raw,0.9980703125,0.998140625,-7.031250000000266e-05,0.9136009860844316
AdvBench_BB_Mixed,0,720,bge-large-en-v1.5,B1_vs_C1,B1_discriminant_mean_raw,C1_logreg_raw,0.9980703125,0.99965625,-0.001585937500000023,0.02405468702741831
AdvBench_BB_Mixed,0,720,bge-large-en-v1.5,A3_vs_A1,A3_rsfi_svd_whitened_k20,A1_naive_cosine_raw,0.965859375,0.998140625,-0.03228125000000004,7.501563814571455e-10
AdvBench_BB_Mixed,0,720,bge-large-en-v1.5,B1b_vs_B1,B1b_discriminant_mean_whitened,B1_discriminant_mean_raw,0.9998984375000001,0.9980703125,0.0018281250000000693,0.04611552863470392
AdvBench_BB_Mixed,0,720,bge-large-en-v1.5,B1b_vs_A1b,B1b_discriminant_mean_whitened,A1b_cosine_whitened,0.9998984375000001,0.999953125,-5.468749999992806e-05,0.3736401246348229
AdvBench_BB_Mixed,0,720,bge-large-en-v1.5,B1w_vs_B1b,B1w_SigmaW_wh,B1b_SigmaT_wh,0.9999609375,0.9998984375000001,6.249999999996536e-05,0.25687088983545037
AdvBench_BB_Mixed,0,720,bge-large-en-v1.5,B1b_vs_B1,B1b_SigmaT_wh,B1_raw,0.9998984375000001,0.9980703125,0.0018281250000000693,0.04611552863470392
AdvBench_BB_Mixed,0,720,bge-large-en-v1.5,B1w_vs_B1,B1w_SigmaW_wh,B1_raw,0.9999609375,0.9980703125,0.0018906250000000346,0.04129300405670033
AdvBench_BB_Mixed,1,720,bge-large-en-v1.5,B1b_vs_C1b,B1b_discriminant_mean_whitened,C1b_logreg_whitened,0.999796875,0.999765625,3.125000000003819e-05,0.28420708040759357
AdvBench_BB_Mixed,1,720,bge-large-en-v1.5,B1_vs_A1,B1_discriminant_mean_raw,A1_naive_cosine_raw,0.99903125,0.9986796875,0.0003515625000000133,0.45479549693884547
AdvBench_BB_Mixed,1,720,bge-large-en-v1.5,B1_vs_C1,B1_discriminant_mean_raw,C1_logreg_raw,0.99903125,0.9999296875,-0.00089843749999996,0.018765781111240498
AdvBench_BB_Mixed,1,720,bge-large-en-v1.5,A3_vs_A1,A3_rsfi_svd_whitened_k20,A1_naive_cosine_raw,0.9493359375,0.9986796875,-0.04934375000000002,1.7534862450929722e-12
AdvBench_BB_Mixed,1,720,bge-large-en-v1.5,B1b_vs_B1,B1b_discriminant_mean_whitened,B1_discriminant_mean_raw,0.999796875,0.99903125,0.000765624999999992,0.059750459731401806
AdvBench_BB_Mixed,1,720,bge-large-en-v1.5,B1b_vs_A1b,B1b_discriminant_mean_whitened,A1b_cosine_whitened,0.999796875,0.9997265625,7.031250000000266e-05,0.41501148342013794
AdvBench_BB_Mixed,1,720,bge-large-en-v1.5,B1w_vs_B1b,B1w_SigmaW_wh,B1b_SigmaT_wh,0.9999296875,0.999796875,0.00013281249999996803,0.16908222567537257
AdvBench_BB_Mixed,1,720,bge-large-en-v1.5,B1b_vs_B1,B1b_SigmaT_wh,B1_raw,0.999796875,0.99903125,0.000765624999999992,0.059750459731401806
AdvBench_BB_Mixed,1,720,bge-large-en-v1.5,B1w_vs_B1,B1w_SigmaW_wh,B1_raw,0.9999296875,0.99903125,0.00089843749999996,0.03086577746128416
AdvBench_BB_Mixed,2,720,bge-large-en-v1.5,B1b_vs_C1b,B1b_discriminant_mean_whitened,C1b_logreg_whitened,0.9997265625,0.9997578125,-3.124999999992717e-05,0.3707333923389249
AdvBench_BB_Mixed,2,720,bge-large-en-v1.5,B1_vs_A1,B1_discriminant_mean_raw,A1_naive_cosine_raw,0.99746875,0.9982578125,-0.0007890624999999929,0.2022888732109389
AdvBench_BB_Mixed,2,720,bge-large-en-v1.5,B1_vs_C1,B1_discriminant_mean_raw,C1_logreg_raw,0.99746875,0.999484375,-0.0020156249999999654,0.006063633266497392
AdvBench_BB_Mixed,2,720,bge-large-en-v1.5,A3_vs_A1,A3_rsfi_svd_whitened_k20,A1_naive_cosine_raw,0.9666953125,0.9982578125,-0.03156250000000005,2.429255685498788e-09
AdvBench_BB_Mixed,2,720,bge-large-en-v1.5,B1b_vs_B1,B1b_discriminant_mean_whitened,B1_discriminant_mean_raw,0.9997265625,0.99746875,0.0022578125000000115,0.014848944501847816
AdvBench_BB_Mixed,2,720,bge-large-en-v1.5,B1b_vs_A1b,B1b_discriminant_mean_whitened,A1b_cosine_whitened,0.9997265625,0.999625,0.00010156250000004086,0.33471472334420715
AdvBench_BB_Mixed,2,720,bge-large-en-v1.5,B1w_vs_B1b,B1w_SigmaW_wh,B1b_SigmaT_wh,0.9998515625,0.9997265625,0.00012499999999993072,0.33144024283370843
AdvBench_BB_Mixed,2,720,bge-large-en-v1.5,B1b_vs_B1,B1b_SigmaT_wh,B1_raw,0.9997265625,0.99746875,0.0022578125000000115,0.014848944501847816
AdvBench_BB_Mixed,2,720,bge-large-en-v1.5,B1w_vs_B1,B1w_SigmaW_wh,B1_raw,0.9998515625,0.99746875,0.0023828124999999423,0.012583285595426874
AdvBench_BB_Mixed,3,720,bge-large-en-v1.5,B1b_vs_C1b,B1b_discriminant_mean_whitened,C1b_logreg_whitened,0.99990625,0.9998984375000001,7.812499999926281e-06,0.6172954798998074
AdvBench_BB_Mixed,3,720,bge-large-en-v1.5,B1_vs_A1,B1_discriminant_mean_raw,A1_naive_cosine_raw,0.9987109375,0.9988828125,-0.00017187500000004352,0.7190446973591722
AdvBench_BB_Mixed,3,720,bge-large-en-v1.5,B1_vs_C1,B1_discriminant_mean_raw,C1_logreg_raw,0.9987109375,0.9999218750000001,-0.00121093750000012,0.015351174884032925
AdvBench_BB_Mixed,3,720,bge-large-en-v1.5,A3_vs_A1,A3_rsfi_svd_whitened_k20,A1_naive_cosine_raw,0.9734687500000001,0.9988828125,-0.02541406249999989,1.4155531857795722e-08
AdvBench_BB_Mixed,3,720,bge-large-en-v1.5,B1b_vs_B1,B1b_discriminant_mean_whitened,B1_discriminant_mean_raw,0.99990625,0.9987109375,0.0011953125000000453,0.026681118524068737
AdvBench_BB_Mixed,3,720,bge-large-en-v1.5,B1b_vs_A1b,B1b_discriminant_mean_whitened,A1b_cosine_whitened,0.99990625,0.9998281250000001,7.812499999992895e-05,0.20270942141870085
AdvBench_BB_Mixed,3,720,bge-large-en-v1.5,B1w_vs_B1b,B1w_SigmaW_wh,B1b_SigmaT_wh,0.9999765625,0.99990625,7.031250000000266e-05,0.30749455474925513
AdvBench_BB_Mixed,3,720,bge-large-en-v1.5,B1b_vs_B1,B1b_SigmaT_wh,B1_raw,0.99990625,0.9987109375,0.0011953125000000453,0.026681118524068737
AdvBench_BB_Mixed,3,720,bge-large-en-v1.5,B1w_vs_B1,B1w_SigmaW_wh,B1_raw,0.9999765625,0.9987109375,0.001265625000000048,0.02136819186526373
AdvBench_BB_Mixed,4,720,bge-large-en-v1.5,B1b_vs_C1b,B1b_discriminant_mean_whitened,C1b_logreg_whitened,0.9999765625,0.999984375,-7.812500000037303e-06,0.6172954798948027
AdvBench_BB_Mixed,4,720,bge-large-en-v1.5,B1_vs_A1,B1_discriminant_mean_raw,A1_naive_cosine_raw,0.998109375,0.9987578125,-0.0006484374999999876,0.20652485650968888
AdvBench_BB_Mixed,4,720,bge-large-en-v1.5,B1_vs_C1,B1_discriminant_mean_raw,C1_logreg_raw,0.998109375,0.99971875,-0.001609375000000024,0.026364335144419604
AdvBench_BB_Mixed,4,720,bge-large-en-v1.5,A3_vs_A1,A3_rsfi_svd_whitened_k20,A1_naive_cosine_raw,0.978015625,0.9987578125,-0.020742187499999898,7.055429964708537e-07
AdvBench_BB_Mixed,4,720,bge-large-en-v1.5,B1b_vs_B1,B1b_discriminant_mean_whitened,B1_discriminant_mean_raw,0.9999765625,0.998109375,0.0018671875000000338,0.04527311748471696
AdvBench_BB_Mixed,4,720,bge-large-en-v1.5,B1b_vs_A1b,B1b_discriminant_mean_whitened,A1b_cosine_whitened,0.9999765625,0.9999375,3.906249999996447e-05,0.28556946529250027
AdvBench_BB_Mixed,4,720,bge-large-en-v1.5,B1w_vs_B1b,B1w_SigmaW_wh,B1b_SigmaT_wh,1.0,0.9999765625,2.3437500000000888e-05,0.342236537997739
AdvBench_BB_Mixed,4,720,bge-large-en-v1.5,B1b_vs_B1,B1b_SigmaT_wh,B1_raw,0.9999765625,0.998109375,0.0018671875000000338,0.04527311748471696
AdvBench_BB_Mixed,4,720,bge-large-en-v1.5,B1w_vs_B1,B1w_SigmaW_wh,B1_raw,1.0,0.998109375,0.0018906250000000346,0.0445714015354981
AdvBench_BB_Mixed,0,720,Qwen3-Embedding-8B,B1b_vs_C1b,B1b_discriminant_mean_whitened,C1b_logreg_whitened,1.0,1.0,0.0,
AdvBench_BB_Mixed,0,720,Qwen3-Embedding-8B,B1_vs_A1,B1_discriminant_mean_raw,A1_naive_cosine_raw,0.999734375,0.999,0.0007343749999999538,0.051650272005324904
AdvBench_BB_Mixed,0,720,Qwen3-Embedding-8B,B1_vs_C1,B1_discriminant_mean_raw,C1_logreg_raw,0.999734375,0.9999921875000001,-0.0002578125000001208,0.28248946974179034
AdvBench_BB_Mixed,0,720,Qwen3-Embedding-8B,A3_vs_A1,A3_rsfi_svd_whitened_k20,A1_naive_cosine_raw,0.9874687499999999,0.999,-0.011531250000000104,5.404244259699098e-05
AdvBench_BB_Mixed,0,720,Qwen3-Embedding-8B,B1b_vs_B1,B1b_discriminant_mean_whitened,B1_discriminant_mean_raw,1.0,0.999734375,0.0002656250000000471,0.2834042245859181
AdvBench_BB_Mixed,0,720,Qwen3-Embedding-8B,B1b_vs_A1b,B1b_discriminant_mean_whitened,A1b_cosine_whitened,1.0,0.9999921875000001,7.812499999926281e-06,0.47950012219109794
AdvBench_BB_Mixed,0,720,Qwen3-Embedding-8B,B1w_vs_B1b,B1w_SigmaW_wh,B1b_SigmaT_wh,1.0,1.0,0.0,
AdvBench_BB_Mixed,0,720,Qwen3-Embedding-8B,B1b_vs_B1,B1b_SigmaT_wh,B1_raw,1.0,0.999734375,0.0002656250000000471,0.2834042245859181
AdvBench_BB_Mixed,0,720,Qwen3-Embedding-8B,B1w_vs_B1,B1w_SigmaW_wh,B1_raw,1.0,0.999734375,0.0002656250000000471,0.2834042245859181
AdvBench_BB_Mixed,1,720,Qwen3-Embedding-8B,B1b_vs_C1b,B1b_discriminant_mean_whitened,C1b_logreg_whitened,1.0,1.0,0.0,
AdvBench_BB_Mixed,1,720,Qwen3-Embedding-8B,B1_vs_A1,B1_discriminant_mean_raw,A1_naive_cosine_raw,0.999984375,0.9975624999999999,0.002421875000000129,0.23588946458811577
AdvBench_BB_Mixed,1,720,Qwen3-Embedding-8B,B1_vs_C1,B1_discriminant_mean_raw,C1_logreg_raw,0.999984375,1.0,-1.5624999999963585e-05,0.4139721430372354
AdvBench_BB_Mixed,1,720,Qwen3-Embedding-8B,A3_vs_A1,A3_rsfi_svd_whitened_k20,A1_naive_cosine_raw,0.9797421875000001,0.9975624999999999,-0.017820312499999824,5.23230919577955e-05
AdvBench_BB_Mixed,1,720,Qwen3-Embedding-8B,B1b_vs_B1,B1b_discriminant_mean_whitened,B1_discriminant_mean_raw,1.0,0.999984375,1.5624999999963585e-05,0.4139721430372354
AdvBench_BB_Mixed,1,720,Qwen3-Embedding-8B,B1b_vs_A1b,B1b_discriminant_mean_whitened,A1b_cosine_whitened,1.0,1.0,0.0,
AdvBench_BB_Mixed,1,720,Qwen3-Embedding-8B,B1w_vs_B1b,B1w_SigmaW_wh,B1b_SigmaT_wh,1.0,1.0,0.0,
AdvBench_BB_Mixed,1,720,Qwen3-Embedding-8B,B1b_vs_B1,B1b_SigmaT_wh,B1_raw,1.0,0.999984375,1.5624999999963585e-05,0.4139721430372354
AdvBench_BB_Mixed,1,720,Qwen3-Embedding-8B,B1w_vs_B1,B1w_SigmaW_wh,B1_raw,1.0,0.999984375,1.5624999999963585e-05,0.4139721430372354
AdvBench_BB_Mixed,2,720,Qwen3-Embedding-8B,B1b_vs_C1b,B1b_discriminant_mean_whitened,C1b_logreg_whitened,1.0,1.0,0.0,
AdvBench_BB_Mixed,2,720,Qwen3-Embedding-8B,B1_vs_A1,B1_discriminant_mean_raw,A1_naive_cosine_raw,0.999953125,0.9971484375,0.0028046874999999583,0.21888937005889275
AdvBench_BB_Mixed,2,720,Qwen3-Embedding-8B,B1_vs_C1,B1_discriminant_mean_raw,C1_logreg_raw,0.999953125,1.0,-4.6875000000001776e-05,0.27239813379078126
AdvBench_BB_Mixed,2,720,Qwen3-Embedding-8B,A3_vs_A1,A3_rsfi_svd_whitened_k20,A1_naive_cosine_raw,0.987609375,0.9971484375,-0.009539062500000028,0.00026845778726736214
AdvBench_BB_Mixed,2,720,Qwen3-Embedding-8B,B1b_vs_B1,B1b_discriminant_mean_whitened,B1_discriminant_mean_raw,1.0,0.999953125,4.6875000000001776e-05,0.27239813379078126
AdvBench_BB_Mixed,2,720,Qwen3-Embedding-8B,B1b_vs_A1b,B1b_discriminant_mean_whitened,A1b_cosine_whitened,1.0,1.0,0.0,
AdvBench_BB_Mixed,2,720,Qwen3-Embedding-8B,B1w_vs_B1b,B1w_SigmaW_wh,B1b_SigmaT_wh,1.0,1.0,0.0,
AdvBench_BB_Mixed,2,720,Qwen3-Embedding-8B,B1b_vs_B1,B1b_SigmaT_wh,B1_raw,1.0,0.999953125,4.6875000000001776e-05,0.27239813379078126
AdvBench_BB_Mixed,2,720,Qwen3-Embedding-8B,B1w_vs_B1,B1w_SigmaW_wh,B1_raw,1.0,0.999953125,4.6875000000001776e-05,0.27239813379078126
AdvBench_BB_Mixed,3,720,Qwen3-Embedding-8B,B1b_vs_C1b,B1b_discriminant_mean_whitened,C1b_logreg_whitened,1.0,1.0,0.0,
AdvBench_BB_Mixed,3,720,Qwen3-Embedding-8B,B1_vs_A1,B1_discriminant_mean_raw,A1_naive_cosine_raw,0.9998359375,0.9970078124999999,0.00282812500000007,0.2376972457406672
AdvBench_BB_Mixed,3,720,Qwen3-Embedding-8B,B1_vs_C1,B1_discriminant_mean_raw,C1_logreg_raw,0.9998359375,1.0,-0.00016406250000000622,0.32801332256763693
AdvBench_BB_Mixed,3,720,Qwen3-Embedding-8B,A3_vs_A1,A3_rsfi_svd_whitened_k20,A1_naive_cosine_raw,0.9903046875,0.9970078124999999,-0.006703124999999921,0.035157222301710256
AdvBench_BB_Mixed,3,720,Qwen3-Embedding-8B,B1b_vs_B1,B1b_discriminant_mean_whitened,B1_discriminant_mean_raw,1.0,0.9998359375,0.00016406250000000622,0.32801332256763693
AdvBench_BB_Mixed,3,720,Qwen3-Embedding-8B,B1b_vs_A1b,B1b_discriminant_mean_whitened,A1b_cosine_whitened,1.0,1.0,0.0,
AdvBench_BB_Mixed,3,720,Qwen3-Embedding-8B,B1w_vs_B1b,B1w_SigmaW_wh,B1b_SigmaT_wh,1.0,1.0,0.0,
AdvBench_BB_Mixed,3,720,Qwen3-Embedding-8B,B1b_vs_B1,B1b_SigmaT_wh,B1_raw,1.0,0.9998359375,0.00016406250000000622,0.32801332256763693
AdvBench_BB_Mixed,3,720,Qwen3-Embedding-8B,B1w_vs_B1,B1w_SigmaW_wh,B1_raw,1.0,0.9998359375,0.00016406250000000622,0.32801332256763693
AdvBench_BB_Mixed,4,720,Qwen3-Embedding-8B,B1b_vs_C1b,B1b_discriminant_mean_whitened,C1b_logreg_whitened,1.0,1.0,0.0,
AdvBench_BB_Mixed,4,720,Qwen3-Embedding-8B,B1_vs_A1,B1_discriminant_mean_raw,A1_naive_cosine_raw,0.9999687500000001,0.9974999999999999,0.0024687500000001306,0.19914617701594017
AdvBench_BB_Mixed,4,720,Qwen3-Embedding-8B,B1_vs_C1,B1_discriminant_mean_raw,C1_logreg_raw,0.9999687500000001,1.0,-3.124999999992717e-05,0.3166461218348382
AdvBench_BB_Mixed,4,720,Qwen3-Embedding-8B,A3_vs_A1,A3_rsfi_svd_whitened_k20,A1_naive_cosine_raw,0.99125,0.9974999999999999,-0.006249999999999978,0.042492065441691595
AdvBench_BB_Mixed,4,720,Qwen3-Embedding-8B,B1b_vs_B1,B1b_discriminant_mean_whitened,B1_discriminant_mean_raw,1.0,0.9999687500000001,3.124999999992717e-05,0.3166461218348382
AdvBench_BB_Mixed,4,720,Qwen3-Embedding-8B,B1b_vs_A1b,B1b_discriminant_mean_whitened,A1b_cosine_whitened,1.0,1.0,0.0,
AdvBench_BB_Mixed,4,720,Qwen3-Embedding-8B,B1w_vs_B1b,B1w_SigmaW_wh,B1b_SigmaT_wh,1.0,1.0,0.0,
AdvBench_BB_Mixed,4,720,Qwen3-Embedding-8B,B1b_vs_B1,B1b_SigmaT_wh,B1_raw,1.0,0.9999687500000001,3.124999999992717e-05,0.3166461218348382
AdvBench_BB_Mixed,4,720,Qwen3-Embedding-8B,B1w_vs_B1,B1w_SigmaW_wh,B1_raw,1.0,0.9999687500000001,3.124999999992717e-05,0.3166461218348382
HarmBench_BB_Safe,0,1200,all-mpnet-base-v2,B1b_vs_C1b,B1b_discriminant_mean_whitened,C1b_logreg_whitened,1.0,1.0,0.0,
HarmBench_BB_Safe,0,1200,all-mpnet-base-v2,B1_vs_A1,B1_discriminant_mean_raw,A1_naive_cosine_raw,1.0,0.992915,0.007085000000000008,0.0015676293108546346
HarmBench_BB_Safe,0,1200,all-mpnet-base-v2,B1_vs_C1,B1_discriminant_mean_raw,C1_logreg_raw,1.0,1.0,0.0,
HarmBench_BB_Safe,0,1200,all-mpnet-base-v2,A3_vs_A1,A3_rsfi_svd_whitened_k20,A1_naive_cosine_raw,0.9546699999999999,0.992915,-0.038245000000000084,1.7312020839099773e-07
HarmBench_BB_Safe,0,1200,all-mpnet-base-v2,B1b_vs_B1,B1b_discriminant_mean_whitened,B1_discriminant_mean_raw,1.0,1.0,0.0,
HarmBench_BB_Safe,0,1200,all-mpnet-base-v2,B1b_vs_A1b,B1b_discriminant_mean_whitened,A1b_cosine_whitened,1.0,1.0,0.0,
HarmBench_BB_Safe,0,1200,all-mpnet-base-v2,B1w_vs_B1b,B1w_SigmaW_wh,B1b_SigmaT_wh,1.0,1.0,0.0,
HarmBench_BB_Safe,0,1200,all-mpnet-base-v2,B1b_vs_B1,B1b_SigmaT_wh,B1_raw,1.0,1.0,0.0,
HarmBench_BB_Safe,0,1200,all-mpnet-base-v2,B1w_vs_B1,B1w_SigmaW_wh,B1_raw,1.0,1.0,0.0,
HarmBench_BB_Safe,1,1200,all-mpnet-base-v2,B1b_vs_C1b,B1b_discriminant_mean_whitened,C1b_logreg_whitened,1.0,1.0,0.0,
HarmBench_BB_Safe,1,1200,all-mpnet-base-v2,B1_vs_A1,B1_discriminant_mean_raw,A1_naive_cosine_raw,1.0,0.994435,0.005565000000000042,0.003133104828928923
HarmBench_BB_Safe,1,1200,all-mpnet-base-v2,B1_vs_C1,B1_discriminant_mean_raw,C1_logreg_raw,1.0,1.0,0.0,
HarmBench_BB_Safe,1,1200,all-mpnet-base-v2,A3_vs_A1,A3_rsfi_svd_whitened_k20,A1_naive_cosine_raw,0.9366650000000001,0.994435,-0.05776999999999988,7.869238594082617e-11
HarmBench_BB_Safe,1,1200,all-mpnet-base-v2,B1b_vs_B1,B1b_discriminant_mean_whitened,B1_discriminant_mean_raw,1.0,1.0,0.0,
HarmBench_BB_Safe,1,1200,all-mpnet-base-v2,B1b_vs_A1b,B1b_discriminant_mean_whitened,A1b_cosine_whitened,1.0,1.0,0.0,
HarmBench_BB_Safe,1,1200,all-mpnet-base-v2,B1w_vs_B1b,B1w_SigmaW_wh,B1b_SigmaT_wh,1.0,1.0,0.0,
HarmBench_BB_Safe,1,1200,all-mpnet-base-v2,B1b_vs_B1,B1b_SigmaT_wh,B1_raw,1.0,1.0,0.0,
HarmBench_BB_Safe,1,1200,all-mpnet-base-v2,B1w_vs_B1,B1w_SigmaW_wh,B1_raw,1.0,1.0,0.0,
HarmBench_BB_Safe,2,1200,all-mpnet-base-v2,B1b_vs_C1b,B1b_discriminant_mean_whitened,C1b_logreg_whitened,1.0,1.0,0.0,
HarmBench_BB_Safe,2,1200,all-mpnet-base-v2,B1_vs_A1,B1_discriminant_mean_raw,A1_naive_cosine_raw,1.0,0.9902850000000001,0.009714999999999918,0.0020326561010928224
HarmBench_BB_Safe,2,1200,all-mpnet-base-v2,B1_vs_C1,B1_discriminant_mean_raw,C1_logreg_raw,1.0,1.0,0.0,
HarmBench_BB_Safe,2,1200,all-mpnet-base-v2,A3_vs_A1,A3_rsfi_svd_whitened_k20,A1_naive_cosine_raw,0.94825,0.9902850000000001,-0.042035000000000045,1.2594393528075898e-08
HarmBench_BB_Safe,2,1200,all-mpnet-base-v2,B1b_vs_B1,B1b_discriminant_mean_whitened,B1_discriminant_mean_raw,1.0,1.0,0.0,
HarmBench_BB_Safe,2,1200,all-mpnet-base-v2,B1b_vs_A1b,B1b_discriminant_mean_whitened,A1b_cosine_whitened,1.0,1.0,0.0,
HarmBench_BB_Safe,2,1200,all-mpnet-base-v2,B1w_vs_B1b,B1w_SigmaW_wh,B1b_SigmaT_wh,1.0,1.0,0.0,
HarmBench_BB_Safe,2,1200,all-mpnet-base-v2,B1b_vs_B1,B1b_SigmaT_wh,B1_raw,1.0,1.0,0.0,
HarmBench_BB_Safe,2,1200,all-mpnet-base-v2,B1w_vs_B1,B1w_SigmaW_wh,B1_raw,1.0,1.0,0.0,
HarmBench_BB_Safe,3,1200,all-mpnet-base-v2,B1b_vs_C1b,B1b_discriminant_mean_whitened,C1b_logreg_whitened,1.0,1.0,0.0,
HarmBench_BB_Safe,3,1200,all-mpnet-base-v2,B1_vs_A1,B1_discriminant_mean_raw,A1_naive_cosine_raw,1.0,0.9924099999999999,0.007590000000000097,0.0010337122909287455
HarmBench_BB_Safe,3,1200,all-mpnet-base-v2,B1_vs_C1,B1_discriminant_mean_raw,C1_logreg_raw,1.0,1.0,0.0,
HarmBench_BB_Safe,3,1200,all-mpnet-base-v2,A3_vs_A1,A3_rsfi_svd_whitened_k20,A1_naive_cosine_raw,0.963205,0.9924099999999999,-0.029204999999999925,4.0197224257410014e-05
HarmBench_BB_Safe,3,1200,all-mpnet-base-v2,B1b_vs_B1,B1b_discriminant_mean_whitened,B1_discriminant_mean_raw,1.0,1.0,0.0,
HarmBench_BB_Safe,3,1200,all-mpnet-base-v2,B1b_vs_A1b,B1b_discriminant_mean_whitened,A1b_cosine_whitened,1.0,1.0,0.0,
HarmBench_BB_Safe,3,1200,all-mpnet-base-v2,B1w_vs_B1b,B1w_SigmaW_wh,B1b_SigmaT_wh,1.0,1.0,0.0,
HarmBench_BB_Safe,3,1200,all-mpnet-base-v2,B1b_vs_B1,B1b_SigmaT_wh,B1_raw,1.0,1.0,0.0,
HarmBench_BB_Safe,3,1200,all-mpnet-base-v2,B1w_vs_B1,B1w_SigmaW_wh,B1_raw,1.0,1.0,0.0,
HarmBench_BB_Safe,4,1200,all-mpnet-base-v2,B1b_vs_C1b,B1b_discriminant_mean_whitened,C1b_logreg_whitened,1.0,1.0,0.0,
HarmBench_BB_Safe,4,1200,all-mpnet-base-v2,B1_vs_A1,B1_discriminant_mean_raw,A1_naive_cosine_raw,1.0,0.9962650000000001,0.003734999999999933,0.011699284647225472
HarmBench_BB_Safe,4,1200,all-mpnet-base-v2,B1_vs_C1,B1_discriminant_mean_raw,C1_logreg_raw,1.0,1.0,0.0,
HarmBench_BB_Safe,4,1200,all-mpnet-base-v2,A3_vs_A1,A3_rsfi_svd_whitened_k20,A1_naive_cosine_raw,0.9611799999999999,0.9962650000000001,-0.035085000000000144,7.49784723197422e-09
HarmBench_BB_Safe,4,1200,all-mpnet-base-v2,B1b_vs_B1,B1b_discriminant_mean_whitened,B1_discriminant_mean_raw,1.0,1.0,0.0,
HarmBench_BB_Safe,4,1200,all-mpnet-base-v2,B1b_vs_A1b,B1b_discriminant_mean_whitened,A1b_cosine_whitened,1.0,1.0,0.0,
HarmBench_BB_Safe,4,1200,all-mpnet-base-v2,B1w_vs_B1b,B1w_SigmaW_wh,B1b_SigmaT_wh,1.0,1.0,0.0,
HarmBench_BB_Safe,4,1200,all-mpnet-base-v2,B1b_vs_B1,B1b_SigmaT_wh,B1_raw,1.0,1.0,0.0,
HarmBench_BB_Safe,4,1200,all-mpnet-base-v2,B1w_vs_B1,B1w_SigmaW_wh,B1_raw,1.0,1.0,0.0,
HarmBench_BB_Safe,0,1200,bge-base-en-v1.5,B1b_vs_C1b,B1b_discriminant_mean_whitened,C1b_logreg_whitened,1.0,1.0,0.0,
HarmBench_BB_Safe,0,1200,bge-base-en-v1.5,B1_vs_A1,B1_discriminant_mean_raw,A1_naive_cosine_raw,1.0,0.975045,0.02495499999999995,0.004015956782890573
HarmBench_BB_Safe,0,1200,bge-base-en-v1.5,B1_vs_C1,B1_discriminant_mean_raw,C1_logreg_raw,1.0,1.0,0.0,
HarmBench_BB_Safe,0,1200,bge-base-en-v1.5,A3_vs_A1,A3_rsfi_svd_whitened_k20,A1_naive_cosine_raw,0.9632350000000001,0.975045,-0.011809999999999987,0.24681144631555973
HarmBench_BB_Safe,0,1200,bge-base-en-v1.5,B1b_vs_B1,B1b_discriminant_mean_whitened,B1_discriminant_mean_raw,1.0,1.0,0.0,
HarmBench_BB_Safe,0,1200,bge-base-en-v1.5,B1b_vs_A1b,B1b_discriminant_mean_whitened,A1b_cosine_whitened,1.0,1.0,0.0,
HarmBench_BB_Safe,0,1200,bge-base-en-v1.5,B1w_vs_B1b,B1w_SigmaW_wh,B1b_SigmaT_wh,1.0,1.0,0.0,
HarmBench_BB_Safe,0,1200,bge-base-en-v1.5,B1b_vs_B1,B1b_SigmaT_wh,B1_raw,1.0,1.0,0.0,
HarmBench_BB_Safe,0,1200,bge-base-en-v1.5,B1w_vs_B1,B1w_SigmaW_wh,B1_raw,1.0,1.0,0.0,
HarmBench_BB_Safe,1,1200,bge-base-en-v1.5,B1b_vs_C1b,B1b_discriminant_mean_whitened,C1b_logreg_whitened,1.0,1.0,0.0,
HarmBench_BB_Safe,1,1200,bge-base-en-v1.5,B1_vs_A1,B1_discriminant_mean_raw,A1_naive_cosine_raw,1.0,0.9797049999999999,0.020295000000000063,0.0033723415551691893
HarmBench_BB_Safe,1,1200,bge-base-en-v1.5,B1_vs_C1,B1_discriminant_mean_raw,C1_logreg_raw,1.0,1.0,0.0,
HarmBench_BB_Safe,1,1200,bge-base-en-v1.5,A3_vs_A1,A3_rsfi_svd_whitened_k20,A1_naive_cosine_raw,0.9432199999999998,0.9797049999999999,-0.0364850000000001,8.832858173613012e-05
HarmBench_BB_Safe,1,1200,bge-base-en-v1.5,B1b_vs_B1,B1b_discriminant_mean_whitened,B1_discriminant_mean_raw,1.0,1.0,0.0,
HarmBench_BB_Safe,1,1200,bge-base-en-v1.5,B1b_vs_A1b,B1b_discriminant_mean_whitened,A1b_cosine_whitened,1.0,1.0,0.0,
HarmBench_BB_Safe,1,1200,bge-base-en-v1.5,B1w_vs_B1b,B1w_SigmaW_wh,B1b_SigmaT_wh,1.0,1.0,0.0,
HarmBench_BB_Safe,1,1200,bge-base-en-v1.5,B1b_vs_B1,B1b_SigmaT_wh,B1_raw,1.0,1.0,0.0,
HarmBench_BB_Safe,1,1200,bge-base-en-v1.5,B1w_vs_B1,B1w_SigmaW_wh,B1_raw,1.0,1.0,0.0,
HarmBench_BB_Safe,2,1200,bge-base-en-v1.5,B1b_vs_C1b,B1b_discriminant_mean_whitened,C1b_logreg_whitened,1.0,1.0,0.0,
HarmBench_BB_Safe,2,1200,bge-base-en-v1.5,B1_vs_A1,B1_discriminant_mean_raw,A1_naive_cosine_raw,1.0,0.974395,0.02560499999999999,0.00038473971713459676
HarmBench_BB_Safe,2,1200,bge-base-en-v1.5,B1_vs_C1,B1_discriminant_mean_raw,C1_logreg_raw,1.0,1.0,0.0,
HarmBench_BB_Safe,2,1200,bge-base-en-v1.5,A3_vs_A1,A3_rsfi_svd_whitened_k20,A1_naive_cosine_raw,0.936755,0.974395,-0.03764000000000001,0.00032360179665813504
HarmBench_BB_Safe,2,1200,bge-base-en-v1.5,B1b_vs_B1,B1b_discriminant_mean_whitened,B1_discriminant_mean_raw,1.0,1.0,0.0,
HarmBench_BB_Safe,2,1200,bge-base-en-v1.5,B1b_vs_A1b,B1b_discriminant_mean_whitened,A1b_cosine_whitened,1.0,1.0,0.0,
HarmBench_BB_Safe,2,1200,bge-base-en-v1.5,B1w_vs_B1b,B1w_SigmaW_wh,B1b_SigmaT_wh,1.0,1.0,0.0,
HarmBench_BB_Safe,2,1200,bge-base-en-v1.5,B1b_vs_B1,B1b_SigmaT_wh,B1_raw,1.0,1.0,0.0,
HarmBench_BB_Safe,2,1200,bge-base-en-v1.5,B1w_vs_B1,B1w_SigmaW_wh,B1_raw,1.0,1.0,0.0,
HarmBench_BB_Safe,3,1200,bge-base-en-v1.5,B1b_vs_C1b,B1b_discriminant_mean_whitened,C1b_logreg_whitened,1.0,1.0,0.0,
HarmBench_BB_Safe,3,1200,bge-base-en-v1.5,B1_vs_A1,B1_discriminant_mean_raw,A1_naive_cosine_raw,1.0,0.98185,0.01815,0.006508159862899543
HarmBench_BB_Safe,3,1200,bge-base-en-v1.5,B1_vs_C1,B1_discriminant_mean_raw,C1_logreg_raw,1.0,1.0,0.0,
HarmBench_BB_Safe,3,1200,bge-base-en-v1.5,A3_vs_A1,A3_rsfi_svd_whitened_k20,A1_naive_cosine_raw,0.926675,0.98185,-0.055174999999999974,4.28754405312759e-08
HarmBench_BB_Safe,3,1200,bge-base-en-v1.5,B1b_vs_B1,B1b_discriminant_mean_whitened,B1_discriminant_mean_raw,1.0,1.0,0.0,
HarmBench_BB_Safe,3,1200,bge-base-en-v1.5,B1b_vs_A1b,B1b_discriminant_mean_whitened,A1b_cosine_whitened,1.0,1.0,0.0,
HarmBench_BB_Safe,3,1200,bge-base-en-v1.5,B1w_vs_B1b,B1w_SigmaW_wh,B1b_SigmaT_wh,1.0,1.0,0.0,
HarmBench_BB_Safe,3,1200,bge-base-en-v1.5,B1b_vs_B1,B1b_SigmaT_wh,B1_raw,1.0,1.0,0.0,
HarmBench_BB_Safe,3,1200,bge-base-en-v1.5,B1w_vs_B1,B1w_SigmaW_wh,B1_raw,1.0,1.0,0.0,
HarmBench_BB_Safe,4,1200,bge-base-en-v1.5,B1b_vs_C1b,B1b_discriminant_mean_whitened,C1b_logreg_whitened,1.0,1.0,0.0,
HarmBench_BB_Safe,4,1200,bge-base-en-v1.5,B1_vs_A1,B1_discriminant_mean_raw,A1_naive_cosine_raw,1.0,0.9876800000000001,0.012319999999999887,0.028857663721554738
HarmBench_BB_Safe,4,1200,bge-base-en-v1.5,B1_vs_C1,B1_discriminant_mean_raw,C1_logreg_raw,1.0,1.0,0.0,
HarmBench_BB_Safe,4,1200,bge-base-en-v1.5,A3_vs_A1,A3_rsfi_svd_whitened_k20,A1_naive_cosine_raw,0.94158,0.9876800000000001,-0.04610000000000014,1.5389378769103956e-06
HarmBench_BB_Safe,4,1200,bge-base-en-v1.5,B1b_vs_B1,B1b_discriminant_mean_whitened,B1_discriminant_mean_raw,1.0,1.0,0.0,
HarmBench_BB_Safe,4,1200,bge-base-en-v1.5,B1b_vs_A1b,B1b_discriminant_mean_whitened,A1b_cosine_whitened,1.0,1.0,0.0,
HarmBench_BB_Safe,4,1200,bge-base-en-v1.5,B1w_vs_B1b,B1w_SigmaW_wh,B1b_SigmaT_wh,1.0,1.0,0.0,
HarmBench_BB_Safe,4,1200,bge-base-en-v1.5,B1b_vs_B1,B1b_SigmaT_wh,B1_raw,1.0,1.0,0.0,
HarmBench_BB_Safe,4,1200,bge-base-en-v1.5,B1w_vs_B1,B1w_SigmaW_wh,B1_raw,1.0,1.0,0.0,
HarmBench_BB_Safe,0,1200,bge-large-en-v1.5,B1b_vs_C1b,B1b_discriminant_mean_whitened,C1b_logreg_whitened,1.0,1.0,0.0,
HarmBench_BB_Safe,0,1200,bge-large-en-v1.5,B1_vs_A1,B1_discriminant_mean_raw,A1_naive_cosine_raw,1.0,0.98317,0.01683000000000001,0.00010400038869096129
HarmBench_BB_Safe,0,1200,bge-large-en-v1.5,B1_vs_C1,B1_discriminant_mean_raw,C1_logreg_raw,1.0,1.0,0.0,
HarmBench_BB_Safe,0,1200,bge-large-en-v1.5,A3_vs_A1,A3_rsfi_svd_whitened_k20,A1_naive_cosine_raw,0.98369,0.98317,0.0005199999999999649,0.9097092975917118
HarmBench_BB_Safe,0,1200,bge-large-en-v1.5,B1b_vs_B1,B1b_discriminant_mean_whitened,B1_discriminant_mean_raw,1.0,1.0,0.0,
HarmBench_BB_Safe,0,1200,bge-large-en-v1.5,B1b_vs_A1b,B1b_discriminant_mean_whitened,A1b_cosine_whitened,1.0,1.0,0.0,
HarmBench_BB_Safe,0,1200,bge-large-en-v1.5,B1w_vs_B1b,B1w_SigmaW_wh,B1b_SigmaT_wh,1.0,1.0,0.0,
HarmBench_BB_Safe,0,1200,bge-large-en-v1.5,B1b_vs_B1,B1b_SigmaT_wh,B1_raw,1.0,1.0,0.0,
HarmBench_BB_Safe,0,1200,bge-large-en-v1.5,B1w_vs_B1,B1w_SigmaW_wh,B1_raw,1.0,1.0,0.0,
HarmBench_BB_Safe,1,1200,bge-large-en-v1.5,B1b_vs_C1b,B1b_discriminant_mean_whitened,C1b_logreg_whitened,1.0,1.0,0.0,
HarmBench_BB_Safe,1,1200,bge-large-en-v1.5,B1_vs_A1,B1_discriminant_mean_raw,A1_naive_cosine_raw,1.0,0.983925,0.01607499999999995,0.00014125688291888316
HarmBench_BB_Safe,1,1200,bge-large-en-v1.5,B1_vs_C1,B1_discriminant_mean_raw,C1_logreg_raw,1.0,1.0,0.0,
HarmBench_BB_Safe,1,1200,bge-large-en-v1.5,A3_vs_A1,A3_rsfi_svd_whitened_k20,A1_naive_cosine_raw,0.9684599999999999,0.983925,-0.015465000000000173,0.03660450344322852
HarmBench_BB_Safe,1,1200,bge-large-en-v1.5,B1b_vs_B1,B1b_discriminant_mean_whitened,B1_discriminant_mean_raw,1.0,1.0,0.0,
HarmBench_BB_Safe,1,1200,bge-large-en-v1.5,B1b_vs_A1b,B1b_discriminant_mean_whitened,A1b_cosine_whitened,1.0,1.0,0.0,
HarmBench_BB_Safe,1,1200,bge-large-en-v1.5,B1w_vs_B1b,B1w_SigmaW_wh,B1b_SigmaT_wh,1.0,1.0,0.0,
HarmBench_BB_Safe,1,1200,bge-large-en-v1.5,B1b_vs_B1,B1b_SigmaT_wh,B1_raw,1.0,1.0,0.0,
HarmBench_BB_Safe,1,1200,bge-large-en-v1.5,B1w_vs_B1,B1w_SigmaW_wh,B1_raw,1.0,1.0,0.0,
HarmBench_BB_Safe,2,1200,bge-large-en-v1.5,B1b_vs_C1b,B1b_discriminant_mean_whitened,C1b_logreg_whitened,1.0,1.0,0.0,
HarmBench_BB_Safe,2,1200,bge-large-en-v1.5,B1_vs_A1,B1_discriminant_mean_raw,A1_naive_cosine_raw,1.0,0.97932,0.02068000000000003,2.379952785891426e-05
HarmBench_BB_Safe,2,1200,bge-large-en-v1.5,B1_vs_C1,B1_discriminant_mean_raw,C1_logreg_raw,1.0,1.0,0.0,
HarmBench_BB_Safe,2,1200,bge-large-en-v1.5,A3_vs_A1,A3_rsfi_svd_whitened_k20,A1_naive_cosine_raw,0.9526399999999999,0.97932,-0.026680000000000037,0.00047588456035052573
HarmBench_BB_Safe,2,1200,bge-large-en-v1.5,B1b_vs_B1,B1b_discriminant_mean_whitened,B1_discriminant_mean_raw,1.0,1.0,0.0,
HarmBench_BB_Safe,2,1200,bge-large-en-v1.5,B1b_vs_A1b,B1b_discriminant_mean_whitened,A1b_cosine_whitened,1.0,1.0,0.0,
HarmBench_BB_Safe,2,1200,bge-large-en-v1.5,B1w_vs_B1b,B1w_SigmaW_wh,B1b_SigmaT_wh,1.0,1.0,0.0,
HarmBench_BB_Safe,2,1200,bge-large-en-v1.5,B1b_vs_B1,B1b_SigmaT_wh,B1_raw,1.0,1.0,0.0,
HarmBench_BB_Safe,2,1200,bge-large-en-v1.5,B1w_vs_B1,B1w_SigmaW_wh,B1_raw,1.0,1.0,0.0,
HarmBench_BB_Safe,3,1200,bge-large-en-v1.5,B1b_vs_C1b,B1b_discriminant_mean_whitened,C1b_logreg_whitened,1.0,1.0,0.0,
HarmBench_BB_Safe,3,1200,bge-large-en-v1.5,B1_vs_A1,B1_discriminant_mean_raw,A1_naive_cosine_raw,1.0,0.97748,0.022519999999999984,3.9576231418703145e-06
HarmBench_BB_Safe,3,1200,bge-large-en-v1.5,B1_vs_C1,B1_discriminant_mean_raw,C1_logreg_raw,1.0,1.0,0.0,
HarmBench_BB_Safe,3,1200,bge-large-en-v1.5,A3_vs_A1,A3_rsfi_svd_whitened_k20,A1_naive_cosine_raw,0.966055,0.97748,-0.011425000000000018,0.11315973522075962
HarmBench_BB_Safe,3,1200,bge-large-en-v1.5,B1b_vs_B1,B1b_discriminant_mean_whitened,B1_discriminant_mean_raw,1.0,1.0,0.0,
HarmBench_BB_Safe,3,1200,bge-large-en-v1.5,B1b_vs_A1b,B1b_discriminant_mean_whitened,A1b_cosine_whitened,1.0,1.0,0.0,
HarmBench_BB_Safe,3,1200,bge-large-en-v1.5,B1w_vs_B1b,B1w_SigmaW_wh,B1b_SigmaT_wh,1.0,1.0,0.0,
HarmBench_BB_Safe,3,1200,bge-large-en-v1.5,B1b_vs_B1,B1b_SigmaT_wh,B1_raw,1.0,1.0,0.0,
HarmBench_BB_Safe,3,1200,bge-large-en-v1.5,B1w_vs_B1,B1w_SigmaW_wh,B1_raw,1.0,1.0,0.0,
HarmBench_BB_Safe,4,1200,bge-large-en-v1.5,B1b_vs_C1b,B1b_discriminant_mean_whitened,C1b_logreg_whitened,1.0,1.0,0.0,
HarmBench_BB_Safe,4,1200,bge-large-en-v1.5,B1_vs_A1,B1_discriminant_mean_raw,A1_naive_cosine_raw,1.0,0.985975,0.014024999999999954,0.0001494126667804796
HarmBench_BB_Safe,4,1200,bge-large-en-v1.5,B1_vs_C1,B1_discriminant_mean_raw,C1_logreg_raw,1.0,1.0,0.0,
HarmBench_BB_Safe,4,1200,bge-large-en-v1.5,A3_vs_A1,A3_rsfi_svd_whitened_k20,A1_naive_cosine_raw,0.96218,0.985975,-0.02379500000000001,0.0013494045617736816
HarmBench_BB_Safe,4,1200,bge-large-en-v1.5,B1b_vs_B1,B1b_discriminant_mean_whitened,B1_discriminant_mean_raw,1.0,1.0,0.0,
HarmBench_BB_Safe,4,1200,bge-large-en-v1.5,B1b_vs_A1b,B1b_discriminant_mean_whitened,A1b_cosine_whitened,1.0,1.0,0.0,
HarmBench_BB_Safe,4,1200,bge-large-en-v1.5,B1w_vs_B1b,B1w_SigmaW_wh,B1b_SigmaT_wh,1.0,1.0,0.0,
HarmBench_BB_Safe,4,1200,bge-large-en-v1.5,B1b_vs_B1,B1b_SigmaT_wh,B1_raw,1.0,1.0,0.0,
HarmBench_BB_Safe,4,1200,bge-large-en-v1.5,B1w_vs_B1,B1w_SigmaW_wh,B1_raw,1.0,1.0,0.0,
HarmBench_BB_Safe,0,1200,Qwen3-Embedding-8B,B1b_vs_C1b,B1b_discriminant_mean_whitened,C1b_logreg_whitened,1.0,1.0,0.0,
HarmBench_BB_Safe,0,1200,Qwen3-Embedding-8B,B1_vs_A1,B1_discriminant_mean_raw,A1_naive_cosine_raw,1.0,0.7502850000000001,0.2497149999999999,0.0
HarmBench_BB_Safe,0,1200,Qwen3-Embedding-8B,B1_vs_C1,B1_discriminant_mean_raw,C1_logreg_raw,1.0,1.0,0.0,
HarmBench_BB_Safe,0,1200,Qwen3-Embedding-8B,A3_vs_A1,A3_rsfi_svd_whitened_k20,A1_naive_cosine_raw,0.9453325000000001,0.7502850000000001,0.19504750000000004,0.0
HarmBench_BB_Safe,0,1200,Qwen3-Embedding-8B,B1b_vs_B1,B1b_discriminant_mean_whitened,B1_discriminant_mean_raw,1.0,1.0,0.0,
HarmBench_BB_Safe,0,1200,Qwen3-Embedding-8B,B1b_vs_A1b,B1b_discriminant_mean_whitened,A1b_cosine_whitened,1.0,1.0,0.0,
HarmBench_BB_Safe,0,1200,Qwen3-Embedding-8B,B1w_vs_B1b,B1w_SigmaW_wh,B1b_SigmaT_wh,1.0,1.0,0.0,
HarmBench_BB_Safe,0,1200,Qwen3-Embedding-8B,B1b_vs_B1,B1b_SigmaT_wh,B1_raw,1.0,1.0,0.0,
HarmBench_BB_Safe,0,1200,Qwen3-Embedding-8B,B1w_vs_B1,B1w_SigmaW_wh,B1_raw,1.0,1.0,0.0,
HarmBench_BB_Safe,1,1200,Qwen3-Embedding-8B,B1b_vs_C1b,B1b_discriminant_mean_whitened,C1b_logreg_whitened,1.0,1.0,0.0,
HarmBench_BB_Safe,1,1200,Qwen3-Embedding-8B,B1_vs_A1,B1_discriminant_mean_raw,A1_naive_cosine_raw,1.0,0.7530049999999999,0.24699500000000008,0.0
HarmBench_BB_Safe,1,1200,Qwen3-Embedding-8B,B1_vs_C1,B1_discriminant_mean_raw,C1_logreg_raw,1.0,1.0,0.0,
HarmBench_BB_Safe,1,1200,Qwen3-Embedding-8B,A3_vs_A1,A3_rsfi_svd_whitened_k20,A1_naive_cosine_raw,0.94549,0.7530049999999999,0.19248500000000013,0.0
HarmBench_BB_Safe,1,1200,Qwen3-Embedding-8B,B1b_vs_B1,B1b_discriminant_mean_whitened,B1_discriminant_mean_raw,1.0,1.0,0.0,
HarmBench_BB_Safe,1,1200,Qwen3-Embedding-8B,B1b_vs_A1b,B1b_discriminant_mean_whitened,A1b_cosine_whitened,1.0,1.0,0.0,
HarmBench_BB_Safe,1,1200,Qwen3-Embedding-8B,B1w_vs_B1b,B1w_SigmaW_wh,B1b_SigmaT_wh,1.0,1.0,0.0,
HarmBench_BB_Safe,1,1200,Qwen3-Embedding-8B,B1b_vs_B1,B1b_SigmaT_wh,B1_raw,1.0,1.0,0.0,
HarmBench_BB_Safe,1,1200,Qwen3-Embedding-8B,B1w_vs_B1,B1w_SigmaW_wh,B1_raw,1.0,1.0,0.0,
HarmBench_BB_Safe,2,1200,Qwen3-Embedding-8B,B1b_vs_C1b,B1b_discriminant_mean_whitened,C1b_logreg_whitened,1.0,1.0,0.0,
HarmBench_BB_Safe,2,1200,Qwen3-Embedding-8B,B1_vs_A1,B1_discriminant_mean_raw,A1_naive_cosine_raw,1.0,0.747855,0.25214499999999995,0.0
HarmBench_BB_Safe,2,1200,Qwen3-Embedding-8B,B1_vs_C1,B1_discriminant_mean_raw,C1_logreg_raw,1.0,1.0,0.0,
HarmBench_BB_Safe,2,1200,Qwen3-Embedding-8B,A3_vs_A1,A3_rsfi_svd_whitened_k20,A1_naive_cosine_raw,0.931175,0.747855,0.18331999999999993,0.0
HarmBench_BB_Safe,2,1200,Qwen3-Embedding-8B,B1b_vs_B1,B1b_discriminant_mean_whitened,B1_discriminant_mean_raw,1.0,1.0,0.0,
HarmBench_BB_Safe,2,1200,Qwen3-Embedding-8B,B1b_vs_A1b,B1b_discriminant_mean_whitened,A1b_cosine_whitened,1.0,1.0,0.0,
HarmBench_BB_Safe,2,1200,Qwen3-Embedding-8B,B1w_vs_B1b,B1w_SigmaW_wh,B1b_SigmaT_wh,1.0,1.0,0.0,
HarmBench_BB_Safe,2,1200,Qwen3-Embedding-8B,B1b_vs_B1,B1b_SigmaT_wh,B1_raw,1.0,1.0,0.0,
HarmBench_BB_Safe,2,1200,Qwen3-Embedding-8B,B1w_vs_B1,B1w_SigmaW_wh,B1_raw,1.0,1.0,0.0,
HarmBench_BB_Safe,3,1200,Qwen3-Embedding-8B,B1b_vs_C1b,B1b_discriminant_mean_whitened,C1b_logreg_whitened,1.0,1.0,0.0,
HarmBench_BB_Safe,3,1200,Qwen3-Embedding-8B,B1_vs_A1,B1_discriminant_mean_raw,A1_naive_cosine_raw,1.0,0.7252000000000001,0.27479999999999993,0.0
HarmBench_BB_Safe,3,1200,Qwen3-Embedding-8B,B1_vs_C1,B1_discriminant_mean_raw,C1_logreg_raw,1.0,1.0,0.0,
HarmBench_BB_Safe,3,1200,Qwen3-Embedding-8B,A3_vs_A1,A3_rsfi_svd_whitened_k20,A1_naive_cosine_raw,0.9343949999999999,0.7252000000000001,0.2091949999999998,0.0
HarmBench_BB_Safe,3,1200,Qwen3-Embedding-8B,B1b_vs_B1,B1b_discriminant_mean_whitened,B1_discriminant_mean_raw,1.0,1.0,0.0,
HarmBench_BB_Safe,3,1200,Qwen3-Embedding-8B,B1b_vs_A1b,B1b_discriminant_mean_whitened,A1b_cosine_whitened,1.0,1.0,0.0,
HarmBench_BB_Safe,3,1200,Qwen3-Embedding-8B,B1w_vs_B1b,B1w_SigmaW_wh,B1b_SigmaT_wh,1.0,1.0,0.0,
HarmBench_BB_Safe,3,1200,Qwen3-Embedding-8B,B1b_vs_B1,B1b_SigmaT_wh,B1_raw,1.0,1.0,0.0,
HarmBench_BB_Safe,3,1200,Qwen3-Embedding-8B,B1w_vs_B1,B1w_SigmaW_wh,B1_raw,1.0,1.0,0.0,
HarmBench_BB_Safe,4,1200,Qwen3-Embedding-8B,B1b_vs_C1b,B1b_discriminant_mean_whitened,C1b_logreg_whitened,1.0,1.0,0.0,
HarmBench_BB_Safe,4,1200,Qwen3-Embedding-8B,B1_vs_A1,B1_discriminant_mean_raw,A1_naive_cosine_raw,1.0,0.72719,0.27281,0.0
HarmBench_BB_Safe,4,1200,Qwen3-Embedding-8B,B1_vs_C1,B1_discriminant_mean_raw,C1_logreg_raw,1.0,1.0,0.0,
HarmBench_BB_Safe,4,1200,Qwen3-Embedding-8B,A3_vs_A1,A3_rsfi_svd_whitened_k20,A1_naive_cosine_raw,0.950105,0.72719,0.22291499999999997,0.0
HarmBench_BB_Safe,4,1200,Qwen3-Embedding-8B,B1b_vs_B1,B1b_discriminant_mean_whitened,B1_discriminant_mean_raw,1.0,1.0,0.0,
HarmBench_BB_Safe,4,1200,Qwen3-Embedding-8B,B1b_vs_A1b,B1b_discriminant_mean_whitened,A1b_cosine_whitened,1.0,1.0,0.0,
HarmBench_BB_Safe,4,1200,Qwen3-Embedding-8B,B1w_vs_B1b,B1w_SigmaW_wh,B1b_SigmaT_wh,1.0,1.0,0.0,
HarmBench_BB_Safe,4,1200,Qwen3-Embedding-8B,B1b_vs_B1,B1b_SigmaT_wh,B1_raw,1.0,1.0,0.0,
HarmBench_BB_Safe,4,1200,Qwen3-Embedding-8B,B1w_vs_B1,B1w_SigmaW_wh,B1_raw,1.0,1.0,0.0,
HarmBench_BB_Mixed,0,600,all-mpnet-base-v2,B1b_vs_C1b,B1b_discriminant_mean_whitened,C1b_logreg_whitened,0.9990125,0.9989,0.00011249999999995985,0.3858898744151029
HarmBench_BB_Mixed,0,600,all-mpnet-base-v2,B1_vs_A1,B1_discriminant_mean_raw,A1_naive_cosine_raw,0.9872875,0.9842125,0.003074999999999939,0.27809385076466286
HarmBench_BB_Mixed,0,600,all-mpnet-base-v2,B1_vs_C1,B1_discriminant_mean_raw,C1_logreg_raw,0.9872875,0.9986125,-0.01132500000000003,7.5321060908351e-05
HarmBench_BB_Mixed,0,600,all-mpnet-base-v2,A3_vs_A1,A3_rsfi_svd_whitened_k20,A1_naive_cosine_raw,0.9343624999999999,0.9842125,-0.04985000000000017,9.583086684195052e-07
HarmBench_BB_Mixed,0,600,all-mpnet-base-v2,B1b_vs_B1,B1b_discriminant_mean_whitened,B1_discriminant_mean_raw,0.9990125,0.9872875,0.011724999999999985,0.0002023149273373548
HarmBench_BB_Mixed,0,600,all-mpnet-base-v2,B1b_vs_A1b,B1b_discriminant_mean_whitened,A1b_cosine_whitened,0.9990125,0.998925,8.750000000001812e-05,0.533177989213141
HarmBench_BB_Mixed,0,600,all-mpnet-base-v2,B1w_vs_B1b,B1w_SigmaW_wh,B1b_SigmaT_wh,0.9991375,0.9990125,0.00012500000000004174,0.468189546288293
HarmBench_BB_Mixed,0,600,all-mpnet-base-v2,B1b_vs_B1,B1b_SigmaT_wh,B1_raw,0.9990125,0.9872875,0.011724999999999985,0.0002023149273373548
HarmBench_BB_Mixed,0,600,all-mpnet-base-v2,B1w_vs_B1,B1w_SigmaW_wh,B1_raw,0.9991375,0.9872875,0.011850000000000027,0.0001717374641796443
HarmBench_BB_Mixed,1,600,all-mpnet-base-v2,B1b_vs_C1b,B1b_discriminant_mean_whitened,C1b_logreg_whitened,0.9982500000000001,0.9982125,3.750000000013465e-05,0.8067967548440254
HarmBench_BB_Mixed,1,600,all-mpnet-base-v2,B1_vs_A1,B1_discriminant_mean_raw,A1_naive_cosine_raw,0.990475,0.985675,0.0048000000000000265,0.06471480467323798
HarmBench_BB_Mixed,1,600,all-mpnet-base-v2,B1_vs_C1,B1_discriminant_mean_raw,C1_logreg_raw,0.990475,0.999175,-0.008700000000000041,0.0003800156160349566
HarmBench_BB_Mixed,1,600,all-mpnet-base-v2,A3_vs_A1,A3_rsfi_svd_whitened_k20,A1_naive_cosine_raw,0.942625,0.985675,-0.04304999999999992,1.0166633724217888e-05
HarmBench_BB_Mixed,1,600,all-mpnet-base-v2,B1b_vs_B1,B1b_discriminant_mean_whitened,B1_discriminant_mean_raw,0.9982500000000001,0.990475,0.007775000000000087,0.0033238562506188174
HarmBench_BB_Mixed,1,600,all-mpnet-base-v2,B1b_vs_A1b,B1b_discriminant_mean_whitened,A1b_cosine_whitened,0.9982500000000001,0.9979250000000001,0.0003250000000000197,0.16353289520892567
HarmBench_BB_Mixed,1,600,all-mpnet-base-v2,B1w_vs_B1b,B1w_SigmaW_wh,B1b_SigmaT_wh,0.998725,0.9982500000000001,0.0004749999999998922,0.060139436801962765
HarmBench_BB_Mixed,1,600,all-mpnet-base-v2,B1b_vs_B1,B1b_SigmaT_wh,B1_raw,0.9982500000000001,0.990475,0.007775000000000087,0.0033238562506188174
HarmBench_BB_Mixed,1,600,all-mpnet-base-v2,B1w_vs_B1,B1w_SigmaW_wh,B1_raw,0.998725,0.990475,0.00824999999999998,0.0017329123884031183
HarmBench_BB_Mixed,2,600,all-mpnet-base-v2,B1b_vs_C1b,B1b_discriminant_mean_whitened,C1b_logreg_whitened,0.9996625,0.999625,3.7500000000023626e-05,0.6888033959998816
HarmBench_BB_Mixed,2,600,all-mpnet-base-v2,B1_vs_A1,B1_discriminant_mean_raw,A1_naive_cosine_raw,0.9859,0.9812125,0.004687499999999956,0.10282029066079956
HarmBench_BB_Mixed,2,600,all-mpnet-base-v2,B1_vs_C1,B1_discriminant_mean_raw,C1_logreg_raw,0.9859,0.9980625,-0.012162499999999965,3.465268964886192e-05
HarmBench_BB_Mixed,2,600,all-mpnet-base-v2,A3_vs_A1,A3_rsfi_svd_whitened_k20,A1_naive_cosine_raw,0.919375,0.9812125,-0.06183749999999999,3.5397281306082107e-07
HarmBench_BB_Mixed,2,600,all-mpnet-base-v2,B1b_vs_B1,B1b_discriminant_mean_whitened,B1_discriminant_mean_raw,0.9996625,0.9859,0.01376250000000001,0.00010048020926212153
HarmBench_BB_Mixed,2,600,all-mpnet-base-v2,B1b_vs_A1b,B1b_discriminant_mean_whitened,A1b_cosine_whitened,0.9996625,0.9996124999999999,5.0000000000105516e-05,0.5271407619363453
HarmBench_BB_Mixed,2,600,all-mpnet-base-v2,B1w_vs_B1b,B1w_SigmaW_wh,B1b_SigmaT_wh,0.9998,0.9996625,0.0001375000000000126,0.1530993793658384
HarmBench_BB_Mixed,2,600,all-mpnet-base-v2,B1b_vs_B1,B1b_SigmaT_wh,B1_raw,0.9996625,0.9859,0.01376250000000001,0.00010048020926212153
HarmBench_BB_Mixed,2,600,all-mpnet-base-v2,B1w_vs_B1,B1w_SigmaW_wh,B1_raw,0.9998,0.9859,0.013900000000000023,8.858265351796568e-05
HarmBench_BB_Mixed,3,600,all-mpnet-base-v2,B1b_vs_C1b,B1b_discriminant_mean_whitened,C1b_logreg_whitened,0.9990625,0.99905,1.2499999999970868e-05,0.8938836497916984
HarmBench_BB_Mixed,3,600,all-mpnet-base-v2,B1_vs_A1,B1_discriminant_mean_raw,A1_naive_cosine_raw,0.9878625,0.983825,0.004037500000000027,0.12156343051724616
HarmBench_BB_Mixed,3,600,all-mpnet-base-v2,B1_vs_C1,B1_discriminant_mean_raw,C1_logreg_raw,0.9878625,0.9984,-0.010537499999999977,9.159846828121765e-05
HarmBench_BB_Mixed,3,600,all-mpnet-base-v2,A3_vs_A1,A3_rsfi_svd_whitened_k20,A1_naive_cosine_raw,0.954575,0.983825,-0.029249999999999998,0.0005499616056614531
HarmBench_BB_Mixed,3,600,all-mpnet-base-v2,B1b_vs_B1,B1b_discriminant_mean_whitened,B1_discriminant_mean_raw,0.9990625,0.9878625,0.011199999999999988,0.00021606533076545809
HarmBench_BB_Mixed,3,600,all-mpnet-base-v2,B1b_vs_A1b,B1b_discriminant_mean_whitened,A1b_cosine_whitened,0.9990625,0.999175,-0.00011250000000007088,0.39472054744373275
HarmBench_BB_Mixed,3,600,all-mpnet-base-v2,B1w_vs_B1b,B1w_SigmaW_wh,B1b_SigmaT_wh,0.9993125,0.9990625,0.0002500000000000835,0.08577509163008523
HarmBench_BB_Mixed,3,600,all-mpnet-base-v2,B1b_vs_B1,B1b_SigmaT_wh,B1_raw,0.9990625,0.9878625,0.011199999999999988,0.00021606533076545809
HarmBench_BB_Mixed,3,600,all-mpnet-base-v2,B1w_vs_B1,B1w_SigmaW_wh,B1_raw,0.9993125,0.9878625,0.011450000000000071,0.0001762023658449241
HarmBench_BB_Mixed,4,600,all-mpnet-base-v2,B1b_vs_C1b,B1b_discriminant_mean_whitened,C1b_logreg_whitened,0.9996875,0.999525,0.00016249999999995435,0.17802330555574963
HarmBench_BB_Mixed,4,600,all-mpnet-base-v2,B1_vs_A1,B1_discriminant_mean_raw,A1_naive_cosine_raw,0.9856375,0.984325,0.0013125000000000497,0.6171474666789183
HarmBench_BB_Mixed,4,600,all-mpnet-base-v2,B1_vs_C1,B1_discriminant_mean_raw,C1_logreg_raw,0.9856375,0.998625,-0.01298749999999993,3.0504921399332474e-05
HarmBench_BB_Mixed,4,600,all-mpnet-base-v2,A3_vs_A1,A3_rsfi_svd_whitened_k20,A1_naive_cosine_raw,0.962175,0.984325,-0.022150000000000003,0.0003068900763893989
HarmBench_BB_Mixed,4,600,all-mpnet-base-v2,B1b_vs_B1,B1b_discriminant_mean_whitened,B1_discriminant_mean_raw,0.9996875,0.9856375,0.014049999999999896,5.903176269850263e-05
HarmBench_BB_Mixed,4,600,all-mpnet-base-v2,B1b_vs_A1b,B1b_discriminant_mean_whitened,A1b_cosine_whitened,0.9996875,0.9996125,7.499999999993623e-05,0.34214500992827124
HarmBench_BB_Mixed,4,600,all-mpnet-base-v2,B1w_vs_B1b,B1w_SigmaW_wh,B1b_SigmaT_wh,0.9996875000000001,0.9996875,1.1102230246251565e-16,0.9999999999984919
HarmBench_BB_Mixed,4,600,all-mpnet-base-v2,B1b_vs_B1,B1b_SigmaT_wh,B1_raw,0.9996875,0.9856375,0.014049999999999896,5.903176269850263e-05
HarmBench_BB_Mixed,4,600,all-mpnet-base-v2,B1w_vs_B1,B1w_SigmaW_wh,B1_raw,0.9996875000000001,0.9856375,0.014050000000000007,5.71198659322647e-05
HarmBench_BB_Mixed,0,600,bge-base-en-v1.5,B1b_vs_C1b,B1b_discriminant_mean_whitened,C1b_logreg_whitened,0.998275,0.9983125,-3.7500000000023626e-05,0.7790272469282904
HarmBench_BB_Mixed,0,600,bge-base-en-v1.5,B1_vs_A1,B1_discriminant_mean_raw,A1_naive_cosine_raw,0.9764625,0.9537874999999999,0.02267500000000011,0.015306399740055099
HarmBench_BB_Mixed,0,600,bge-base-en-v1.5,B1_vs_C1,B1_discriminant_mean_raw,C1_logreg_raw,0.9764625,0.9967874999999999,-0.020324999999999926,1.2442096410936188e-06
HarmBench_BB_Mixed,0,600,bge-base-en-v1.5,A3_vs_A1,A3_rsfi_svd_whitened_k20,A1_naive_cosine_raw,0.926575,0.9537874999999999,-0.027212499999999862,0.035697558335811896
HarmBench_BB_Mixed,0,600,bge-base-en-v1.5,B1b_vs_B1,B1b_discriminant_mean_whitened,B1_discriminant_mean_raw,0.998275,0.9764625,0.021812500000000012,4.477243813916232e-06
HarmBench_BB_Mixed,0,600,bge-base-en-v1.5,B1b_vs_A1b,B1b_discriminant_mean_whitened,A1b_cosine_whitened,0.998275,0.998,0.0002750000000000252,0.16682937147565924
HarmBench_BB_Mixed,0,600,bge-base-en-v1.5,B1w_vs_B1b,B1w_SigmaW_wh,B1b_SigmaT_wh,0.9990249999999999,0.998275,0.0007499999999999174,0.04522527526371145
HarmBench_BB_Mixed,0,600,bge-base-en-v1.5,B1b_vs_B1,B1b_SigmaT_wh,B1_raw,0.998275,0.9764625,0.021812500000000012,4.477243813916232e-06
HarmBench_BB_Mixed,0,600,bge-base-en-v1.5,B1w_vs_B1,B1w_SigmaW_wh,B1_raw,0.9990249999999999,0.9764625,0.02256249999999993,2.833375753574785e-06
HarmBench_BB_Mixed,1,600,bge-base-en-v1.5,B1b_vs_C1b,B1b_discriminant_mean_whitened,C1b_logreg_whitened,0.9987499999999999,0.9987125,3.74999999999126e-05,0.6586021421451749
HarmBench_BB_Mixed,1,600,bge-base-en-v1.5,B1_vs_A1,B1_discriminant_mean_raw,A1_naive_cosine_raw,0.9847,0.96365,0.021050000000000013,0.00882003109979057
HarmBench_BB_Mixed,1,600,bge-base-en-v1.5,B1_vs_C1,B1_discriminant_mean_raw,C1_logreg_raw,0.9847,0.9986,-0.013900000000000023,3.927497139666336e-05
HarmBench_BB_Mixed,1,600,bge-base-en-v1.5,A3_vs_A1,A3_rsfi_svd_whitened_k20,A1_naive_cosine_raw,0.9463125000000001,0.96365,-0.017337499999999895,0.10664203186594357
HarmBench_BB_Mixed,1,600,bge-base-en-v1.5,B1b_vs_B1,B1b_discriminant_mean_whitened,B1_discriminant_mean_raw,0.9987499999999999,0.9847,0.014049999999999896,0.0001232422634991348
HarmBench_BB_Mixed,1,600,bge-base-en-v1.5,B1b_vs_A1b,B1b_discriminant_mean_whitened,A1b_cosine_whitened,0.9987499999999999,0.9986125,0.0001374999999999016,0.21709153198859443
HarmBench_BB_Mixed,1,600,bge-base-en-v1.5,B1w_vs_B1b,B1w_SigmaW_wh,B1b_SigmaT_wh,0.99905,0.9987499999999999,0.000300000000000078,0.09966053206633507
HarmBench_BB_Mixed,1,600,bge-base-en-v1.5,B1b_vs_B1,B1b_SigmaT_wh,B1_raw,0.9987499999999999,0.9847,0.014049999999999896,0.0001232422634991348
HarmBench_BB_Mixed,1,600,bge-base-en-v1.5,B1w_vs_B1,B1w_SigmaW_wh,B1_raw,0.99905,0.9847,0.014349999999999974,9.889146233188484e-05
HarmBench_BB_Mixed,2,600,bge-base-en-v1.5,B1b_vs_C1b,B1b_discriminant_mean_whitened,C1b_logreg_whitened,0.9988374999999999,0.9987874999999999,4.999999999999449e-05,0.677039554036446
HarmBench_BB_Mixed,2,600,bge-base-en-v1.5,B1_vs_A1,B1_discriminant_mean_raw,A1_naive_cosine_raw,0.9767625,0.950425,0.026337500000000014,0.0021350194862779226
HarmBench_BB_Mixed,2,600,bge-base-en-v1.5,B1_vs_C1,B1_discriminant_mean_raw,C1_logreg_raw,0.9767625,0.9964500000000001,-0.01968750000000008,4.615021256260121e-07
HarmBench_BB_Mixed,2,600,bge-base-en-v1.5,A3_vs_A1,A3_rsfi_svd_whitened_k20,A1_naive_cosine_raw,0.9000625,0.950425,-0.05036249999999998,0.000409433244804136
HarmBench_BB_Mixed,2,600,bge-base-en-v1.5,B1b_vs_B1,B1b_discriminant_mean_whitened,B1_discriminant_mean_raw,0.9988374999999999,0.9767625,0.022074999999999956,1.9164571405383413e-06
HarmBench_BB_Mixed,2,600,bge-base-en-v1.5,B1b_vs_A1b,B1b_discriminant_mean_whitened,A1b_cosine_whitened,0.9988374999999999,0.9987125,0.00012499999999993072,0.30644548770527047
HarmBench_BB_Mixed,2,600,bge-base-en-v1.5,B1w_vs_B1b,B1w_SigmaW_wh,B1b_SigmaT_wh,0.999225,0.9988374999999999,0.0003875000000000961,0.07431523704783416
HarmBench_BB_Mixed,2,600,bge-base-en-v1.5,B1b_vs_B1,B1b_SigmaT_wh,B1_raw,0.9988374999999999,0.9767625,0.022074999999999956,1.9164571405383413e-06
HarmBench_BB_Mixed,2,600,bge-base-en-v1.5,B1w_vs_B1,B1w_SigmaW_wh,B1_raw,0.999225,0.9767625,0.022462500000000052,1.4680365039154708e-06
HarmBench_BB_Mixed,3,600,bge-base-en-v1.5,B1b_vs_C1b,B1b_discriminant_mean_whitened,C1b_logreg_whitened,0.9991625,0.9991375,2.4999999999941735e-05,0.7460399854482436
HarmBench_BB_Mixed,3,600,bge-base-en-v1.5,B1_vs_A1,B1_discriminant_mean_raw,A1_naive_cosine_raw,0.9864375,0.9624875,0.023949999999999916,0.0021146503081845847
HarmBench_BB_Mixed,3,600,bge-base-en-v1.5,B1_vs_C1,B1_discriminant_mean_raw,C1_logreg_raw,0.9864375,0.9978875,-0.011450000000000071,5.6050558046472077e-05
HarmBench_BB_Mixed,3,600,bge-base-en-v1.5,A3_vs_A1,A3_rsfi_svd_whitened_k20,A1_naive_cosine_raw,0.9468624999999999,0.9624875,-0.01562500000000011,0.11901721015191313
HarmBench_BB_Mixed,3,600,bge-base-en-v1.5,B1b_vs_B1,B1b_discriminant_mean_whitened,B1_discriminant_mean_raw,0.9991625,0.9864375,0.012724999999999986,0.0001374166700227608
HarmBench_BB_Mixed,3,600,bge-base-en-v1.5,B1b_vs_A1b,B1b_discriminant_mean_whitened,A1b_cosine_whitened,0.9991625,0.9991125,4.999999999999449e-05,0.605817546032293
HarmBench_BB_Mixed,3,600,bge-base-en-v1.5,B1w_vs_B1b,B1w_SigmaW_wh,B1b_SigmaT_wh,0.999425,0.9991625,0.00026250000000005436,0.05633957797717137
HarmBench_BB_Mixed,3,600,bge-base-en-v1.5,B1b_vs_B1,B1b_SigmaT_wh,B1_raw,0.9991625,0.9864375,0.012724999999999986,0.0001374166700227608
HarmBench_BB_Mixed,3,600,bge-base-en-v1.5,B1w_vs_B1,B1w_SigmaW_wh,B1_raw,0.999425,0.9864375,0.01298750000000004,0.00010276790909680145
HarmBench_BB_Mixed,4,600,bge-base-en-v1.5,B1b_vs_C1b,B1b_discriminant_mean_whitened,C1b_logreg_whitened,0.9989,0.9989125,-1.2499999999970868e-05,0.9273915819908061
HarmBench_BB_Mixed,4,600,bge-base-en-v1.5,B1_vs_A1,B1_discriminant_mean_raw,A1_naive_cosine_raw,0.9791375,0.9578875000000001,0.02124999999999988,0.0067160986221666
HarmBench_BB_Mixed,4,600,bge-base-en-v1.5,B1_vs_C1,B1_discriminant_mean_raw,C1_logreg_raw,0.9791375,0.9972624999999999,-0.018124999999999947,1.75042686123561e-06
HarmBench_BB_Mixed,4,600,bge-base-en-v1.5,A3_vs_A1,A3_rsfi_svd_whitened_k20,A1_naive_cosine_raw,0.9134875,0.9578875000000001,-0.044400000000000106,8.801964822291453e-05
HarmBench_BB_Mixed,4,600,bge-base-en-v1.5,B1b_vs_B1,B1b_discriminant_mean_whitened,B1_discriminant_mean_raw,0.9989,0.9791375,0.019762500000000016,5.88822643465825e-06
HarmBench_BB_Mixed,4,600,bge-base-en-v1.5,B1b_vs_A1b,B1b_discriminant_mean_whitened,A1b_cosine_whitened,0.9989,0.998575,0.0003250000000000197,0.11339600781197756
HarmBench_BB_Mixed,4,600,bge-base-en-v1.5,B1w_vs_B1b,B1w_SigmaW_wh,B1b_SigmaT_wh,0.999175,0.9989,0.0002750000000000252,0.16178031308137708
HarmBench_BB_Mixed,4,600,bge-base-en-v1.5,B1b_vs_B1,B1b_SigmaT_wh,B1_raw,0.9989,0.9791375,0.019762500000000016,5.88822643465825e-06
HarmBench_BB_Mixed,4,600,bge-base-en-v1.5,B1w_vs_B1,B1w_SigmaW_wh,B1_raw,0.999175,0.9791375,0.02003750000000004,4.957297015772966e-06
HarmBench_BB_Mixed,0,600,bge-large-en-v1.5,B1b_vs_C1b,B1b_discriminant_mean_whitened,C1b_logreg_whitened,0.9995875,0.9996125,-2.5000000000052758e-05,0.316397600894194
HarmBench_BB_Mixed,0,600,bge-large-en-v1.5,B1_vs_A1,B1_discriminant_mean_raw,A1_naive_cosine_raw,0.9871125,0.9760249999999999,0.011087500000000028,0.01212257890500168
HarmBench_BB_Mixed,0,600,bge-large-en-v1.5,B1_vs_C1,B1_discriminant_mean_raw,C1_logreg_raw,0.9871125,0.997075,-0.009962500000000096,8.250427831302254e-05
HarmBench_BB_Mixed,0,600,bge-large-en-v1.5,A3_vs_A1,A3_rsfi_svd_whitened_k20,A1_naive_cosine_raw,0.9331,0.9760249999999999,-0.04292499999999988,3.563868513190016e-06
HarmBench_BB_Mixed,0,600,bge-large-en-v1.5,B1b_vs_B1,B1b_discriminant_mean_whitened,B1_discriminant_mean_raw,0.9995875,0.9871125,0.012475000000000014,0.00031943686279478634
HarmBench_BB_Mixed,0,600,bge-large-en-v1.5,B1b_vs_A1b,B1b_discriminant_mean_whitened,A1b_cosine_whitened,0.9995875,0.9994625,0.00012499999999993072,0.2563214123703368
HarmBench_BB_Mixed,0,600,bge-large-en-v1.5,B1w_vs_B1b,B1w_SigmaW_wh,B1b_SigmaT_wh,0.999725,0.9995875,0.0001375000000000126,0.3812861845387485
HarmBench_BB_Mixed,0,600,bge-large-en-v1.5,B1b_vs_B1,B1b_SigmaT_wh,B1_raw,0.9995875,0.9871125,0.012475000000000014,0.00031943686279478634
HarmBench_BB_Mixed,0,600,bge-large-en-v1.5,B1w_vs_B1,B1w_SigmaW_wh,B1_raw,0.999725,0.9871125,0.012612500000000026,0.000261276988843262
HarmBench_BB_Mixed,1,600,bge-large-en-v1.5,B1b_vs_C1b,B1b_discriminant_mean_whitened,C1b_logreg_whitened,0.9997625,0.9997625,0.0,1.0
HarmBench_BB_Mixed,1,600,bge-large-en-v1.5,B1_vs_A1,B1_discriminant_mean_raw,A1_naive_cosine_raw,0.9924249999999999,0.9813875,0.011037499999999922,0.0015596953201277852
HarmBench_BB_Mixed,1,600,bge-large-en-v1.5,B1_vs_C1,B1_discriminant_mean_raw,C1_logreg_raw,0.9924249999999999,0.99905,-0.006625000000000103,0.00040613180786741587
HarmBench_BB_Mixed,1,600,bge-large-en-v1.5,A3_vs_A1,A3_rsfi_svd_whitened_k20,A1_naive_cosine_raw,0.9454374999999999,0.9813875,-0.03595000000000004,5.2942481764572946e-05
HarmBench_BB_Mixed,1,600,bge-large-en-v1.5,B1b_vs_B1,B1b_discriminant_mean_whitened,B1_discriminant_mean_raw,0.9997625,0.9924249999999999,0.007337500000000108,0.0011375224337906165
HarmBench_BB_Mixed,1,600,bge-large-en-v1.5,B1b_vs_A1b,B1b_discriminant_mean_whitened,A1b_cosine_whitened,0.9997625,0.9996375,0.00012500000000004174,0.3063052727570592
HarmBench_BB_Mixed,1,600,bge-large-en-v1.5,B1w_vs_B1b,B1w_SigmaW_wh,B1b_SigmaT_wh,0.99985,0.9997625,8.750000000001812e-05,0.24176282963315332
HarmBench_BB_Mixed,1,600,bge-large-en-v1.5,B1b_vs_B1,B1b_SigmaT_wh,B1_raw,0.9997625,0.9924249999999999,0.007337500000000108,0.0011375224337906165
HarmBench_BB_Mixed,1,600,bge-large-en-v1.5,B1w_vs_B1,B1w_SigmaW_wh,B1_raw,0.99985,0.9924249999999999,0.007425000000000126,0.0010349201351063098
HarmBench_BB_Mixed,2,600,bge-large-en-v1.5,B1b_vs_C1b,B1b_discriminant_mean_whitened,C1b_logreg_whitened,0.9995875,0.9995749999999999,1.250000000008189e-05,0.7521903648762955
HarmBench_BB_Mixed,2,600,bge-large-en-v1.5,B1_vs_A1,B1_discriminant_mean_raw,A1_naive_cosine_raw,0.9857625,0.9705874999999999,0.01517500000000005,0.0022576223986410238
HarmBench_BB_Mixed,2,600,bge-large-en-v1.5,B1_vs_C1,B1_discriminant_mean_raw,C1_logreg_raw,0.9857625,0.9970249999999999,-0.011262499999999953,3.112119164061511e-05
HarmBench_BB_Mixed,2,600,bge-large-en-v1.5,A3_vs_A1,A3_rsfi_svd_whitened_k20,A1_naive_cosine_raw,0.8976875,0.9705874999999999,-0.07289999999999996,2.778991792240504e-08
HarmBench_BB_Mixed,2,600,bge-large-en-v1.5,B1b_vs_B1,B1b_discriminant_mean_whitened,B1_discriminant_mean_raw,0.9995875,0.9857625,0.013824999999999976,0.00014292260375170507
HarmBench_BB_Mixed,2,600,bge-large-en-v1.5,B1b_vs_A1b,B1b_discriminant_mean_whitened,A1b_cosine_whitened,0.9995875,0.9995,8.74999999999071e-05,0.3010236962437769
HarmBench_BB_Mixed,2,600,bge-large-en-v1.5,B1w_vs_B1b,B1w_SigmaW_wh,B1b_SigmaT_wh,0.9998124999999999,0.9995875,0.0002249999999999197,0.18501546947491887
HarmBench_BB_Mixed,2,600,bge-large-en-v1.5,B1b_vs_B1,B1b_SigmaT_wh,B1_raw,0.9995875,0.9857625,0.013824999999999976,0.00014292260375170507
HarmBench_BB_Mixed,2,600,bge-large-en-v1.5,B1w_vs_B1,B1w_SigmaW_wh,B1_raw,0.9998124999999999,0.9857625,0.014049999999999896,0.00011412304033231457
HarmBench_BB_Mixed,3,600,bge-large-en-v1.5,B1b_vs_C1b,B1b_discriminant_mean_whitened,C1b_logreg_whitened,0.9995625,0.9995625,0.0,1.0
HarmBench_BB_Mixed,3,600,bge-large-en-v1.5,B1_vs_A1,B1_discriminant_mean_raw,A1_naive_cosine_raw,0.9915,0.9794749999999999,0.012025000000000174,0.000534864184307482
HarmBench_BB_Mixed,3,600,bge-large-en-v1.5,B1_vs_C1,B1_discriminant_mean_raw,C1_logreg_raw,0.9915,0.9985125,-0.007012499999999977,0.00014685794152669018
HarmBench_BB_Mixed,3,600,bge-large-en-v1.5,A3_vs_A1,A3_rsfi_svd_whitened_k20,A1_naive_cosine_raw,0.92785,0.9794749999999999,-0.05162499999999992,2.3479531430226075e-06
HarmBench_BB_Mixed,3,600,bge-large-en-v1.5,B1b_vs_B1,B1b_discriminant_mean_whitened,B1_discriminant_mean_raw,0.9995625,0.9915,0.008062499999999972,0.0004710891011425744
HarmBench_BB_Mixed,3,600,bge-large-en-v1.5,B1b_vs_A1b,B1b_discriminant_mean_whitened,A1b_cosine_whitened,0.9995625,0.9995375,2.5000000000052758e-05,0.7319999011100535
HarmBench_BB_Mixed,3,600,bge-large-en-v1.5,B1w_vs_B1b,B1w_SigmaW_wh,B1b_SigmaT_wh,0.9997874999999999,0.9995625,0.0002249999999999197,0.08898982404489808
HarmBench_BB_Mixed,3,600,bge-large-en-v1.5,B1b_vs_B1,B1b_SigmaT_wh,B1_raw,0.9995625,0.9915,0.008062499999999972,0.0004710891011425744
HarmBench_BB_Mixed,3,600,bge-large-en-v1.5,B1w_vs_B1,B1w_SigmaW_wh,B1_raw,0.9997874999999999,0.9915,0.008287499999999892,0.0003925753380777941
HarmBench_BB_Mixed,4,600,bge-large-en-v1.5,B1b_vs_C1b,B1b_discriminant_mean_whitened,C1b_logreg_whitened,0.9997125,0.9996125,9.999999999998899e-05,0.24655009188958843
HarmBench_BB_Mixed,4,600,bge-large-en-v1.5,B1_vs_A1,B1_discriminant_mean_raw,A1_naive_cosine_raw,0.9881875,0.9757,0.012487499999999985,0.003947464338109885
HarmBench_BB_Mixed,4,600,bge-large-en-v1.5,B1_vs_C1,B1_discriminant_mean_raw,C1_logreg_raw,0.9881875,0.99705,-0.008862499999999995,0.00016826312822826317
HarmBench_BB_Mixed,4,600,bge-large-en-v1.5,A3_vs_A1,A3_rsfi_svd_whitened_k20,A1_naive_cosine_raw,0.9166624999999999,0.9757,-0.059037500000000076,8.422198383151169e-08
HarmBench_BB_Mixed,4,600,bge-large-en-v1.5,B1b_vs_B1,B1b_discriminant_mean_whitened,B1_discriminant_mean_raw,0.9997125,0.9881875,0.011525000000000007,0.00033033506975321814
HarmBench_BB_Mixed,4,600,bge-large-en-v1.5,B1b_vs_A1b,B1b_discriminant_mean_whitened,A1b_cosine_whitened,0.9997125,0.9996375000000001,7.499999999993623e-05,0.38585377361913187
HarmBench_BB_Mixed,4,600,bge-large-en-v1.5,B1w_vs_B1b,B1w_SigmaW_wh,B1b_SigmaT_wh,0.9996375000000001,0.9997125,-7.499999999993623e-05,0.19881455966192352
HarmBench_BB_Mixed,4,600,bge-large-en-v1.5,B1b_vs_B1,B1b_SigmaT_wh,B1_raw,0.9997125,0.9881875,0.011525000000000007,0.00033033506975321814
HarmBench_BB_Mixed,4,600,bge-large-en-v1.5,B1w_vs_B1,B1w_SigmaW_wh,B1_raw,0.9996375000000001,0.9881875,0.011450000000000071,0.00033567326543226805
HarmBench_BB_Mixed,0,600,Qwen3-Embedding-8B,B1b_vs_C1b,B1b_discriminant_mean_whitened,C1b_logreg_whitened,1.0,1.0,0.0,
HarmBench_BB_Mixed,0,600,Qwen3-Embedding-8B,B1_vs_A1,B1_discriminant_mean_raw,A1_naive_cosine_raw,0.9978625000000001,0.7800875,0.21777500000000005,0.0
HarmBench_BB_Mixed,0,600,Qwen3-Embedding-8B,B1_vs_C1,B1_discriminant_mean_raw,C1_logreg_raw,0.9978625000000001,0.9999875,-0.0021249999999999325,0.013519440056465548
HarmBench_BB_Mixed,0,600,Qwen3-Embedding-8B,A3_vs_A1,A3_rsfi_svd_whitened_k20,A1_naive_cosine_raw,0.948975,0.7800875,0.16888749999999997,1.3788969965844444e-13
HarmBench_BB_Mixed,0,600,Qwen3-Embedding-8B,B1b_vs_B1,B1b_discriminant_mean_whitened,B1_discriminant_mean_raw,1.0,0.9978625000000001,0.0021374999999999034,0.013732034187993847
HarmBench_BB_Mixed,0,600,Qwen3-Embedding-8B,B1b_vs_A1b,B1b_discriminant_mean_whitened,A1b_cosine_whitened,1.0,1.0,0.0,
HarmBench_BB_Mixed,0,600,Qwen3-Embedding-8B,B1w_vs_B1b,B1w_SigmaW_wh,B1b_SigmaT_wh,1.0,1.0,0.0,
HarmBench_BB_Mixed,0,600,Qwen3-Embedding-8B,B1b_vs_B1,B1b_SigmaT_wh,B1_raw,1.0,0.9978625000000001,0.0021374999999999034,0.013732034187993847
HarmBench_BB_Mixed,0,600,Qwen3-Embedding-8B,B1w_vs_B1,B1w_SigmaW_wh,B1_raw,1.0,0.9978625000000001,0.0021374999999999034,0.013732034187993847
HarmBench_BB_Mixed,1,600,Qwen3-Embedding-8B,B1b_vs_C1b,B1b_discriminant_mean_whitened,C1b_logreg_whitened,1.0,1.0,0.0,
HarmBench_BB_Mixed,1,600,Qwen3-Embedding-8B,B1_vs_A1,B1_discriminant_mean_raw,A1_naive_cosine_raw,0.9989874999999999,0.7820499999999999,0.2169375,0.0
HarmBench_BB_Mixed,1,600,Qwen3-Embedding-8B,B1_vs_C1,B1_discriminant_mean_raw,C1_logreg_raw,0.9989874999999999,1.0,-0.0010125000000000828,0.07265644160563633
HarmBench_BB_Mixed,1,600,Qwen3-Embedding-8B,A3_vs_A1,A3_rsfi_svd_whitened_k20,A1_naive_cosine_raw,0.9332624999999999,0.7820499999999999,0.15121249999999997,2.251474562342537e-10
HarmBench_BB_Mixed,1,600,Qwen3-Embedding-8B,B1b_vs_B1,B1b_discriminant_mean_whitened,B1_discriminant_mean_raw,1.0,0.9989874999999999,0.0010125000000000828,0.07265644160563633
HarmBench_BB_Mixed,1,600,Qwen3-Embedding-8B,B1b_vs_A1b,B1b_discriminant_mean_whitened,A1b_cosine_whitened,1.0,1.0,0.0,
HarmBench_BB_Mixed,1,600,Qwen3-Embedding-8B,B1w_vs_B1b,B1w_SigmaW_wh,B1b_SigmaT_wh,1.0,1.0,0.0,
HarmBench_BB_Mixed,1,600,Qwen3-Embedding-8B,B1b_vs_B1,B1b_SigmaT_wh,B1_raw,1.0,0.9989874999999999,0.0010125000000000828,0.07265644160563633
HarmBench_BB_Mixed,1,600,Qwen3-Embedding-8B,B1w_vs_B1,B1w_SigmaW_wh,B1_raw,1.0,0.9989874999999999,0.0010125000000000828,0.07265644160563633
HarmBench_BB_Mixed,2,600,Qwen3-Embedding-8B,B1b_vs_C1b,B1b_discriminant_mean_whitened,C1b_logreg_whitened,1.0,1.0,0.0,
HarmBench_BB_Mixed,2,600,Qwen3-Embedding-8B,B1_vs_A1,B1_discriminant_mean_raw,A1_naive_cosine_raw,0.9980375,0.7759499999999999,0.2220875000000001,0.0
HarmBench_BB_Mixed,2,600,Qwen3-Embedding-8B,B1_vs_C1,B1_discriminant_mean_raw,C1_logreg_raw,0.9980375,1.0,-0.001962499999999978,0.0348306969481853
HarmBench_BB_Mixed,2,600,Qwen3-Embedding-8B,A3_vs_A1,A3_rsfi_svd_whitened_k20,A1_naive_cosine_raw,0.9189124999999999,0.7759499999999999,0.1429625,1.482393541252236e-09
HarmBench_BB_Mixed,2,600,Qwen3-Embedding-8B,B1b_vs_B1,B1b_discriminant_mean_whitened,B1_discriminant_mean_raw,1.0,0.9980375,0.001962499999999978,0.0348306969481853
HarmBench_BB_Mixed,2,600,Qwen3-Embedding-8B,B1b_vs_A1b,B1b_discriminant_mean_whitened,A1b_cosine_whitened,1.0,1.0,0.0,
HarmBench_BB_Mixed,2,600,Qwen3-Embedding-8B,B1w_vs_B1b,B1w_SigmaW_wh,B1b_SigmaT_wh,1.0,1.0,0.0,
HarmBench_BB_Mixed,2,600,Qwen3-Embedding-8B,B1b_vs_B1,B1b_SigmaT_wh,B1_raw,1.0,0.9980375,0.001962499999999978,0.0348306969481853
HarmBench_BB_Mixed,2,600,Qwen3-Embedding-8B,B1w_vs_B1,B1w_SigmaW_wh,B1_raw,1.0,0.9980375,0.001962499999999978,0.0348306969481853
HarmBench_BB_Mixed,3,600,Qwen3-Embedding-8B,B1b_vs_C1b,B1b_discriminant_mean_whitened,C1b_logreg_whitened,1.0,1.0,0.0,
HarmBench_BB_Mixed,3,600,Qwen3-Embedding-8B,B1_vs_A1,B1_discriminant_mean_raw,A1_naive_cosine_raw,0.9988999999999999,0.7421249999999999,0.256775,0.0
HarmBench_BB_Mixed,3,600,Qwen3-Embedding-8B,B1_vs_C1,B1_discriminant_mean_raw,C1_logreg_raw,0.9988999999999999,1.0,-0.001100000000000101,0.03438439370049129
HarmBench_BB_Mixed,3,600,Qwen3-Embedding-8B,A3_vs_A1,A3_rsfi_svd_whitened_k20,A1_naive_cosine_raw,0.9246125000000001,0.7421249999999999,0.18248750000000014,4.82280881897168e-13
HarmBench_BB_Mixed,3,600,Qwen3-Embedding-8B,B1b_vs_B1,B1b_discriminant_mean_whitened,B1_discriminant_mean_raw,1.0,0.9988999999999999,0.001100000000000101,0.03438439370049129
HarmBench_BB_Mixed,3,600,Qwen3-Embedding-8B,B1b_vs_A1b,B1b_discriminant_mean_whitened,A1b_cosine_whitened,1.0,1.0,0.0,
HarmBench_BB_Mixed,3,600,Qwen3-Embedding-8B,B1w_vs_B1b,B1w_SigmaW_wh,B1b_SigmaT_wh,1.0,1.0,0.0,
HarmBench_BB_Mixed,3,600,Qwen3-Embedding-8B,B1b_vs_B1,B1b_SigmaT_wh,B1_raw,1.0,0.9988999999999999,0.001100000000000101,0.03438439370049129
HarmBench_BB_Mixed,3,600,Qwen3-Embedding-8B,B1w_vs_B1,B1w_SigmaW_wh,B1_raw,1.0,0.9988999999999999,0.001100000000000101,0.03438439370049129
HarmBench_BB_Mixed,4,600,Qwen3-Embedding-8B,B1b_vs_C1b,B1b_discriminant_mean_whitened,C1b_logreg_whitened,1.0,1.0,0.0,
HarmBench_BB_Mixed,4,600,Qwen3-Embedding-8B,B1_vs_A1,B1_discriminant_mean_raw,A1_naive_cosine_raw,0.9986625,0.7466125,0.25205,0.0
HarmBench_BB_Mixed,4,600,Qwen3-Embedding-8B,B1_vs_C1,B1_discriminant_mean_raw,C1_logreg_raw,0.9986625,0.9999875,-0.0013250000000000206,0.04226724896699019
HarmBench_BB_Mixed,4,600,Qwen3-Embedding-8B,A3_vs_A1,A3_rsfi_svd_whitened_k20,A1_naive_cosine_raw,0.944175,0.7466125,0.19756249999999997,8.881784197001252e-16
HarmBench_BB_Mixed,4,600,Qwen3-Embedding-8B,B1b_vs_B1,B1b_discriminant_mean_whitened,B1_discriminant_mean_raw,1.0,0.9986625,0.0013374999999999915,0.0436473797491177
HarmBench_BB_Mixed,4,600,Qwen3-Embedding-8B,B1b_vs_A1b,B1b_discriminant_mean_whitened,A1b_cosine_whitened,1.0,0.9999750000000001,2.4999999999941735e-05,0.4138248421829793
HarmBench_BB_Mixed,4,600,Qwen3-Embedding-8B,B1w_vs_B1b,B1w_SigmaW_wh,B1b_SigmaT_wh,1.0,1.0,0.0,
HarmBench_BB_Mixed,4,600,Qwen3-Embedding-8B,B1b_vs_B1,B1b_SigmaT_wh,B1_raw,1.0,0.9986625,0.0013374999999999915,0.0436473797491177
HarmBench_BB_Mixed,4,600,Qwen3-Embedding-8B,B1w_vs_B1,B1w_SigmaW_wh,B1_raw,1.0,0.9986625,0.0013374999999999915,0.0436473797491177
