seed,method,roc_auc,n_test,k
0,A1_naive_cosine_raw,0.9112528273435536,4682,
0,A1b_cosine_whitened400,0.9602770313375995,4682,
0,A2_rsfi_svd_raw_k1,0.9048296827575542,4682,1.0
0,A2_rsfi_svd_raw_k2,0.898800433042705,4682,2.0
0,A2_rsfi_svd_raw_k5,0.926439528679413,4682,5.0
0,A2_rsfi_svd_raw_k10,0.9319794304715139,4682,10.0
0,A2_rsfi_svd_raw_k20,0.9295556479208151,4682,20.0
0,A2_rsfi_svd_raw_k50,0.9302056952848607,4682,50.0
0,A2_rsfi_svd_raw_k100,0.9318392715603069,4682,100.0
0,A2_rsfi_svd_raw_k200,0.9291677943820441,4682,200.0
0,A3_rsfi_svd_whitened400_k1,0.6172489705569625,4682,1.0
0,A3_rsfi_svd_whitened400_k2,0.6597992827730199,4682,2.0
0,A3_rsfi_svd_whitened400_k5,0.7558045121503276,4682,5.0
0,A3_rsfi_svd_whitened400_k10,0.8290629168519342,4682,10.0
0,A3_rsfi_svd_whitened400_k20,0.8885362093297505,4682,20.0
0,A3_rsfi_svd_whitened400_k50,0.914194956212423,4682,50.0
0,A3_rsfi_svd_whitened400_k100,0.9148498366423724,4682,100.0
0,A3_rsfi_svd_whitened400_k200,0.9032504784735245,4682,200.0
0,B1_discriminant_mean_raw,0.9446106482107991,4682,
0,B1b_discriminant_mean_whitened,0.960867873644325,4682,
0,B2_contrastive_svd_raw_k1,0.8768716047712026,4682,1.0
0,B2_contrastive_svd_raw_k2,0.8709027683801497,4682,2.0
0,B2_contrastive_svd_raw_k5,0.9350121793260773,4682,5.0
0,B2_contrastive_svd_raw_k10,0.9462985964776616,4682,10.0
0,B2_contrastive_svd_raw_k20,0.944903048697972,4682,20.0
0,B2_contrastive_svd_raw_k50,0.9419053395712103,4682,50.0
0,B2_contrastive_svd_raw_k100,0.9418497593133179,4682,100.0
0,B2_contrastive_svd_raw_k200,0.9300135809151893,4682,200.0
0,B2b_contrastive_svd_whitened_k1,0.7280808378603051,4682,1.0
0,B2b_contrastive_svd_whitened_k2,0.9460569431824772,4682,2.0
0,B2b_contrastive_svd_whitened_k5,0.9343283005007056,4682,5.0
0,B2b_contrastive_svd_whitened_k10,0.9225622015581804,4682,10.0
0,B2b_contrastive_svd_whitened_k20,0.92707145204632,4682,20.0
0,B2b_contrastive_svd_whitened_k50,0.9266268099831809,4682,50.0
0,B2b_contrastive_svd_whitened_k100,0.9237245539080171,4682,100.0
0,B2b_contrastive_svd_whitened_k200,0.9127220793782743,4682,200.0
0,C1_logreg_raw,0.9624482861948305,4682,
0,C1b_logreg_whitened,0.9582108956637734,4682,
1,A1_naive_cosine_raw,0.9106317783749298,4682,
1,A1b_cosine_whitened400,0.9667303825854971,4682,
1,A2_rsfi_svd_raw_k1,0.9024904788601698,4682,1.0
1,A2_rsfi_svd_raw_k2,0.8949400216521353,4682,2.0
1,A2_rsfi_svd_raw_k5,0.9403817155450732,4682,5.0
1,A2_rsfi_svd_raw_k10,0.9357637210741007,4682,10.0
1,A2_rsfi_svd_raw_k20,0.9388000947280917,4682,20.0
1,A2_rsfi_svd_raw_k50,0.9385934811607091,4682,50.0
1,A2_rsfi_svd_raw_k100,0.9349831809306551,4682,100.0
1,A2_rsfi_svd_raw_k200,0.9340093181510623,4682,200.0
1,A3_rsfi_svd_whitened400_k1,0.5333336555377269,4682,1.0
1,A3_rsfi_svd_whitened400_k2,0.6112450944381077,4682,2.0
1,A3_rsfi_svd_whitened400_k5,0.7329948576178784,4682,5.0
1,A3_rsfi_svd_whitened400_k10,0.7649788795020009,4682,10.0
1,A3_rsfi_svd_whitened400_k20,0.855115558605757,4682,20.0
1,A3_rsfi_svd_whitened400_k50,0.9095358806812689,4682,50.0
1,A3_rsfi_svd_whitened400_k100,0.9139351789200998,4682,100.0
1,A3_rsfi_svd_whitened400_k200,0.9014308291607864,4682,200.0
1,B1_discriminant_mean_raw,0.9490232373808649,4682,
1,B1b_discriminant_mean_whitened,0.9647766156939317,4682,
1,B2_contrastive_svd_raw_k1,0.8879320760917896,4682,1.0
1,B2_contrastive_svd_raw_k2,0.8773114137684381,4682,2.0
1,B2_contrastive_svd_raw_k5,0.9520825680978985,4682,5.0
1,B2_contrastive_svd_raw_k10,0.950488864616158,4682,10.0
1,B2_contrastive_svd_raw_k20,0.9487876254180603,4682,20.0
1,B2_contrastive_svd_raw_k50,0.9522855568658534,4682,50.0
1,B2_contrastive_svd_raw_k100,0.9490208208479131,4682,100.0
1,B2_contrastive_svd_raw_k200,0.9387100788756356,4682,200.0
1,B2b_contrastive_svd_whitened_k1,0.9467492798731804,4682,1.0
1,B2b_contrastive_svd_whitened_k2,0.9434060065343051,4682,2.0
1,B2b_contrastive_svd_whitened_k5,0.9303241053995012,4682,5.0
1,B2b_contrastive_svd_whitened_k10,0.9037784909235022,4682,10.0
1,B2b_contrastive_svd_whitened_k20,0.9133044638196687,4682,20.0
1,B2b_contrastive_svd_whitened_k50,0.9245818189726834,4682,50.0
1,B2b_contrastive_svd_whitened_k100,0.927781912734162,4682,100.0
1,B2b_contrastive_svd_whitened_k200,0.9129407756104162,4682,200.0
1,C1_logreg_raw,0.9708227811394436,4682,
1,C1b_logreg_whitened,0.9604957275697411,4682,
2,A1_naive_cosine_raw,0.9230068436213196,4682,
2,A1b_cosine_whitened400,0.9577747114659656,4682,
2,A2_rsfi_svd_raw_k1,0.9147664662555338,4682,1.0
2,A2_rsfi_svd_raw_k2,0.9101539089837029,4682,2.0
2,A2_rsfi_svd_raw_k5,0.9429565314052621,4682,5.0
2,A2_rsfi_svd_raw_k10,0.9443412047866684,4682,10.0
2,A2_rsfi_svd_raw_k20,0.9452341137123746,4682,20.0
2,A2_rsfi_svd_raw_k50,0.9459796141280182,4682,50.0
2,A2_rsfi_svd_raw_k100,0.9459784058615422,4682,100.0
2,A2_rsfi_svd_raw_k200,0.9417627641270516,4682,200.0
2,A3_rsfi_svd_whitened400_k1,0.6259194907881764,4682,1.0
2,A3_rsfi_svd_whitened400_k2,0.6864560577648036,4682,2.0
2,A3_rsfi_svd_whitened400_k5,0.74219339029907,4682,5.0
2,A3_rsfi_svd_whitened400_k10,0.8173777717632957,4682,10.0
2,A3_rsfi_svd_whitened400_k20,0.8907727105766814,4682,20.0
2,A3_rsfi_svd_whitened400_k50,0.9173074506543972,4682,50.0
2,A3_rsfi_svd_whitened400_k100,0.9299918321186228,4682,100.0
2,A3_rsfi_svd_whitened400_k200,0.9111283758965337,4682,200.0
2,B1_discriminant_mean_raw,0.9554173835714423,4682,
2,B1b_discriminant_mean_whitened,0.9593418330852359,4682,
2,B2_contrastive_svd_raw_k1,0.9175092311558761,4682,1.0
2,B2_contrastive_svd_raw_k2,0.9046387766543585,4682,2.0
2,B2_contrastive_svd_raw_k5,0.9527749047886016,4682,5.0
2,B2_contrastive_svd_raw_k10,0.9568624702766448,4682,10.0
2,B2_contrastive_svd_raw_k20,0.9571367467666789,4682,20.0
2,B2_contrastive_svd_raw_k50,0.9577602122682546,4682,50.0
2,B2_contrastive_svd_raw_k100,0.9584960465520908,4682,100.0
2,B2_contrastive_svd_raw_k200,0.9484710596013688,4682,200.0
2,B2b_contrastive_svd_whitened_k1,0.7422803854853364,4682,1.0
2,B2b_contrastive_svd_whitened_k2,0.9463940495292593,4682,2.0
2,B2b_contrastive_svd_whitened_k5,0.9266497670462234,4682,5.0
2,B2b_contrastive_svd_whitened_k10,0.9099938136756432,4682,10.0
2,B2b_contrastive_svd_whitened_k20,0.9294191138090359,4682,20.0
2,B2b_contrastive_svd_whitened_k50,0.9326427687667949,4682,50.0
2,B2b_contrastive_svd_whitened_k100,0.9390514141550835,4682,100.0
2,B2b_contrastive_svd_whitened_k200,0.9203184507123939,4682,200.0
2,C1_logreg_raw,0.9740657683608174,4682,
2,C1b_logreg_whitened,0.9565471127264292,4682,
3,A1_naive_cosine_raw,0.9123740986332091,4682,
3,A1b_cosine_whitened400,0.959419162139695,4682,
3,A2_rsfi_svd_raw_k1,0.9056960098207899,4682,1.0
3,A2_rsfi_svd_raw_k2,0.9014223712954549,4682,2.0
3,A2_rsfi_svd_raw_k5,0.9318948518181994,4682,5.0
3,A2_rsfi_svd_raw_k10,0.9296800993678349,4682,10.0
3,A2_rsfi_svd_raw_k20,0.9319045179500068,4682,20.0
3,A2_rsfi_svd_raw_k50,0.9307820383938756,4682,50.0
3,A2_rsfi_svd_raw_k100,0.9327321804860129,4682,100.0
3,A2_rsfi_svd_raw_k200,0.9299108782647361,4682,200.0
3,A3_rsfi_svd_whitened400_k1,0.5751710905329905,4682,1.0
3,A3_rsfi_svd_whitened400_k2,0.6148831847971079,4682,2.0
3,A3_rsfi_svd_whitened400_k5,0.6698750169157308,4682,5.0
3,A3_rsfi_svd_whitened400_k10,0.7827101900361514,4682,10.0
3,A3_rsfi_svd_whitened400_k20,0.879640951534015,4682,20.0
3,A3_rsfi_svd_whitened400_k50,0.9175696444796722,4682,50.0
3,A3_rsfi_svd_whitened400_k100,0.9180885949310804,4682,100.0
3,A3_rsfi_svd_whitened400_k200,0.9042944207087208,4682,200.0
3,B1_discriminant_mean_raw,0.9494618381116245,4682,
3,B1b_discriminant_mean_whitened,0.9611783981286368,4682,
3,B2_contrastive_svd_raw_k1,0.9041131807373326,4682,1.0
3,B2_contrastive_svd_raw_k2,0.9009825622982195,4682,2.0
3,B2_contrastive_svd_raw_k5,0.94888549500261,4682,5.0
3,B2_contrastive_svd_raw_k10,0.9493700098594545,4682,10.0
3,B2_contrastive_svd_raw_k20,0.9522481006050998,4682,20.0
3,B2_contrastive_svd_raw_k50,0.9482946526958841,4682,50.0
3,B2_contrastive_svd_raw_k100,0.9482759245655075,4682,100.0
3,B2_contrastive_svd_raw_k200,0.9364367255011888,4682,200.0
3,B2b_contrastive_svd_whitened_k1,0.7142328957797669,4682,1.0
3,B2b_contrastive_svd_whitened_k2,0.8686505596690317,4682,2.0
3,B2b_contrastive_svd_whitened_k5,0.9412389806097397,4682,5.0
3,B2b_contrastive_svd_whitened_k10,0.9175068146229242,4682,10.0
3,B2b_contrastive_svd_whitened_k20,0.9159711079320277,4682,20.0
3,B2b_contrastive_svd_whitened_k50,0.9316725307866298,4682,50.0
3,B2b_contrastive_svd_whitened_k100,0.9270521197827054,4682,100.0
3,B2b_contrastive_svd_whitened_k200,0.9139533029172386,4682,200.0
3,C1_logreg_raw,0.9657951843331336,4682,
3,C1b_logreg_whitened,0.9575741392309625,4682,
4,A1_naive_cosine_raw,0.9217067488932279,4682,
4,A1b_cosine_whitened400,0.9622779206217256,4682,
4,A2_rsfi_svd_raw_k1,0.9132198851663542,4682,1.0
4,A2_rsfi_svd_raw_k2,0.9055582674425349,4682,2.0
4,A2_rsfi_svd_raw_k5,0.9472035880681268,4682,5.0
4,A2_rsfi_svd_raw_k10,0.9476228565352717,4682,10.0
4,A2_rsfi_svd_raw_k20,0.9456243837840972,4682,20.0
4,A2_rsfi_svd_raw_k50,0.9494425058480098,4682,50.0
4,A2_rsfi_svd_raw_k100,0.9478439693003654,4682,100.0
4,A2_rsfi_svd_raw_k200,0.9432126838981577,4682,200.0
4,A3_rsfi_svd_whitened400_k1,0.6054490401531115,4682,1.0
4,A3_rsfi_svd_whitened400_k2,0.6355360836700369,4682,2.0
4,A3_rsfi_svd_whitened400_k5,0.7254576913410791,4682,5.0
4,A3_rsfi_svd_whitened400_k10,0.7859326367274344,4682,10.0
4,A3_rsfi_svd_whitened400_k20,0.8746580605873141,4682,20.0
4,A3_rsfi_svd_whitened400_k50,0.9297211804280163,4682,50.0
4,A3_rsfi_svd_whitened400_k100,0.932530399984534,4682,100.0
4,A3_rsfi_svd_whitened400_k200,0.9089849111682486,4682,200.0
4,B1_discriminant_mean_raw,0.955929688557233,4682,
4,B1b_discriminant_mean_whitened,0.9621111798480484,4682,
4,B2_contrastive_svd_raw_k1,0.8909805324105399,4682,1.0
4,B2_contrastive_svd_raw_k2,0.8808190113480387,4682,2.0
4,B2_contrastive_svd_raw_k5,0.9553920099754482,4682,5.0
4,B2_contrastive_svd_raw_k10,0.961270226380807,4682,10.0
4,B2_contrastive_svd_raw_k20,0.9571693699615288,4682,20.0
4,B2_contrastive_svd_raw_k50,0.9621365534440427,4682,50.0
4,B2_contrastive_svd_raw_k100,0.9578979546465095,4682,100.0
4,B2_contrastive_svd_raw_k200,0.941652207744505,4682,200.0
4,B2b_contrastive_svd_whitened_k1,0.8865474027103833,4682,1.0
4,B2b_contrastive_svd_whitened_k2,0.876635992808398,4682,2.0
4,B2b_contrastive_svd_whitened_k5,0.926272787905736,4682,5.0
4,B2b_contrastive_svd_whitened_k10,0.9181979430471513,4682,10.0
4,B2b_contrastive_svd_whitened_k20,0.925683153865486,4682,20.0
4,B2b_contrastive_svd_whitened_k50,0.942928741276316,4682,50.0
4,B2b_contrastive_svd_whitened_k100,0.9417651806600034,4682,100.0
4,B2b_contrastive_svd_whitened_k200,0.9206881802540259,4682,200.0
4,C1_logreg_raw,0.9776676107255399,4682,
4,C1b_logreg_whitened,0.957597096294005,4682,
