dataset,model,dim,seed,method,roc_auc,pr_auc,n_test
ToxicChat,Qwen3-Embedding-8B,4096,0,A1_naive_cosine_raw,0.7983801979623795,0.27858445517061947,4682
ToxicChat,Qwen3-Embedding-8B,4096,0,A1b_cosine_whitened,0.9591533435149923,0.6752362038970484,4682
ToxicChat,Qwen3-Embedding-8B,4096,0,A2_rsfi_svd_raw_k20,0.8587790225607517,0.34877983066079177,4682
ToxicChat,Qwen3-Embedding-8B,4096,0,A3_rsfi_svd_whitened_k20,0.8284044116225568,0.3205344299913621,4682
ToxicChat,Qwen3-Embedding-8B,4096,0,B1_discriminant_mean_raw,0.9597659346182845,0.6873243344637947,4682
ToxicChat,Qwen3-Embedding-8B,4096,0,B1b_discriminant_mean_whitened,0.960498144102693,0.6829836318702079,4682
ToxicChat,Qwen3-Embedding-8B,4096,0,C1_logreg_raw,0.9748595994354979,0.7476507425899646,4682
ToxicChat,Qwen3-Embedding-8B,4096,0,C1b_logreg_whitened,0.9602734065381716,0.6807973484533603,4682
ToxicChat,Qwen3-Embedding-8B,4096,1,A1_naive_cosine_raw,0.8129808900574168,0.2714209180675626,4682
ToxicChat,Qwen3-Embedding-8B,4096,1,A1b_cosine_whitened,0.9682999207377192,0.7370569258670254,4682
ToxicChat,Qwen3-Embedding-8B,4096,1,A2_rsfi_svd_raw_k20,0.8590001353258453,0.32041454551449283,4682
ToxicChat,Qwen3-Embedding-8B,4096,1,A3_rsfi_svd_whitened_k20,0.8292260328261837,0.2785908174613795,4682
ToxicChat,Qwen3-Embedding-8B,4096,1,B1_discriminant_mean_raw,0.960204535349044,0.6588475912461679,4682
ToxicChat,Qwen3-Embedding-8B,4096,1,B1b_discriminant_mean_whitened,0.9670650723993273,0.7396509942608774,4682
ToxicChat,Qwen3-Embedding-8B,4096,1,C1_logreg_raw,0.9797277050669863,0.7688835761332635,4682
ToxicChat,Qwen3-Embedding-8B,4096,1,C1b_logreg_whitened,0.9657480619405726,0.7350433342525782,4682
ToxicChat,Qwen3-Embedding-8B,4096,2,A1_naive_cosine_raw,0.808660129139521,0.275332211008557,4682
ToxicChat,Qwen3-Embedding-8B,4096,2,A1b_cosine_whitened,0.9724080267558528,0.7047095189241677,4682
ToxicChat,Qwen3-Embedding-8B,4096,2,A2_rsfi_svd_raw_k20,0.8755195545846464,0.36283197738661915,4682
ToxicChat,Qwen3-Embedding-8B,4096,2,A3_rsfi_svd_whitened_k20,0.8861148433120035,0.4013372400242458,4682
ToxicChat,Qwen3-Embedding-8B,4096,2,B1_discriminant_mean_raw,0.9672898099638486,0.6874197473803421,4682
ToxicChat,Qwen3-Embedding-8B,4096,2,B1b_discriminant_mean_whitened,0.9722666595781699,0.703358815295591,4682
ToxicChat,Qwen3-Embedding-8B,4096,2,C1_logreg_raw,0.9765898370290177,0.7346567894825785,4682
ToxicChat,Qwen3-Embedding-8B,4096,2,C1b_logreg_whitened,0.9720165484176542,0.701055200579214,4682
ToxicChat,Qwen3-Embedding-8B,4096,3,A1_naive_cosine_raw,0.8112156127360952,0.2857014850439491,4682
ToxicChat,Qwen3-Embedding-8B,4096,3,A1b_cosine_whitened,0.9695577261391536,0.7285322187845645,4682
ToxicChat,Qwen3-Embedding-8B,4096,3,A2_rsfi_svd_raw_k20,0.8675872851702207,0.3501352657172046,4682
ToxicChat,Qwen3-Embedding-8B,4096,3,A3_rsfi_svd_whitened_k20,0.8203609816923464,0.2596696326827185,4682
ToxicChat,Qwen3-Embedding-8B,4096,3,B1_discriminant_mean_raw,0.9639332456937383,0.6817248995769379,4682
ToxicChat,Qwen3-Embedding-8B,4096,3,B1b_discriminant_mean_whitened,0.9702983934888937,0.7304288709526409,4682
ToxicChat,Qwen3-Embedding-8B,4096,3,C1_logreg_raw,0.9788746689349856,0.7507487182352923,4682
ToxicChat,Qwen3-Embedding-8B,4096,3,C1b_logreg_whitened,0.9704989657238966,0.7282828881271645,4682
ToxicChat,Qwen3-Embedding-8B,4096,4,A1_naive_cosine_raw,0.8096412415179692,0.2817084800714202,4682
ToxicChat,Qwen3-Embedding-8B,4096,4,A1b_cosine_whitened,0.9690901270129719,0.7308170567001455,4682
ToxicChat,Qwen3-Embedding-8B,4096,4,A2_rsfi_svd_raw_k20,0.8645339957855666,0.3478368734747474,4682
ToxicChat,Qwen3-Embedding-8B,4096,4,A3_rsfi_svd_whitened_k20,0.8480671361184681,0.29918602615181783,4682
ToxicChat,Qwen3-Embedding-8B,4096,4,B1_discriminant_mean_raw,0.9626548997622132,0.6641201565835243,4682
ToxicChat,Qwen3-Embedding-8B,4096,4,B1b_discriminant_mean_whitened,0.969475564018791,0.7327798635802603,4682
ToxicChat,Qwen3-Embedding-8B,4096,4,C1_logreg_raw,0.9798678639781933,0.8082379848885789,4682
ToxicChat,Qwen3-Embedding-8B,4096,4,C1b_logreg_whitened,0.9688025595917027,0.727506307716768,4682
Wild,Qwen3-Embedding-8B,4096,0,A1_naive_cosine_raw,0.7919890625,0.7936895401394007,1600
Wild,Qwen3-Embedding-8B,4096,0,A1b_cosine_whitened,0.82200859375,0.8276695692013615,1600
Wild,Qwen3-Embedding-8B,4096,0,A2_rsfi_svd_raw_k20,0.7954195312500001,0.7921730157302442,1600
Wild,Qwen3-Embedding-8B,4096,0,A3_rsfi_svd_whitened_k20,0.78673828125,0.801157101461754,1600
Wild,Qwen3-Embedding-8B,4096,0,B1_discriminant_mean_raw,0.8746624999999999,0.8592066819319105,1600
Wild,Qwen3-Embedding-8B,4096,0,B1b_discriminant_mean_whitened,0.81828984375,0.8268282445832936,1600
Wild,Qwen3-Embedding-8B,4096,0,C1_logreg_raw,0.8877015624999999,0.864372964344614,1600
Wild,Qwen3-Embedding-8B,4096,0,C1b_logreg_whitened,0.81725546875,0.8285934369134482,1600
Wild,Qwen3-Embedding-8B,4096,1,A1_naive_cosine_raw,0.8019960937500001,0.8015917853973114,1600
Wild,Qwen3-Embedding-8B,4096,1,A1b_cosine_whitened,0.8150867187499999,0.8266751726905712,1600
Wild,Qwen3-Embedding-8B,4096,1,A2_rsfi_svd_raw_k20,0.8080078124999999,0.8008748238715053,1600
Wild,Qwen3-Embedding-8B,4096,1,A3_rsfi_svd_whitened_k20,0.80478671875,0.8108108207830591,1600
Wild,Qwen3-Embedding-8B,4096,1,B1_discriminant_mean_raw,0.88001796875,0.8645341118454098,1600
Wild,Qwen3-Embedding-8B,4096,1,B1b_discriminant_mean_whitened,0.8122679687500001,0.8251475038576777,1600
Wild,Qwen3-Embedding-8B,4096,1,C1_logreg_raw,0.89184921875,0.8728891465274556,1600
Wild,Qwen3-Embedding-8B,4096,1,C1b_logreg_whitened,0.80879921875,0.8218339420752552,1600
Wild,Qwen3-Embedding-8B,4096,2,A1_naive_cosine_raw,0.79885234375,0.7945838340872442,1600
Wild,Qwen3-Embedding-8B,4096,2,A1b_cosine_whitened,0.829778125,0.8252877924838432,1600
Wild,Qwen3-Embedding-8B,4096,2,A2_rsfi_svd_raw_k20,0.80891328125,0.8022371534184433,1600
Wild,Qwen3-Embedding-8B,4096,2,A3_rsfi_svd_whitened_k20,0.8158710937499999,0.8143725521357684,1600
Wild,Qwen3-Embedding-8B,4096,2,B1_discriminant_mean_raw,0.87329296875,0.8571633346897383,1600
Wild,Qwen3-Embedding-8B,4096,2,B1b_discriminant_mean_whitened,0.8273703125,0.8235752249470972,1600
Wild,Qwen3-Embedding-8B,4096,2,C1_logreg_raw,0.88213046875,0.8603484962202418,1600
Wild,Qwen3-Embedding-8B,4096,2,C1b_logreg_whitened,0.8258749999999999,0.8216710814373163,1600
Wild,Qwen3-Embedding-8B,4096,3,A1_naive_cosine_raw,0.7855546875000001,0.7887093929325373,1600
Wild,Qwen3-Embedding-8B,4096,3,A1b_cosine_whitened,0.82418828125,0.8145982280212694,1600
Wild,Qwen3-Embedding-8B,4096,3,A2_rsfi_svd_raw_k20,0.7810625,0.777523152337912,1600
Wild,Qwen3-Embedding-8B,4096,3,A3_rsfi_svd_whitened_k20,0.80205234375,0.8031079662626162,1600
Wild,Qwen3-Embedding-8B,4096,3,B1_discriminant_mean_raw,0.8607093750000001,0.8458561253200035,1600
Wild,Qwen3-Embedding-8B,4096,3,B1b_discriminant_mean_whitened,0.8269578125,0.8193460378551947,1600
Wild,Qwen3-Embedding-8B,4096,3,C1_logreg_raw,0.8714078125,0.8537467200157742,1600
Wild,Qwen3-Embedding-8B,4096,3,C1b_logreg_whitened,0.82518828125,0.8194334068239243,1600
Wild,Qwen3-Embedding-8B,4096,4,A1_naive_cosine_raw,0.8124843749999999,0.8103788456532597,1600
Wild,Qwen3-Embedding-8B,4096,4,A1b_cosine_whitened,0.8309375000000001,0.8217853635080102,1600
Wild,Qwen3-Embedding-8B,4096,4,A2_rsfi_svd_raw_k20,0.8126023437500001,0.8010386933315,1600
Wild,Qwen3-Embedding-8B,4096,4,A3_rsfi_svd_whitened_k20,0.8071609375,0.7980599397999348,1600
Wild,Qwen3-Embedding-8B,4096,4,B1_discriminant_mean_raw,0.8846375,0.8660757064303835,1600
Wild,Qwen3-Embedding-8B,4096,4,B1b_discriminant_mean_whitened,0.8273484375,0.8153725754951885,1600
Wild,Qwen3-Embedding-8B,4096,4,C1_logreg_raw,0.8902421875000001,0.8701487553526361,1600
Wild,Qwen3-Embedding-8B,4096,4,C1b_logreg_whitened,0.8226468749999999,0.8111187460656295,1600
XSTest,Qwen3-Embedding-8B,4096,0,A1_naive_cosine_raw,0.8036017517204397,0.8164328752295872,301
XSTest,Qwen3-Embedding-8B,4096,0,A1b_cosine_whitened,0.9424434712664224,0.9370044745286564,301
XSTest,Qwen3-Embedding-8B,4096,0,A2_rsfi_svd_raw_k20,0.8654482080614889,0.8525740656765022,301
XSTest,Qwen3-Embedding-8B,4096,0,A3_rsfi_svd_whitened_k20,0.804495486638663,0.7091913184253127,301
XSTest,Qwen3-Embedding-8B,4096,0,B1_discriminant_mean_raw,0.8687103405130039,0.8621607063809978,301
XSTest,Qwen3-Embedding-8B,4096,0,B1b_discriminant_mean_whitened,0.9424881580123335,0.9366157614109657,301
XSTest,Qwen3-Embedding-8B,4096,0,C1_logreg_raw,0.9389132183394405,0.9247458109791239,301
XSTest,Qwen3-Embedding-8B,4096,0,C1b_logreg_whitened,0.9420859772991331,0.9359796261112966,301
XSTest,Qwen3-Embedding-8B,4096,1,A1_naive_cosine_raw,0.7621324515148807,0.7981036526426075,301
XSTest,Qwen3-Embedding-8B,4096,1,A1b_cosine_whitened,0.9427115917418892,0.9247035802425475,301
XSTest,Qwen3-Embedding-8B,4096,1,A2_rsfi_svd_raw_k20,0.8219680042899277,0.8310538814027385,301
XSTest,Qwen3-Embedding-8B,4096,1,A3_rsfi_svd_whitened_k20,0.7790240414693002,0.699315431975835,301
XSTest,Qwen3-Embedding-8B,4096,1,B1_discriminant_mean_raw,0.7920725712753598,0.8230132099524795,301
XSTest,Qwen3-Embedding-8B,4096,1,B1b_discriminant_mean_whitened,0.9421306640450442,0.9237850335551822,301
XSTest,Qwen3-Embedding-8B,4096,1,C1_logreg_raw,0.9293055679685405,0.902551259788065,301
XSTest,Qwen3-Embedding-8B,4096,1,C1b_logreg_whitened,0.9416837965859326,0.9226907940239257,301
XSTest,Qwen3-Embedding-8B,4096,2,A1_naive_cosine_raw,0.772901957279471,0.7963602088189661,301
XSTest,Qwen3-Embedding-8B,4096,2,A1b_cosine_whitened,0.935204218428814,0.9211071924329532,301
XSTest,Qwen3-Embedding-8B,4096,2,A2_rsfi_svd_raw_k20,0.8451157386719099,0.8467142945210098,301
XSTest,Qwen3-Embedding-8B,4096,2,A3_rsfi_svd_whitened_k20,0.769639824827956,0.7035219271714492,301
XSTest,Qwen3-Embedding-8B,4096,2,B1_discriminant_mean_raw,0.8057020287782645,0.8079085238881925,301
XSTest,Qwen3-Embedding-8B,4096,2,B1b_discriminant_mean_whitened,0.9355617123961033,0.9210522479159102,301
XSTest,Qwen3-Embedding-8B,4096,2,C1_logreg_raw,0.9242559656805791,0.8995191788883272,301
XSTest,Qwen3-Embedding-8B,4096,2,C1b_logreg_whitened,0.9350254714451693,0.9198688557680104,301
XSTest,Qwen3-Embedding-8B,4096,3,A1_naive_cosine_raw,0.7837161497899723,0.8005411488654763,301
XSTest,Qwen3-Embedding-8B,4096,3,A1b_cosine_whitened,0.9503977120386095,0.9460036792671435,301
XSTest,Qwen3-Embedding-8B,4096,3,A2_rsfi_svd_raw_k20,0.8570917865761015,0.8481178116866424,301
XSTest,Qwen3-Embedding-8B,4096,3,A3_rsfi_svd_whitened_k20,0.7697738850656896,0.6752747803294545,301
XSTest,Qwen3-Embedding-8B,4096,3,B1_discriminant_mean_raw,0.8187952453302352,0.8226521849436448,301
XSTest,Qwen3-Embedding-8B,4096,3,B1b_discriminant_mean_whitened,0.950576459022254,0.9463079334249842,301
XSTest,Qwen3-Embedding-8B,4096,3,C1_logreg_raw,0.940700688175887,0.9292091842404362,301
XSTest,Qwen3-Embedding-8B,4096,3,C1b_logreg_whitened,0.9502636518008759,0.9460316762281891,301
XSTest,Qwen3-Embedding-8B,4096,4,A1_naive_cosine_raw,0.7897488604879792,0.809984613178616,301
XSTest,Qwen3-Embedding-8B,4096,4,A1b_cosine_whitened,0.9196085441058182,0.9144145023199244,301
XSTest,Qwen3-Embedding-8B,4096,4,A2_rsfi_svd_raw_k20,0.8408704978103494,0.8262947331724224,301
XSTest,Qwen3-Embedding-8B,4096,4,A3_rsfi_svd_whitened_k20,0.7591384395388328,0.6949964508109714,301
XSTest,Qwen3-Embedding-8B,4096,4,B1_discriminant_mean_raw,0.8494503530252927,0.855012968915224,301
XSTest,Qwen3-Embedding-8B,4096,4,B1b_discriminant_mean_whitened,0.9197872910894629,0.9145896911507465,301
XSTest,Qwen3-Embedding-8B,4096,4,C1_logreg_raw,0.9138439538832782,0.9051433711184185,301
XSTest,Qwen3-Embedding-8B,4096,4,C1b_logreg_whitened,0.9193851103762624,0.9140595362620308,301
