dataset,seed,n_ref_mal,n_ref_safe,n_test_attack,n_test_safe,obfuscation,method,roc_auc,pr_auc
ToxicChat,0,200,200,184,4498,clean,EXT:deberta-v3-base-prompt-injection-v2,0.561358792313492,0.11993209135075449
ToxicChat,0,200,200,184,4498,base64,EXT:deberta-v3-base-prompt-injection-v2,0.9633532777852959,0.42983359969188845
ToxicChat,0,200,200,184,4498,leetspeak,EXT:deberta-v3-base-prompt-injection-v2,0.9736827478879503,0.49738446864761243
ToxicChat,0,200,200,184,4498,rot13,EXT:deberta-v3-base-prompt-injection-v2,0.8496940669282966,0.23489329049910412
ToxicChat,0,200,200,184,4498,zero_width,EXT:deberta-v3-base-prompt-injection-v2,0.9914780965453245,0.6480288272360979
ToxicChat,0,200,200,184,4498,homoglyph,EXT:deberta-v3-base-prompt-injection-v2,0.9673749927504012,0.4240501433180126
ToxicChat,0,200,200,184,4498,clean,EXT:toxic-bert,0.8032072225336865,0.14530016163971252
ToxicChat,0,200,200,184,4498,base64,EXT:toxic-bert,0.884161076420438,0.1603747195015296
ToxicChat,0,200,200,184,4498,leetspeak,EXT:toxic-bert,0.9252868424613838,0.20493735919419734
ToxicChat,0,200,200,184,4498,rot13,EXT:toxic-bert,0.8812092814197615,0.1321061490223203
ToxicChat,0,200,200,184,4498,zero_width,EXT:toxic-bert,0.8032072225336865,0.14530016163971252
ToxicChat,0,200,200,184,4498,homoglyph,EXT:toxic-bert,0.9479055908906374,0.2870625551484958
ToxicChat,1,200,200,184,4498,clean,EXT:deberta-v3-base-prompt-injection-v2,0.5720374514276876,0.1185384792947864
ToxicChat,1,200,200,184,4498,base64,EXT:deberta-v3-base-prompt-injection-v2,0.9598613876698824,0.4275134940635448
ToxicChat,1,200,200,184,4498,leetspeak,EXT:deberta-v3-base-prompt-injection-v2,0.9755785179886712,0.5002068666599481
ToxicChat,1,200,200,184,4498,rot13,EXT:deberta-v3-base-prompt-injection-v2,0.8482888530167998,0.2395656913686032
ToxicChat,1,200,200,184,4498,zero_width,EXT:deberta-v3-base-prompt-injection-v2,0.9914503064163783,0.6470612621403755
ToxicChat,1,200,200,184,4498,homoglyph,EXT:deberta-v3-base-prompt-injection-v2,0.9697208421134029,0.429837048913103
ToxicChat,1,200,200,184,4498,clean,EXT:toxic-bert,0.7812107313395326,0.14044218904592062
ToxicChat,1,200,200,184,4498,base64,EXT:toxic-bert,0.8798378989695903,0.15558345776795243
ToxicChat,1,200,200,184,4498,leetspeak,EXT:toxic-bert,0.9233753648964758,0.196244908313197
ToxicChat,1,200,200,184,4498,rot13,EXT:toxic-bert,0.8773790766910898,0.12873314770316172
ToxicChat,1,200,200,184,4498,zero_width,EXT:toxic-bert,0.7812107313395326,0.14044218904592062
ToxicChat,1,200,200,184,4498,homoglyph,EXT:toxic-bert,0.9522203104761536,0.30168050009672726
ToxicChat,2,200,200,184,4498,clean,EXT:deberta-v3-base-prompt-injection-v2,0.5742183724167262,0.12690247387416337
ToxicChat,2,200,200,184,4498,base64,EXT:deberta-v3-base-prompt-injection-v2,0.962223548630309,0.44438427914144646
ToxicChat,2,200,200,184,4498,leetspeak,EXT:deberta-v3-base-prompt-injection-v2,0.972977120266012,0.5059277648275071
ToxicChat,2,200,200,184,4498,rot13,EXT:deberta-v3-base-prompt-injection-v2,0.8405414483731901,0.24670692036054587
ToxicChat,2,200,200,184,4498,zero_width,EXT:deberta-v3-base-prompt-injection-v2,0.9920363156572003,0.6602596232538172
ToxicChat,2,200,200,184,4498,homoglyph,EXT:deberta-v3-base-prompt-injection-v2,0.9677791578865969,0.4284615087386056
ToxicChat,2,200,200,184,4498,clean,EXT:toxic-bert,0.8083036905291241,0.1464122071551397
ToxicChat,2,200,200,184,4498,base64,EXT:toxic-bert,0.8836765615635934,0.15803896048281615
ToxicChat,2,200,200,184,4498,leetspeak,EXT:toxic-bert,0.9220474800394377,0.1953972353944577
ToxicChat,2,200,200,184,4498,rot13,EXT:toxic-bert,0.8792579310611479,0.13039012406113115
ToxicChat,2,200,200,184,4498,zero_width,EXT:toxic-bert,0.8083036905291241,0.1464122071551397
ToxicChat,2,200,200,184,4498,homoglyph,EXT:toxic-bert,0.9435232083824695,0.2711386845176936
ToxicChat,3,200,200,184,4498,clean,EXT:deberta-v3-base-prompt-injection-v2,0.5829203075763141,0.12733267335538734
ToxicChat,3,200,200,184,4498,base64,EXT:deberta-v3-base-prompt-injection-v2,0.9630294623697488,0.4451301357443775
ToxicChat,3,200,200,184,4498,leetspeak,EXT:deberta-v3-base-prompt-injection-v2,0.9721373750652464,0.5032555426988099
ToxicChat,3,200,200,184,4498,rot13,EXT:deberta-v3-base-prompt-injection-v2,0.8432407156803989,0.2445744372904418
ToxicChat,3,200,200,184,4498,zero_width,EXT:deberta-v3-base-prompt-injection-v2,0.9920157751271095,0.6607356614216872
ToxicChat,3,200,200,184,4498,homoglyph,EXT:deberta-v3-base-prompt-injection-v2,0.9667696512459644,0.42852430639174405
ToxicChat,3,200,200,184,4498,clean,EXT:toxic-bert,0.7803444042762966,0.14747041831081523
ToxicChat,3,200,200,184,4498,base64,EXT:toxic-bert,0.8845525547586366,0.16393084256719143
ToxicChat,3,200,200,184,4498,leetspeak,EXT:toxic-bert,0.9261857927194694,0.20356407819697522
ToxicChat,3,200,200,184,4498,rot13,EXT:toxic-bert,0.8797339880526611,0.13050369590742072
ToxicChat,3,200,200,184,4498,zero_width,EXT:toxic-bert,0.7803444042762966,0.14747041831081523
ToxicChat,3,200,200,184,4498,homoglyph,EXT:toxic-bert,0.947202379801651,0.2848887733080864
ToxicChat,4,200,200,184,4498,clean,EXT:deberta-v3-base-prompt-injection-v2,0.5584202882440505,0.1394277787822465
ToxicChat,4,200,200,184,4498,base64,EXT:deberta-v3-base-prompt-injection-v2,0.9613717207647844,0.434082786091156
ToxicChat,4,200,200,184,4498,leetspeak,EXT:deberta-v3-base-prompt-injection-v2,0.9750347980745065,0.5036010136766788
ToxicChat,4,200,200,184,4498,rot13,EXT:deberta-v3-base-prompt-injection-v2,0.84945603843254,0.23801523939032457
ToxicChat,4,200,200,184,4498,zero_width,EXT:deberta-v3-base-prompt-injection-v2,0.991979527132832,0.6603942216140389
ToxicChat,4,200,200,184,4498,homoglyph,EXT:deberta-v3-base-prompt-injection-v2,0.9692894909814991,0.4342070366658234
ToxicChat,4,200,200,184,4498,clean,EXT:toxic-bert,0.7941270999671353,0.16396729614694017
ToxicChat,4,200,200,184,4498,base64,EXT:toxic-bert,0.8842649873373674,0.1616549190575231
ToxicChat,4,200,200,184,4498,leetspeak,EXT:toxic-bert,0.9243419780772131,0.1992267664216916
ToxicChat,4,200,200,184,4498,rot13,EXT:toxic-bert,0.8776726854447388,0.12886831905986668
ToxicChat,4,200,200,184,4498,zero_width,EXT:toxic-bert,0.7941270999671353,0.16396729614694017
ToxicChat,4,200,200,184,4498,homoglyph,EXT:toxic-bert,0.9495174183695169,0.29082662445976937
Wild,0,200,200,800,800,clean,EXT:deberta-v3-base-prompt-injection-v2,0.8439132812500001,0.8237744384346792
Wild,0,200,200,800,800,base64,EXT:deberta-v3-base-prompt-injection-v2,0.9037125,0.7717752580936998
Wild,0,200,200,800,800,leetspeak,EXT:deberta-v3-base-prompt-injection-v2,0.9174328125000001,0.7931113413669924
Wild,0,200,200,800,800,rot13,EXT:deberta-v3-base-prompt-injection-v2,0.8582062499999998,0.7176288207918966
Wild,0,200,200,800,800,zero_width,EXT:deberta-v3-base-prompt-injection-v2,0.93952734375,0.8357858780611525
Wild,0,200,200,800,800,homoglyph,EXT:deberta-v3-base-prompt-injection-v2,0.90511328125,0.808873556113181
Wild,0,200,200,800,800,clean,EXT:toxic-bert,0.73194765625,0.6981859572741855
Wild,0,200,200,800,800,base64,EXT:toxic-bert,0.8869210937500001,0.8043355142053892
Wild,0,200,200,800,800,leetspeak,EXT:toxic-bert,0.9325812499999999,0.8644181851842193
Wild,0,200,200,800,800,rot13,EXT:toxic-bert,0.8611828125000001,0.7240227457619188
Wild,0,200,200,800,800,zero_width,EXT:toxic-bert,0.73205234375,0.6982579282130006
Wild,0,200,200,800,800,homoglyph,EXT:toxic-bert,0.964353125,0.9392511270974431
Wild,1,200,200,800,800,clean,EXT:deberta-v3-base-prompt-injection-v2,0.83655859375,0.8180641021059809
Wild,1,200,200,800,800,base64,EXT:deberta-v3-base-prompt-injection-v2,0.902196875,0.769790400172758
Wild,1,200,200,800,800,leetspeak,EXT:deberta-v3-base-prompt-injection-v2,0.91896953125,0.7974548748808252
Wild,1,200,200,800,800,rot13,EXT:deberta-v3-base-prompt-injection-v2,0.852890625,0.711219307795654
Wild,1,200,200,800,800,zero_width,EXT:deberta-v3-base-prompt-injection-v2,0.94218203125,0.839438142492698
Wild,1,200,200,800,800,homoglyph,EXT:deberta-v3-base-prompt-injection-v2,0.904903125,0.8056146714326791
Wild,1,200,200,800,800,clean,EXT:toxic-bert,0.7240749999999999,0.6846971135418743
Wild,1,200,200,800,800,base64,EXT:toxic-bert,0.885509375,0.7995200203575438
Wild,1,200,200,800,800,leetspeak,EXT:toxic-bert,0.9286109375,0.8549318530317108
Wild,1,200,200,800,800,rot13,EXT:toxic-bert,0.85764375,0.7191744509760091
Wild,1,200,200,800,800,zero_width,EXT:toxic-bert,0.7241953125,0.6847780846073964
Wild,1,200,200,800,800,homoglyph,EXT:toxic-bert,0.9621765624999999,0.9353899000559657
Wild,2,200,200,800,800,clean,EXT:deberta-v3-base-prompt-injection-v2,0.83847109375,0.8208532942874308
Wild,2,200,200,800,800,base64,EXT:deberta-v3-base-prompt-injection-v2,0.8954640625,0.7598610436083557
Wild,2,200,200,800,800,leetspeak,EXT:deberta-v3-base-prompt-injection-v2,0.91343046875,0.7873095917107784
Wild,2,200,200,800,800,rot13,EXT:deberta-v3-base-prompt-injection-v2,0.845209375,0.7004656240263512
Wild,2,200,200,800,800,zero_width,EXT:deberta-v3-base-prompt-injection-v2,0.9376765625,0.8312889749167689
Wild,2,200,200,800,800,homoglyph,EXT:deberta-v3-base-prompt-injection-v2,0.89863828125,0.7992500163008108
Wild,2,200,200,800,800,clean,EXT:toxic-bert,0.7205726562499999,0.6823852574574185
Wild,2,200,200,800,800,base64,EXT:toxic-bert,0.8810046874999999,0.7955749827351042
Wild,2,200,200,800,800,leetspeak,EXT:toxic-bert,0.9250875000000001,0.8468474954282076
Wild,2,200,200,800,800,rot13,EXT:toxic-bert,0.8534453125000001,0.7129004289527852
Wild,2,200,200,800,800,zero_width,EXT:toxic-bert,0.7206804687499999,0.6824603409037228
Wild,2,200,200,800,800,homoglyph,EXT:toxic-bert,0.9593296874999999,0.9318242255789181
Wild,3,200,200,800,800,clean,EXT:deberta-v3-base-prompt-injection-v2,0.8387828125,0.8171770801156399
Wild,3,200,200,800,800,base64,EXT:deberta-v3-base-prompt-injection-v2,0.899271875,0.764348359998949
Wild,3,200,200,800,800,leetspeak,EXT:deberta-v3-base-prompt-injection-v2,0.9158367187500001,0.7908350711561638
Wild,3,200,200,800,800,rot13,EXT:deberta-v3-base-prompt-injection-v2,0.8547671875,0.7116182160634611
Wild,3,200,200,800,800,zero_width,EXT:deberta-v3-base-prompt-injection-v2,0.9385648437499999,0.8331569764006955
Wild,3,200,200,800,800,homoglyph,EXT:deberta-v3-base-prompt-injection-v2,0.9021351562500001,0.8015978585346152
Wild,3,200,200,800,800,clean,EXT:toxic-bert,0.71050625,0.6750330364757345
Wild,3,200,200,800,800,base64,EXT:toxic-bert,0.87300625,0.7887668949365032
Wild,3,200,200,800,800,leetspeak,EXT:toxic-bert,0.9254718749999999,0.853120092562505
Wild,3,200,200,800,800,rot13,EXT:toxic-bert,0.8466921875,0.7035406110801575
Wild,3,200,200,800,800,zero_width,EXT:toxic-bert,0.7106203125000001,0.6751089927378939
Wild,3,200,200,800,800,homoglyph,EXT:toxic-bert,0.960525,0.9352347113924382
Wild,4,200,200,800,800,clean,EXT:deberta-v3-base-prompt-injection-v2,0.8448054687500001,0.8232579009799162
Wild,4,200,200,800,800,base64,EXT:deberta-v3-base-prompt-injection-v2,0.9028828125,0.7702569372650062
Wild,4,200,200,800,800,leetspeak,EXT:deberta-v3-base-prompt-injection-v2,0.919103125,0.7967222555829209
Wild,4,200,200,800,800,rot13,EXT:deberta-v3-base-prompt-injection-v2,0.8614937500000001,0.7199783026075819
Wild,4,200,200,800,800,zero_width,EXT:deberta-v3-base-prompt-injection-v2,0.9398234375,0.8342347389256235
Wild,4,200,200,800,800,homoglyph,EXT:deberta-v3-base-prompt-injection-v2,0.9064484375,0.8083275997890296
Wild,4,200,200,800,800,clean,EXT:toxic-bert,0.7308601562499999,0.6987709249557267
Wild,4,200,200,800,800,base64,EXT:toxic-bert,0.8957843750000001,0.8144549557093237
Wild,4,200,200,800,800,leetspeak,EXT:toxic-bert,0.9371703124999999,0.8682270453460286
Wild,4,200,200,800,800,rot13,EXT:toxic-bert,0.8715203125,0.7378809468794424
Wild,4,200,200,800,800,zero_width,EXT:toxic-bert,0.73092265625,0.6988170464119158
Wild,4,200,200,800,800,homoglyph,EXT:toxic-bert,0.9658109375,0.9411631827997307
XSTest,0,66,83,134,167,clean,EXT:deberta-v3-base-prompt-injection-v2,0.39078559299311827,0.363644388975717
XSTest,0,66,83,134,167,base64,EXT:deberta-v3-base-prompt-injection-v2,0.996961301278041,0.9952434710239908
XSTest,0,66,83,134,167,leetspeak,EXT:deberta-v3-base-prompt-injection-v2,0.999731879524533,0.9996620108655122
XSTest,0,66,83,134,167,rot13,EXT:deberta-v3-base-prompt-injection-v2,0.9790419161676647,0.9594230791782382
XSTest,0,66,83,134,167,zero_width,EXT:deberta-v3-base-prompt-injection-v2,1.0,1.0
XSTest,0,66,83,134,167,homoglyph,EXT:deberta-v3-base-prompt-injection-v2,0.9962016265975511,0.9944445746227605
XSTest,0,66,83,134,167,clean,EXT:toxic-bert,0.6254356957726338,0.5263628948800301
XSTest,0,66,83,134,167,base64,EXT:toxic-bert,0.8603092322817052,0.6916609300543678
XSTest,0,66,83,134,167,leetspeak,EXT:toxic-bert,0.8362677629814996,0.6535168853267602
XSTest,0,66,83,134,167,rot13,EXT:toxic-bert,0.7722316560908035,0.5888713162085274
XSTest,0,66,83,134,167,zero_width,EXT:toxic-bert,0.6254356957726338,0.5263628948800301
XSTest,0,66,83,134,167,homoglyph,EXT:toxic-bert,0.896505496469747,0.7448187307736293
XSTest,1,66,83,134,167,clean,EXT:deberta-v3-base-prompt-injection-v2,0.4160782911788363,0.3753137123246876
XSTest,1,66,83,134,167,base64,EXT:deberta-v3-base-prompt-injection-v2,0.9965591205648405,0.9947164189628559
XSTest,1,66,83,134,167,leetspeak,EXT:deberta-v3-base-prompt-injection-v2,0.9997765662704441,0.9997194161467982
XSTest,1,66,83,134,167,rot13,EXT:deberta-v3-base-prompt-injection-v2,0.9727857717401018,0.9491848555423806
XSTest,1,66,83,134,167,zero_width,EXT:deberta-v3-base-prompt-injection-v2,1.0,1.0
XSTest,1,66,83,134,167,homoglyph,EXT:deberta-v3-base-prompt-injection-v2,0.9960675663598177,0.9946226023690805
XSTest,1,66,83,134,167,clean,EXT:toxic-bert,0.6230226114934311,0.5341371536745478
XSTest,1,66,83,134,167,base64,EXT:toxic-bert,0.8560193046742337,0.6955393143643238
XSTest,1,66,83,134,167,leetspeak,EXT:toxic-bert,0.8486906783448029,0.6721512879412224
XSTest,1,66,83,134,167,rot13,EXT:toxic-bert,0.7795155956743229,0.5984926425770491
XSTest,1,66,83,134,167,zero_width,EXT:toxic-bert,0.6230226114934311,0.5341371536745478
XSTest,1,66,83,134,167,homoglyph,EXT:toxic-bert,0.906649387791581,0.7638380845539
XSTest,2,66,83,134,167,clean,EXT:deberta-v3-base-prompt-injection-v2,0.3969747073018143,0.37045917629755937
XSTest,2,66,83,134,167,base64,EXT:deberta-v3-base-prompt-injection-v2,0.9970059880239521,0.9954642550538639
XSTest,2,66,83,134,167,leetspeak,EXT:deberta-v3-base-prompt-injection-v2,0.999731879524533,0.9996620108655122
XSTest,2,66,83,134,167,rot13,EXT:deberta-v3-base-prompt-injection-v2,0.9707525248011439,0.9474272558225422
XSTest,2,66,83,134,167,zero_width,EXT:deberta-v3-base-prompt-injection-v2,1.0,1.0
XSTest,2,66,83,134,167,homoglyph,EXT:deberta-v3-base-prompt-injection-v2,0.995844132630262,0.9940732572800404
XSTest,2,66,83,134,167,clean,EXT:toxic-bert,0.6461703458754134,0.5711934289557176
XSTest,2,66,83,134,167,base64,EXT:toxic-bert,0.8779158101707034,0.7367846878927502
XSTest,2,66,83,134,167,leetspeak,EXT:toxic-bert,0.8518187505585844,0.6807505986354154
XSTest,2,66,83,134,167,rot13,EXT:toxic-bert,0.7932791134149612,0.6104314074227586
XSTest,2,66,83,134,167,zero_width,EXT:toxic-bert,0.6461703458754134,0.5711934289557176
XSTest,2,66,83,134,167,homoglyph,EXT:toxic-bert,0.9226919295736884,0.811618786230888
XSTest,3,66,83,134,167,clean,EXT:deberta-v3-base-prompt-injection-v2,0.3924613459647868,0.37029694935251983
XSTest,3,66,83,134,167,base64,EXT:deberta-v3-base-prompt-injection-v2,0.9973634819912414,0.9959298391063682
XSTest,3,66,83,134,167,leetspeak,EXT:deberta-v3-base-prompt-injection-v2,0.9997765662704441,0.9997194161467982
XSTest,3,66,83,134,167,rot13,EXT:deberta-v3-base-prompt-injection-v2,0.9774555366878184,0.957578871052683
XSTest,3,66,83,134,167,zero_width,EXT:deberta-v3-base-prompt-injection-v2,1.0,1.0
XSTest,3,66,83,134,167,homoglyph,EXT:deberta-v3-base-prompt-injection-v2,0.9961122531057288,0.9942822005160273
XSTest,3,66,83,134,167,clean,EXT:toxic-bert,0.6664581285190814,0.584978418714555
XSTest,3,66,83,134,167,base64,EXT:toxic-bert,0.874251497005988,0.7280711429560641
XSTest,3,66,83,134,167,leetspeak,EXT:toxic-bert,0.8554383769773886,0.6859171459029477
XSTest,3,66,83,134,167,rot13,EXT:toxic-bert,0.7874251497005988,0.612104034477281
XSTest,3,66,83,134,167,zero_width,EXT:toxic-bert,0.6664581285190814,0.584978418714555
XSTest,3,66,83,134,167,homoglyph,EXT:toxic-bert,0.9158548574492805,0.786632538523932
XSTest,4,66,83,134,167,clean,EXT:deberta-v3-base-prompt-injection-v2,0.4148047189203682,0.3749914677298838
XSTest,4,66,83,134,167,base64,EXT:deberta-v3-base-prompt-injection-v2,0.9967825542943963,0.9952314132184532
XSTest,4,66,83,134,167,leetspeak,EXT:deberta-v3-base-prompt-injection-v2,0.9998659397622665,0.9998329187241266
XSTest,4,66,83,134,167,rot13,EXT:deberta-v3-base-prompt-injection-v2,0.9709089284118331,0.9446093643730001
XSTest,4,66,83,134,167,zero_width,EXT:deberta-v3-base-prompt-injection-v2,1.0,1.0
XSTest,4,66,83,134,167,homoglyph,EXT:deberta-v3-base-prompt-injection-v2,0.9966038073107516,0.9951630579946147
XSTest,4,66,83,134,167,clean,EXT:toxic-bert,0.646885333809992,0.5703781027864432
XSTest,4,66,83,134,167,base64,EXT:toxic-bert,0.8757261596210565,0.7253564067640562
XSTest,4,66,83,134,167,leetspeak,EXT:toxic-bert,0.8560639914201447,0.6861585025104192
XSTest,4,66,83,134,167,rot13,EXT:toxic-bert,0.788587005094289,0.6124198142307659
XSTest,4,66,83,134,167,zero_width,EXT:toxic-bert,0.646885333809992,0.5703781027864432
XSTest,4,66,83,134,167,homoglyph,EXT:toxic-bert,0.9117883635713647,0.7784703560706886
